X,Y,objectid,crn,arrival_tm,automobile_count,belted_death_count,belted_susp_serious_inj_count,bicycle_count,bicycle_death_count,bicycle_susp_serious_inj_count,bus_count,chldpas_death_count,chldpas_susp_serious_inj_count,collision_type,comm_veh_count,cons_zone_spd_lim,county,crash_month,crash_year,day_of_week,dec_latitude,dec_longitude,dispatch_tm,district,driver_count_16yr,driver_count_17yr,driver_count_18yr,driver_count_19yr,driver_count_20yr,driver_count_50_64yr,driver_count_65_74yr,driver_count_75plus,est_hrs_closed,fatal_count,heavy_truck_count,horse_buggy_count,hour_of_day,illumination,injury_count,intersection_related_x,intersect_type,lane_closed,latitude,ln_close_dir,location_type,longitude,max_severity_level,mcycle_death_count,mcycle_susp_serious_inj_count,motorcycle_count,municipality,nonmotr_count,nonmotr_death_count,nonmotr_susp_serious_inj_count,ntfy_hiwy_maint,ped_count,ped_death_count,ped_susp_serious_inj_count,person_count,police_agcy,possible_inj_count,rdwy_surf_type_cd,relation_to_road,roadway_cleared,road_condition,sch_bus_ind,sch_zone_ind,secondary_crash,small_truck_count,spec_juris_cd,susp_minor_inj_count,susp_serious_inj_count,suv_count,tcd_func_cd,tcd_type,tfc_detour_ind,time_of_day,total_units,tot_inj_count,unbelted_occ_count,unb_death_count,unb_susp_serious_inj_count,unk_inj_deg_count,unk_inj_per_count,urban_rural,van_count,vehicle_count,weather1,weather2,workers_pres,work_zone_ind,work_zone_loc,work_zone_type,wz_close_detour,wz_flagger,wz_law_offcr_ind,wz_ln_closure,wz_moving,wz_other,wz_shlder_mdn,wz_workers_inj_killed,aggressive_driving,alcohol_related,angle_crash,atv,atv_route,backup_congestion,backup_nonrecurring,backup_prior,bicycle,cell_phone,child_passenger,comm_vehicle,core_network,cross_median,curved_road,curve_dvr_error,deer_related,distracted,drinking_driver,driver_16yr,driver_17yr,driver_18yr,driver_19yr,driver_20yr,driver_50_64yr,driver_65_74yr,driver_75plus,drugged_driver,drug_related,fatal,fatal_or_susp_serious_inj,fatigue_asleep,federal_aid_route,fire_in_vehicle,hazardous_truck,hit_barrier,hit_bridge,hit_deer,hit_embankment,hit_fixed_object,hit_gdrail,hit_gdrail_end,hit_parked_vehicle,hit_pole,hit_roadway_equipment,hit_run,hit_temp_construction_barrier,hit_traffic_island,hit_tree_shrub,hit_utility_pole,horse_buggy,ho_oppdir_sdswp,hvy_truck_related,icy_road,illegal_drug_related,illumination_dark,impaired_driver,impaired_nonmotorist,injury,injury_or_fatal,intersection,intersection_related_y,interstate,lane_departure,left_turn,limit_65mph,limit_70mph,local_road,local_road_only,marijuana_drugged_driver,marijuana_related,mature_driver,mc_drinking_driver,motorcycle,multiple_vehicle,nhtsa_agg_driving,non_intersection,no_clearance,opioid_related,other_freeway_expressway,overturned,pedestrian,phantom_vehicle,possible_injury,property_damage_only,psp_reported,ramp,ramp_segment,ramp_terminal,rear_end,roundabout,running_red_lt,running_stop_sign,rural,school_bus,school_bus_related,school_bus_unit,school_zone,shldr_related,signalized_int,single_vehicle,snowmobile,snow_slush_road,speeding,speeding_related,speed_change_lane,state_road,stop_controlled_int,sudden_deer,suspected_minor_injury,suspected_serious_injury,sv_run_off_rd,tailgating,train,train_trolley,trolley,turnpike,unbelted,underage_drnk_drv,unlicensed,unsignalized_int,urban,vehicle_failure,vehicle_towed,vulnerable_road_user,vulnerable_road_user_fatal,wet_road,work_zone,young_driver
-8366154.301,4876393.057,79,2020059751,,0,0,0,0,0,0,0,0,0,7,0,,46,7,2020,2,40.071871,-75.154441,,6,0,0,0,0,0,0,0,0,,0,0,0,,,1,N,0,,40 04:18.737,4,0,75 09:15.986,3,0,0,0,46102,0,0,0,N,0,0,0,2,46102,0,,4,1931,1,N,N,N,0,,1,0,1,,0,N,,2,1,0,0,0,0,0,2,0,1,,,,N,,,,,,,,,,,1,0,0,0,0,0,0,0,0,0,0,0,1,0,0,0,0,0,0,0,0,0,0,0,0,0,0,0,0,0,0,0,0,0,0,0,0,0,0,1,0,0,0,1,0,0,0,0,0,0,0,0,0,0,0,0,0,0,1,1,0,0,0,1,0,0,0,0,0,0,0,0,0,0,0,0,1,0,0,0,1,0,1,0,0,0,0,0,0,0,0,0,0,0,0,0,0,0,0,0,1,0,0,0,0,0,1,0,0,1,0,1,0,0,0,0,0,0,0,0,0,1,0,1,0,0,0,0,0
-8373856.053,4879453.939,80,2020059202,,1,0,0,0,0,0,0,0,0,0,0,,46,7,2020,6,40.092909,-75.223627,,6,0,0,0,0,1,0,0,0,,0,0,0,,,0,N,0,,40 05:34.471,1,0,75 13:25.057,0,0,0,0,46108,0,0,0,N,0,0,0,2,46108,0,,5,1627,9,N,N,N,0,,0,0,0,,0,N,,1,0,0,0,0,0,0,2,0,1,,,,N,,,,,,,,,,,1,0,0,0,0,0,0,0,0,0,0,0,0,0,0,0,0,0,0,0,0,0,0,1,0,0,0,0,0,0,0,0,0,0,0,0,0,0,0,0,0,0,0,1,0,0,0,0,0,1,0,0,0,0,0,0,0,0,0,0,0,0,0,1,0,0,0,0,0,0,0,0,0,0,0,0,1,0,0,0,0,0,0,0,1,0,0,0,0,0,0,0,0,0,0,0,0,0,0,0,1,0,0,0,1,0,1,0,0,0,0,1,0,0,0,0,0,0,0,0,0,1,0,1,0,0,1,0,1
-8374990.176,4865611.553,81,2020062369,,3,0,0,0,0,0,0,0,0,1,0,,46,7,2020,2,39.997716,-75.233815,,6,0,0,0,0,0,0,0,0,,0,0,0,,,0,N,0,,39 59:51.777,,0,75 14:01.733,0,0,0,0,46104,0,0,0,N,0,0,0,3,46104,0,,1,,1,N,N,Y,0,,0,0,0,,0,,,3,0,1,0,0,0,0,2,0,3,,,,N,,,,,,,,,,,0,0,0,0,0,0,0,0,0,0,0,0,1,0,0,0,0,0,0,0,0,0,0,0,0,0,0,0,0,0,0,0,0,0,0,0,0,0,0,0,0,0,0,0,0,0,0,0,0,0,0,0,0,0,0,0,0,0,0,0,0,0,0,0,0,0,0,0,0,0,0,0,0,0,1,0,1,0,0,0,0,0,0,0,1,0,0,0,0,1,0,0,0,0,0,0,0,0,0,0,0,0,0,0,0,0,1,0,0,0,0,0,0,0,0,0,0,1,0,0,0,1,0,1,0,0,0,0,0
-8374430.128,4865968.592,82,2020043786,,2,0,0,0,0,0,0,0,0,1,0,,46,5,2020,2,40.000173,-75.228784,,6,0,0,0,0,0,1,0,0,,0,0,0,,,1,N,0,,40 00:00.623,,0,75 13:43.621,3,0,0,0,46104,0,0,0,N,0,0,0,8,46104,0,,1,,1,N,N,N,0,,1,0,0,,2,,,2,1,2,0,0,0,0,2,0,2,,3,,N,,,,,,,,,,,0,0,0,0,0,0,0,0,0,0,1,0,0,0,0,0,0,0,0,0,0,0,0,0,1,0,0,0,0,0,0,0,0,0,0,0,0,0,0,0,0,0,0,0,0,1,0,0,0,0,0,0,0,0,0,0,0,0,1,1,0,0,0,0,0,0,0,1,1,0,0,0,0,0,1,0,1,0,0,0,0,0,0,0,0,0,0,0,0,1,0,0,0,0,0,0,0,0,0,0,0,0,0,0,0,0,0,0,0,1,0,0,0,0,0,0,0,1,0,0,0,1,0,1,0,0,0,0,0
-8372424.372,4867179.163,83,2020075870,,0,0,0,0,0,0,0,0,0,1,0,,46,9,2020,7,40.008503,-75.210766,,6,0,0,0,0,0,2,0,0,,0,0,0,,,0,N,0,,40 00:30.612,,0,75 12:38.757,0,0,0,0,46104,0,0,0,N,0,0,0,3,46104,0,,1,,1,N,N,N,0,,0,0,2,,2,,,2,0,0,0,0,0,0,2,0,2,,,,N,,,,,,,,,,,1,0,0,0,0,0,0,0,0,0,0,0,0,0,0,0,0,0,0,0,0,0,0,0,1,0,0,0,0,0,0,0,0,0,0,0,0,0,0,0,0,0,0,0,0,0,0,0,0,0,0,0,0,0,0,1,0,0,0,0,0,0,0,0,0,0,0,1,1,0,0,0,0,0,1,0,1,0,0,0,0,0,0,0,1,0,0,0,0,1,0,0,0,0,0,0,0,0,0,0,0,0,0,0,1,0,0,0,0,0,0,0,0,0,0,0,0,0,0,0,0,1,0,1,0,0,0,0,0
-8366114.56,4876371.964,84,2020049772,,2,0,0,0,0,0,0,0,0,4,0,,46,5,2020,1,40.071726,-75.154084,,6,0,0,0,0,0,0,1,0,,0,0,0,,,2,,1,,40 04:18.214,1,0,75 09:14.704,2,0,0,0,46102,0,0,0,N,0,0,0,2,46102,0,,1,815,1,N,N,N,0,,0,1,0,,2,Y,,2,2,1,0,1,1,0,2,0,2,,,,N,,,,,,,,,,,0,0,1,0,0,0,0,0,0,0,0,0,1,0,0,0,0,0,0,0,0,0,0,0,0,1,0,0,0,0,1,0,0,0,0,0,0,0,0,0,0,0,0,0,0,0,0,0,0,0,0,0,0,0,0,0,0,0,1,1,1,0,0,0,0,0,0,0,0,0,0,1,0,0,1,0,0,0,0,0,0,0,0,0,0,0,0,0,0,0,0,0,0,0,0,0,0,0,0,1,0,0,0,0,0,0,1,0,0,0,1,0,0,0,0,0,0,1,0,0,0,1,0,1,0,0,0,0,0
-8372430.272,4867201.399,85,2020005678,,0,0,0,0,0,0,0,0,0,4,0,,46,1,2020,4,40.008656,-75.210819,,6,0,0,0,0,0,2,0,0,,0,0,0,,,1,N,1,,40 00:31.160,,0,75 12:38.950,4,0,0,0,46104,0,0,0,N,0,0,0,2,46104,1,,1,,1,N,N,N,1,,0,0,1,,2,,,2,1,0,0,0,0,0,2,0,2,,,,N,,,,,,,,,,,1,0,1,0,0,0,0,0,0,0,0,0,1,0,0,0,0,0,0,0,0,0,0,0,1,0,0,0,0,0,0,0,0,0,0,0,0,0,0,0,0,0,0,0,0,0,0,0,0,0,0,0,0,0,0,0,0,0,1,1,1,0,0,0,0,0,0,1,0,0,0,0,0,0,1,0,0,0,0,0,0,0,0,1,0,0,0,0,0,0,0,1,0,0,0,0,0,0,0,1,0,0,0,0,0,0,1,0,0,0,0,0,0,0,0,0,0,0,0,0,0,1,0,1,0,0,0,0,0
-8374948.543,4865645.411,86,2020023570,,0,0,0,0,0,0,0,0,0,8,0,,46,2,2020,2,39.997949,-75.233441,,6,0,0,0,0,0,1,0,0,,0,0,0,,,1,N,0,,39 59:52.615,,0,75 14:00.386,4,0,0,0,46104,1,0,0,N,1,0,0,2,46104,1,,1,,1,N,N,N,0,,0,0,1,,2,,,2,1,1,0,0,0,0,2,0,1,,,,N,,,,,,,,,,,0,0,0,0,0,0,0,0,0,0,0,0,0,0,0,0,0,0,0,0,0,0,0,0,1,0,0,0,0,0,0,0,0,0,0,0,0,0,0,0,0,0,0,0,0,0,0,0,0,0,0,0,0,0,0,0,0,0,1,1,0,0,0,0,0,0,0,1,1,0,0,0,0,0,0,0,1,0,0,0,0,1,0,1,0,0,0,0,0,0,0,0,0,0,0,0,0,0,0,0,1,0,0,0,0,0,0,0,0,0,0,0,0,0,0,0,0,1,0,0,0,1,0,0,1,0,0,0,0
-8367627.281,4877492.294,87,2020025791,,1,0,0,0,0,0,0,0,0,1,0,,46,3,2020,6,40.079427,-75.167673,,6,0,0,0,0,0,0,0,0,,0,0,0,,,4,,1,,40 04:45.936,4,0,75 10:03.622,3,0,0,0,46102,0,0,0,N,0,0,0,5,46102,0,,1,2024,8,N,N,N,0,,4,0,2,,2,Y,,3,4,0,0,0,0,0,2,0,3,,,,N,,,,,,,,,,,0,0,0,0,0,0,0,0,0,0,0,0,0,0,0,0,0,0,0,0,0,0,0,0,0,0,0,1,1,0,0,0,0,0,0,0,0,0,0,0,0,0,0,0,0,0,0,0,0,0,0,0,0,0,1,1,1,0,1,1,1,0,0,0,0,0,0,1,0,0,0,0,0,0,1,0,0,0,0,0,0,0,0,0,0,0,0,0,0,1,0,0,0,0,0,0,0,0,0,1,0,0,0,0,0,0,1,0,0,1,0,0,0,0,0,0,0,0,0,0,0,1,0,1,0,0,1,0,0
-8374360.108,4866011.461,88,2020017030,,2,0,0,0,0,0,0,0,0,5,1,,46,1,2020,3,40.000468,-75.228155,,6,0,0,0,0,0,1,0,0,,0,1,0,,,2,N,0,,40 00:01.684,2,0,75 13:41.358,4,0,0,0,46104,0,0,0,N,0,0,0,5,46104,2,,1,1203,1,N,N,Y,1,,0,0,0,,2,N,,4,2,1,0,0,0,0,2,0,4,,,,N,,,,,,,,,,,1,0,0,0,0,0,0,0,0,0,0,1,1,0,0,0,0,0,0,0,0,0,0,0,1,0,0,1,1,0,0,0,0,0,0,0,0,0,0,0,0,0,0,0,0,0,0,0,0,0,0,0,1,0,1,0,1,0,1,1,0,0,0,0,0,0,0,0,0,0,0,0,0,0,1,1,1,0,0,0,0,0,0,1,0,0,0,0,0,0,0,0,0,0,0,0,0,0,0,0,0,0,0,0,1,0,1,0,0,0,0,0,0,0,0,0,0,1,0,0,0,1,0,1,0,0,0,0,0
-8363319.771,4874251.089,89,2020064330,,2,0,0,0,0,0,0,0,0,4,0,,46,8,2020,4,40.057145,-75.128978,,6,0,0,0,0,0,0,0,0,,0,0,0,,,0,,1,,40 03:25.722,4,0,75 07:44.320,0,0,0,0,46102,0,0,0,N,0,0,0,2,46102,0,,1,1750,1,N,N,N,0,,0,0,0,,2,N,,2,0,0,0,0,0,0,2,0,2,,3,,N,,,,,,,,,,,1,0,1,0,0,0,0,0,0,0,0,0,0,0,0,0,0,0,0,0,0,0,0,0,0,0,0,0,0,0,0,0,0,0,0,0,0,0,0,0,0,0,0,0,0,0,0,0,0,0,0,0,0,0,0,0,0,0,0,0,1,0,0,0,1,0,0,1,0,0,0,0,0,0,1,0,0,0,0,0,0,0,0,0,1,0,0,0,0,0,0,1,0,0,0,0,0,0,0,1,0,0,0,0,0,0,1,0,0,0,0,0,0,0,0,0,0,0,0,0,0,1,1,1,0,0,0,0,0
-8372728.164,4878607.948,90,2020026742,332,0,0,0,0,0,0,0,0,0,7,0,,46,3,2020,5,40.087095,-75.213495,330,6,0,0,0,0,0,1,0,0,,0,0,0,,,0,,2,,40 05:13.541,,0,75 12:48.581,0,0,0,0,46108,0,0,0,N,0,0,0,1,46108,0,,5,,1,N,N,N,1,,0,0,0,,0,,,1,0,0,0,0,0,0,2,0,1,,,,N,,,,,,,,,,,0,0,0,0,0,0,0,0,0,0,0,0,0,0,0,0,0,0,0,0,0,0,0,0,1,0,0,0,0,0,0,0,0,0,0,0,0,0,0,1,0,0,0,1,0,0,0,0,0,1,0,0,0,0,0,1,0,0,0,0,1,0,0,0,0,0,0,1,0,0,0,0,0,0,0,0,0,0,0,0,0,0,0,0,1,0,0,0,0,0,0,0,0,0,0,0,0,0,0,0,1,0,0,0,1,0,1,0,0,0,0,1,0,0,0,0,0,0,0,0,1,1,0,1,0,0,0,0,0
-8377234.489,4864243.821,91,2020067089,1044,0,0,0,0,0,0,0,0,0,7,0,,46,8,2020,2,39.988303,-75.253976,1040,6,0,0,0,0,0,1,0,0,,0,0,0,,,0,,1,,39 59:17.892,,7,75 15:14.313,0,0,0,0,46104,0,0,0,N,0,0,0,1,46104,0,,5,,1,N,N,N,0,,0,0,1,,0,,,1,0,0,0,0,0,0,2,0,1,,,,N,,,,,,,,,,,0,0,0,0,0,0,0,0,0,0,0,0,1,0,0,0,0,0,0,0,0,0,0,0,1,0,0,0,0,0,0,0,0,0,0,0,0,0,0,1,0,0,0,0,0,0,0,0,0,0,0,0,0,0,0,0,0,0,0,0,1,0,0,0,0,0,0,1,0,0,0,0,0,0,0,0,0,0,0,0,0,0,0,0,1,0,0,0,0,0,0,0,0,0,0,0,0,0,0,0,1,0,0,0,0,0,1,0,0,0,0,1,0,0,0,0,0,0,0,0,1,1,1,1,0,0,0,0,0
-8374665.568,4865817.173,92,2020067091,2143,1,0,0,0,0,0,0,0,0,0,0,,46,8,2020,6,39.999131,-75.230899,2141,6,0,0,0,0,0,1,0,0,,0,0,0,,,0,,1,,39 59:56.871,,0,75 13:51.236,0,0,0,0,46104,0,0,0,N,0,0,0,1,46104,0,,1,,1,N,N,N,0,,0,0,0,,2,,,1,0,0,0,0,0,0,2,0,1,,3,,N,,,,,,,,,,,0,0,0,0,0,0,0,0,0,0,0,0,1,0,0,0,0,0,0,0,0,0,0,0,1,0,0,0,0,0,0,0,0,1,0,0,0,0,0,0,0,0,0,0,0,0,0,0,0,0,0,0,0,0,0,1,0,0,0,0,1,0,0,0,0,0,0,1,0,0,0,0,0,0,0,0,0,0,0,0,0,0,0,0,1,0,0,0,0,0,0,0,0,0,0,0,0,0,0,1,1,0,0,0,0,0,1,0,0,0,0,1,0,0,0,0,0,0,0,0,0,1,0,1,0,0,0,0,0
-8364631.115,4875262.234,93,2020022666,5,2,0,0,0,0,0,0,0,0,1,0,,46,2,2020,1,40.064097,-75.140758,2,6,0,0,0,0,0,0,0,0,,0,0,0,,,1,,1,,40 03:50.750,4,0,75 08:26.727,3,0,0,0,46102,0,0,0,N,0,0,0,2,46102,0,,1,45,1,N,N,N,0,,1,0,0,,2,N,,2,1,0,0,0,0,1,2,0,2,,,,N,,,,,,,,,,,0,0,0,0,0,0,0,0,0,0,0,0,1,0,0,0,0,0,0,0,0,0,0,0,0,0,0,0,0,0,0,0,0,0,0,0,0,0,0,0,0,0,0,0,0,1,0,0,0,0,0,0,0,0,0,1,0,0,1,1,1,0,0,0,0,0,0,1,0,0,0,0,0,0,1,0,0,0,0,0,0,0,0,0,0,0,0,0,0,1,0,0,0,0,0,0,0,0,0,1,0,0,0,0,0,0,1,0,0,1,0,0,0,0,0,0,0,0,0,0,0,1,0,1,0,0,0,0,0
-8372430.272,4867201.399,94,2020016728,200,1,0,0,0,0,0,0,0,0,7,0,,46,2,2020,6,40.008656,-75.210819,159,6,0,0,0,0,0,0,0,0,,0,0,0,,,0,N,1,,40 00:31.160,2,0,75 12:38.950,9,0,0,0,46104,0,0,0,N,0,0,0,1,46104,0,,2,247,9,N,N,N,0,,0,0,0,,2,N,,1,0,0,0,0,0,1,2,0,1,,,,N,,,,,,,,,,,0,0,0,0,0,0,0,0,0,0,0,0,1,0,0,0,0,0,0,0,0,0,0,0,0,0,0,0,0,0,0,0,0,0,0,0,0,0,0,1,0,0,0,1,0,1,0,0,0,0,0,0,0,0,0,1,0,0,0,0,1,0,0,0,0,0,0,1,0,0,0,0,0,0,0,0,0,0,0,0,1,0,0,0,0,0,0,0,0,0,0,0,0,0,0,0,0,0,0,1,1,0,0,0,0,0,1,0,0,0,0,1,0,0,0,0,0,0,0,0,0,1,0,1,0,0,1,0,0
-8379501.956,4862742.192,95,2020052955,937,1,0,0,0,0,0,0,0,0,8,0,,46,4,2020,3,39.977967,-75.274345,905,6,0,0,0,0,0,0,0,0,,1,0,0,,,0,N,0,,39 58:40.681,5,0,75 16:27.641,1,0,0,0,46104,1,1,0,N,1,1,0,2,46104,0,2,1,1152,1,N,N,N,0,0,0,0,0,,0,Y,,2,0,1,0,0,0,0,2,0,1,,3,,N,,,,,,,,,,,1,0,0,0,0,0,0,0,0,0,0,0,1,0,0,0,0,0,0,0,0,0,0,0,0,0,0,0,1,1,1,0,0,0,0,0,0,0,0,0,0,0,0,0,0,0,0,0,0,0,0,0,0,0,1,0,0,0,0,1,0,0,0,0,0,0,0,0,0,0,0,0,0,0,0,0,1,0,0,0,0,1,0,0,0,0,0,0,0,0,0,0,0,0,0,0,0,0,0,0,1,0,0,1,1,0,1,0,0,0,0,0,0,0,0,0,0,1,0,0,0,1,0,1,1,1,0,0,0
-8368072.559,4877835.503,96,2020008562,1513,2,0,0,0,0,0,0,0,0,4,0,,46,1,2020,6,40.081786,-75.171673,1500,6,0,0,0,0,0,0,0,0,,0,0,0,,,0,,2,,40 04:54.429,2,0,75 10:18.021,0,0,0,0,46102,0,0,0,N,0,0,0,2,46102,0,,1,1555,1,N,N,N,0,,0,0,0,,0,N,,2,0,0,0,0,0,0,2,0,2,,3,,N,,,,,,,,,,,1,0,1,0,0,0,0,0,0,0,0,0,0,0,0,0,0,0,0,0,0,0,0,0,0,0,0,0,0,0,0,0,0,0,0,0,0,0,0,0,0,0,0,0,0,0,0,0,0,0,0,0,0,0,0,0,0,0,0,0,1,0,0,0,1,0,0,1,0,0,0,0,0,0,1,0,0,0,0,0,0,0,0,0,1,0,0,0,0,0,0,0,0,0,0,0,0,0,0,0,0,0,0,0,0,0,1,0,0,0,0,0,0,0,0,0,0,0,0,0,1,1,0,1,0,0,0,0,0
-8372764.676,4866994.879,97,2020049632,1908,3,0,0,0,0,0,0,0,0,4,0,,46,5,2020,3,40.007235,-75.213823,1906,6,0,0,0,0,0,0,0,0,,0,0,0,,,1,,1,,40 00:26.046,2,0,75 12:49.762,3,0,0,0,46104,0,0,0,N,0,0,0,4,46104,0,,1,1925,1,N,N,Y,0,,1,0,0,,2,N,,3,1,0,0,0,0,0,2,0,3,,3,,N,,,,,,,,,,,1,0,1,0,0,0,0,0,0,0,0,0,1,0,0,0,0,0,0,0,0,0,0,0,0,0,0,0,0,0,0,0,0,0,0,0,0,0,0,0,0,0,0,0,0,0,0,0,0,0,0,0,0,0,0,0,0,0,1,1,1,0,0,0,1,0,0,1,0,0,0,0,0,0,1,0,0,0,0,0,0,0,0,0,0,0,0,0,0,0,0,0,0,0,0,0,0,0,0,1,0,0,0,0,0,0,1,0,0,1,0,0,0,0,0,0,0,0,0,0,0,1,0,1,0,0,0,0,0
-8364631.115,4875262.234,98,2020008567,1627,1,0,0,0,0,0,0,0,0,1,0,,46,1,2020,7,40.064097,-75.140758,1625,6,0,0,0,0,0,0,1,0,,0,0,0,,,0,,1,,40 03:50.750,4,0,75 08:26.727,0,0,0,0,46102,0,0,0,N,0,0,0,2,46102,0,,1,1715,2,N,N,N,0,,0,0,1,,2,N,,2,0,0,0,0,0,0,2,0,2,,,,N,,,,,,,,,,,1,0,0,0,0,0,0,0,0,0,0,0,1,0,0,0,0,0,0,0,0,0,0,0,0,1,0,0,0,0,0,0,0,0,0,0,0,0,0,0,0,0,0,0,0,0,0,0,0,0,0,0,0,1,0,0,0,0,0,0,1,0,0,0,0,0,0,1,0,0,0,1,0,0,1,0,0,0,0,0,0,0,0,0,1,0,0,0,0,1,0,0,0,0,0,0,0,0,0,1,0,0,0,0,1,0,1,0,0,0,0,0,0,0,0,0,0,0,0,0,0,1,1,1,0,0,0,0,0
-8368072.559,4877835.503,99,2020012938,857,1,0,0,0,0,0,0,0,0,4,0,,46,1,2020,1,40.081786,-75.171673,854,6,0,0,0,0,0,0,0,1,,0,0,0,,,1,,1,,40 04:54.429,2,0,75 10:18.021,3,0,0,0,46102,0,0,0,N,0,0,0,2,46102,0,,1,931,1,N,N,N,0,,1,0,1,,2,N,,2,1,0,0,0,0,0,2,0,2,,3,,N,,,,,,,,,,,0,0,1,0,0,0,0,0,0,0,0,0,0,0,0,0,0,0,0,0,0,0,0,0,0,0,1,0,0,0,0,0,0,0,0,0,0,0,0,0,0,0,0,0,0,0,0,0,0,0,0,0,0,0,0,0,0,0,1,1,1,0,0,0,0,0,0,1,0,0,0,1,0,0,1,0,0,0,0,0,0,0,0,0,0,0,0,0,0,0,0,0,0,0,0,0,0,0,0,1,0,0,0,0,0,0,1,0,0,1,0,0,0,0,0,0,0,0,0,0,0,1,0,1,0,0,0,0,0
-8374948.543,4865645.411,100,2020053753,1308,2,0,0,0,0,0,0,0,0,4,0,35,46,7,2020,2,39.997949,-75.233441,1304,6,0,0,0,0,0,0,0,0,,0,0,0,,,0,N,0,,39 59:52.615,2,7,75 14:00.386,0,0,0,0,46104,0,0,0,N,0,0,0,3,46104,0,,1,1440,9,N,N,N,0,,0,0,0,,0,N,,2,0,0,0,0,0,0,2,0,2,,7,Y,Y,1,2,N,N,Y,Y,N,N,N,N,1,0,1,0,0,0,0,0,0,0,0,0,0,0,0,0,0,0,0,0,0,0,0,0,0,0,0,0,0,0,0,0,0,0,0,0,0,0,0,0,0,0,0,0,0,0,0,0,0,0,0,0,0,0,0,0,0,0,0,0,0,0,0,0,1,0,0,1,1,0,0,0,0,0,1,0,1,0,0,0,0,0,0,0,1,0,0,0,0,0,0,0,0,0,0,0,0,0,0,0,0,0,0,0,0,0,0,0,0,0,0,0,0,0,0,0,0,0,0,0,0,1,0,1,0,0,1,1,0
-8370202.101,4876729.391,101,2020092254,2132,2,0,0,0,0,0,0,0,0,4,0,,46,10,2020,7,40.074183,-75.190803,2130,6,0,0,0,0,0,1,0,1,,0,0,0,,,2,,1,,40 04:27.057,1,0,75 11:26.889,8,0,0,0,46108,0,0,0,N,0,0,0,3,46108,0,,1,2208,1,N,N,N,0,,0,0,0,,0,Y,,2,2,0,0,0,2,0,2,0,2,,,,N,,,,,,,,,,,1,1,1,0,0,0,0,0,0,0,0,0,0,0,0,0,0,0,1,0,0,0,0,0,1,0,1,0,0,0,0,0,0,0,0,0,0,0,0,0,0,0,0,0,0,0,0,0,0,0,0,0,0,0,0,1,1,0,1,1,1,0,0,0,0,0,0,1,0,0,0,1,0,0,1,0,0,0,0,0,0,0,0,0,0,0,0,0,0,0,0,1,0,0,0,0,0,0,0,0,0,0,0,0,0,0,1,0,0,0,0,0,0,0,0,0,0,0,0,0,1,1,0,1,0,0,0,0,0
-8366412.562,4876584.353,102,2020098966,1017,1,0,0,0,0,0,0,0,0,4,0,,46,11,2020,1,40.073186,-75.156761,1016,6,0,0,0,0,1,0,0,0,,0,0,0,,,2,Y,0,,40 04:23.470,4,7,75 09:24.340,8,0,0,0,46102,0,0,0,N,0,0,0,3,46102,0,,1,1100,1,N,N,N,0,,0,0,1,,0,N,,2,2,0,0,0,2,1,2,0,2,,3,,N,,,,,,,,,,,1,0,1,0,0,0,0,0,0,0,0,0,1,0,0,0,0,0,0,0,0,0,0,1,0,0,0,0,0,0,0,0,0,0,0,0,0,0,0,0,0,0,0,0,0,0,0,0,0,0,0,0,0,0,0,0,0,0,1,1,0,0,0,0,0,0,0,0,0,0,0,0,0,0,1,0,1,0,0,0,0,0,0,0,0,0,0,0,0,0,0,0,0,0,0,0,0,0,0,0,0,0,0,0,0,0,1,0,0,0,0,0,0,0,0,0,0,0,0,0,0,1,0,1,0,0,0,0,1
-8361471.199,4872855.118,103,2020077952,24,1,0,0,0,0,0,0,0,0,7,0,,46,9,2020,1,40.047546,-75.112372,20,6,0,0,0,0,0,0,0,0,,0,0,0,,,1,,2,,40 02:51.167,,0,75 06:44.539,4,0,0,0,46102,0,0,0,N,0,0,0,1,46102,1,,2,,1,N,N,N,0,,0,0,0,3,2,,,1,1,0,0,0,0,0,2,0,1,,3,,N,,,,,,,,,,,1,0,0,0,0,0,0,0,0,0,0,0,0,0,1,0,1,0,0,0,0,0,0,0,0,0,0,0,0,0,0,0,0,0,0,0,0,0,0,1,0,0,0,0,0,0,0,0,0,0,0,0,0,0,0,1,0,0,1,1,1,0,0,0,1,0,0,1,1,0,0,0,0,0,0,0,0,0,0,0,0,0,0,1,0,0,0,0,0,0,0,0,0,0,0,0,0,0,0,1,1,0,0,0,0,0,0,0,1,0,0,1,0,0,0,0,0,0,0,0,0,1,0,1,0,0,0,0,0
-8366820.659,4876890.87,104,2020098968,1520,0,0,0,0,0,0,0,0,0,3,1,,46,11,2020,2,40.075293,-75.160427,1516,6,0,0,0,0,0,2,0,0,,0,1,0,,,2,,1,,40 04:31.053,2,0,75 09:37.536,8,0,0,0,46102,0,0,0,N,0,0,0,3,46102,0,,1,25,1,N,N,N,0,,0,0,1,3,2,N,,2,2,0,0,0,2,0,2,0,2,,,,N,,,,,,,,,,,0,0,0,0,0,0,0,0,0,0,0,1,0,0,0,0,0,0,0,0,0,0,0,0,1,0,0,0,0,0,0,0,0,0,0,0,0,0,0,0,0,0,0,0,0,0,0,0,0,0,0,0,1,0,0,0,0,0,1,1,1,0,0,0,0,0,0,1,0,0,0,0,0,0,1,0,0,0,0,0,0,0,0,0,0,0,0,0,0,0,0,0,0,0,0,0,0,0,0,1,0,0,0,0,0,0,1,0,0,0,0,0,0,0,0,0,0,0,0,0,0,1,0,0,0,0,0,0,0