X,Y,objectid,crn,arrival_tm,automobile_count,belted_death_count,belted_susp_serious_inj_count,bicycle_count,bicycle_death_count,bicycle_susp_serious_inj_count,bus_count,chldpas_death_count,chldpas_susp_serious_inj_count,collision_type,comm_veh_count,cons_zone_spd_lim,county,crash_month,crash_year,day_of_week,dec_latitude,dec_longitude,dispatch_tm,district,driver_count_16yr,driver_count_17yr,driver_count_18yr,driver_count_19yr,driver_count_20yr,driver_count_50_64yr,driver_count_65_74yr,driver_count_75plus,est_hrs_closed,fatal_count,heavy_truck_count,horse_buggy_count,hour_of_day,illumination,injury_count,intersection_related_x,intersect_type,lane_closed,latitude,ln_close_dir,location_type,longitude,max_severity_level,mcycle_death_count,mcycle_susp_serious_inj_count,motorcycle_count,municipality,nonmotr_count,nonmotr_death_count,nonmotr_susp_serious_inj_count,ntfy_hiwy_maint,ped_count,ped_death_count,ped_susp_serious_inj_count,person_count,police_agcy,possible_inj_count,rdwy_surf_type_cd,relation_to_road,roadway_cleared,road_condition,sch_bus_ind,sch_zone_ind,secondary_crash,small_truck_count,spec_juris_cd,susp_minor_inj_count,susp_serious_inj_count,suv_count,tcd_func_cd,tcd_type,tfc_detour_ind,time_of_day,total_units,tot_inj_count,unbelted_occ_count,unb_death_count,unb_susp_serious_inj_count,unk_inj_deg_count,unk_inj_per_count,urban_rural,van_count,vehicle_count,weather1,weather2,workers_pres,work_zone_ind,work_zone_loc,work_zone_type,wz_close_detour,wz_flagger,wz_law_offcr_ind,wz_ln_closure,wz_moving,wz_other,wz_shlder_mdn,wz_workers_inj_killed,aggressive_driving,alcohol_related,angle_crash,atv,atv_route,backup_congestion,backup_nonrecurring,backup_prior,bicycle,cell_phone,child_passenger,comm_vehicle,core_network,cross_median,curved_road,curve_dvr_error,deer_related,distracted,drinking_driver,driver_16yr,driver_17yr,driver_18yr,driver_19yr,driver_20yr,driver_50_64yr,driver_65_74yr,driver_75plus,drugged_driver,drug_related,fatal,fatal_or_susp_serious_inj,fatigue_asleep,federal_aid_route,fire_in_vehicle,hazardous_truck,hit_barrier,hit_bridge,hit_deer,hit_embankment,hit_fixed_object,hit_gdrail,hit_gdrail_end,hit_parked_vehicle,hit_pole,hit_roadway_equipment,hit_run,hit_temp_construction_barrier,hit_traffic_island,hit_tree_shrub,hit_utility_pole,horse_buggy,ho_oppdir_sdswp,hvy_truck_related,icy_road,illegal_drug_related,illumination_dark,impaired_driver,impaired_nonmotorist,injury,injury_or_fatal,intersection,intersection_related_y,interstate,lane_departure,left_turn,limit_65mph,limit_70mph,local_road,local_road_only,marijuana_drugged_driver,marijuana_related,mature_driver,mc_drinking_driver,motorcycle,multiple_vehicle,nhtsa_agg_driving,non_intersection,no_clearance,opioid_related,other_freeway_expressway,overturned,pedestrian,phantom_vehicle,possible_injury,property_damage_only,psp_reported,ramp,ramp_segment,ramp_terminal,rear_end,roundabout,running_red_lt,running_stop_sign,rural,school_bus,school_bus_related,school_bus_unit,school_zone,shldr_related,signalized_int,single_vehicle,snowmobile,snow_slush_road,speeding,speeding_related,speed_change_lane,state_road,stop_controlled_int,sudden_deer,suspected_minor_injury,suspected_serious_injury,sv_run_off_rd,tailgating,train,train_trolley,trolley,turnpike,unbelted,underage_drnk_drv,unlicensed,unsignalized_int,urban,vehicle_failure,vehicle_towed,vulnerable_road_user,vulnerable_road_user_fatal,wet_road,work_zone,young_driver
-8364187.507,4874926.241,157,2020102710,304,0,0,0,0,0,0,0,0,0,7,0,,46,11,2020,5,40.061787,-75.136773,258,6,0,0,0,0,0,0,0,0,,0,0,0,,,0,N,0,,40 03:42.433,4,0,75 08:12.382,0,0,0,0,46102,0,0,0,N,0,0,0,1,46102,0,,3,400,9,N,N,N,0,,0,0,1,,0,Y,,1,0,1,0,0,0,0,2,0,1,,,,N,,,,,,,,,,,0,0,0,0,0,0,0,0,0,0,0,0,1,0,0,0,0,0,0,0,0,0,0,0,0,0,0,0,0,0,0,0,0,0,0,0,0,0,0,1,0,1,0,1,0,1,0,0,0,1,0,0,0,0,0,1,0,0,0,0,0,0,0,1,0,0,0,0,0,0,0,0,0,0,0,0,1,0,0,0,0,0,0,0,1,0,0,0,0,0,0,0,0,0,0,0,0,0,0,0,1,0,0,0,0,0,1,0,0,0,0,1,0,0,0,0,0,1,0,0,0,1,0,1,0,0,1,0,0
-8367067.455,4877068.354,158,2020051746,1140,3,0,0,0,0,0,0,0,0,1,0,,46,7,2020,5,40.076513,-75.162644,1133,6,0,0,1,0,0,0,0,0,,0,0,0,,,2,N,0,,40 04:35.445,,0,75 09:45.519,3,0,0,0,46102,0,0,0,N,0,0,0,2,67301,0,,6,,1,N,N,N,0,,2,0,0,,0,,,3,2,2,0,0,0,0,2,0,3,,3,,N,,,,,,,,,,,0,0,0,0,0,0,0,0,0,0,0,0,0,0,0,0,0,0,0,0,0,1,0,0,0,0,0,0,0,0,0,0,0,0,0,0,0,0,0,0,0,0,1,0,0,0,0,0,0,0,0,0,0,0,0,0,0,0,1,1,0,0,0,0,0,0,0,0,0,0,0,0,0,0,1,0,1,0,0,0,0,0,0,0,0,0,0,0,0,1,0,0,0,0,0,0,0,0,0,0,0,0,0,0,0,0,1,0,0,1,0,0,0,0,0,0,0,1,0,0,0,1,0,1,0,0,0,0,1
-8359020.277,4875436.053,159,2020089926,1220,2,0,0,0,0,0,0,0,0,4,0,,46,10,2020,1,40.065292,-75.090355,1216,6,0,0,1,0,0,0,0,0,,0,0,0,,,1,,1,,40 03:55.052,,0,75 05:25.277,3,0,0,0,46102,0,0,0,N,0,0,0,3,46102,0,,1,,1,N,N,N,0,,1,0,0,,2,,,2,1,0,0,0,0,0,2,0,2,,,,N,,,,,,,,,,,1,0,1,0,0,0,0,0,0,0,0,0,0,0,0,0,0,0,0,0,0,1,0,0,0,0,0,0,0,0,0,0,0,0,0,0,0,0,0,0,0,0,0,0,0,0,0,0,0,0,0,0,0,0,0,0,0,0,1,1,1,0,0,0,1,0,0,1,0,0,0,0,0,0,1,0,0,0,0,0,0,0,0,0,0,0,0,0,0,0,0,0,0,0,0,0,0,0,0,1,0,0,0,0,0,0,1,0,0,1,0,0,0,0,0,0,0,0,0,0,0,1,0,1,0,0,0,0,1
-8366556.387,4876709.461,160,2020088254,2013,0,0,0,0,0,0,0,0,0,8,0,,46,9,2020,1,40.074046,-75.158053,2011,6,0,0,0,0,0,0,0,0,,1,0,0,,,0,N,0,,40 04:26.566,6,0,75 09:28.989,1,0,0,0,46102,1,1,0,N,1,1,0,2,46102,0,2,1,1,1,N,N,N,0,0,0,0,1,,0,Y,,2,0,0,0,0,0,0,2,0,1,,3,,N,,,,,,,,,,,0,0,0,0,0,0,0,0,0,0,0,0,1,0,0,0,0,0,0,0,0,0,0,0,0,0,0,0,0,1,1,0,0,0,0,0,0,0,0,0,0,0,0,0,0,1,0,0,0,0,0,0,0,0,0,1,0,0,0,1,0,0,0,0,0,0,0,0,0,0,0,0,0,0,0,0,1,0,0,0,0,1,0,0,0,0,0,0,0,0,0,0,0,0,0,0,0,0,0,0,1,0,0,0,0,0,1,0,0,0,0,0,0,0,0,0,0,0,0,0,0,1,0,0,1,1,0,0,0
-8372430.272,4867201.399,161,2020071018,1402,2,0,0,0,0,0,0,0,0,4,0,,46,8,2020,4,40.008656,-75.210819,1402,6,0,0,0,0,0,0,0,0,,0,0,0,,,1,,1,,40 00:31.160,,0,75 12:38.950,4,0,0,0,46104,0,0,0,N,0,0,0,3,46104,1,,1,,1,N,N,N,0,,0,0,0,,2,,,2,1,0,0,0,0,0,2,0,2,,3,,N,,,,,,,,,,,0,0,1,0,0,0,0,0,0,0,0,0,1,0,0,0,0,0,0,0,0,0,0,0,0,0,0,0,0,0,0,0,0,0,0,0,0,0,0,0,0,0,0,0,0,0,0,0,0,0,0,0,0,0,0,0,0,0,1,1,1,0,0,0,1,0,0,1,0,0,0,0,0,0,1,0,0,0,0,0,0,0,0,1,0,0,0,0,0,0,0,0,0,0,0,0,0,0,0,1,0,0,0,0,0,0,1,0,0,0,0,0,0,0,0,0,0,0,0,0,0,1,0,0,0,0,0,0,0
-8372430.272,4867201.399,162,2020073122,1913,4,0,0,0,0,0,0,0,0,4,0,,46,8,2020,5,40.008656,-75.210819,1911,6,0,0,0,1,0,1,1,0,,0,0,0,,,1,,1,,40 00:31.160,2,0,75 12:38.950,3,0,0,0,46104,0,0,0,N,0,0,0,4,46104,0,,1,2020,1,N,N,N,0,,1,0,0,,2,N,,4,1,0,0,0,0,0,2,0,4,,3,,N,,,,,,,,,,,1,0,1,0,0,0,0,0,0,0,0,0,1,0,0,0,0,0,0,0,0,0,1,0,1,1,0,0,0,0,0,0,0,0,0,0,0,0,0,0,0,0,0,0,0,0,0,0,0,0,0,0,0,0,0,0,0,0,1,1,1,0,0,0,0,0,0,1,0,0,0,1,0,0,1,0,0,0,0,0,0,0,0,0,0,0,0,0,0,0,0,1,0,0,0,0,0,0,0,1,0,0,0,0,0,0,1,0,0,1,0,0,0,0,0,0,0,0,0,0,0,1,0,1,0,0,0,0,1
-8377429.187,4864129.913,163,2020060769,2030,0,0,0,0,0,0,0,0,0,8,0,,46,7,2020,5,39.987519,-75.255725,2025,6,0,0,0,0,0,0,0,0,,0,0,0,,,1,,1,,39 59:15.068,,0,75 15:20.609,3,0,0,0,46104,1,0,0,N,1,0,0,2,46104,0,,1,,1,N,N,N,1,,1,0,0,,0,,,2,1,1,0,0,0,1,2,0,1,,,,N,,,,,,,,,,,0,0,0,0,0,0,0,0,0,0,0,0,1,0,0,0,0,0,0,0,0,0,0,0,0,0,0,0,0,0,0,0,0,0,0,0,0,0,0,0,0,0,0,0,0,1,0,0,0,0,,0,0,0,0,0,0,0,1,1,1,0,0,0,0,0,0,1,0,0,0,0,0,0,0,0,0,0,0,0,0,1,0,0,0,0,0,0,0,0,0,0,0,0,0,0,0,0,0,0,1,0,0,0,0,0,1,0,0,1,0,0,0,0,0,0,0,1,0,0,1,1,0,0,1,0,0,0,0
-8379261.061,4862867.997,164,2020086805,,1,0,0,0,0,0,0,0,0,8,0,,46,10,2020,5,39.978833,-75.272181,1430,6,0,0,0,0,0,0,1,0,,0,0,0,,,1,,2,,39 58:43.799,,7,75 16:19.853,3,0,0,0,46104,1,0,0,N,1,0,0,2,67301,0,,1,,1,N,N,N,0,,1,0,0,,2,,,2,1,0,0,0,0,0,2,0,1,,,,N,,,,,,,,,,,1,0,0,0,0,0,0,0,0,0,0,0,1,0,0,0,0,0,0,0,0,0,0,0,0,1,0,0,0,0,0,0,0,0,0,0,0,0,0,0,0,0,0,0,0,0,0,0,0,0,0,0,0,0,0,0,0,0,1,1,1,0,0,0,0,0,0,1,0,0,0,1,0,0,0,0,0,0,0,0,0,1,0,0,0,0,0,0,0,0,0,0,0,0,0,0,0,0,0,1,1,0,0,0,0,0,1,0,0,1,0,0,0,0,0,0,0,0,0,0,0,1,0,0,1,0,0,0,0
-8362906.887,4873930.692,165,2020112941,,1,0,0,0,0,0,0,0,0,1,0,,46,1,2020,7,40.054942,-75.125269,,6,0,0,0,0,0,0,0,0,,0,0,0,,,1,N,0,,40 03:17.790,,0,75 07:30.968,8,0,0,0,46102,0,0,0,N,0,0,0,2,0,0,,1,,2,,,N,1,,0,0,0,0,0,,,2,1,0,0,0,1,0,2,0,2,,,,N,,,,,,,,,,,0,0,0,0,0,0,0,0,0,0,0,0,0,0,0,0,0,0,0,0,0,0,0,0,0,0,0,0,0,0,0,0,0,0,0,0,0,0,0,0,0,0,0,0,0,0,0,0,0,0,0,0,0,1,0,0,0,0,1,1,0,0,0,0,0,0,0,0,0,0,0,0,0,0,1,0,1,0,0,0,0,0,0,0,0,0,0,0,0,1,0,0,0,0,0,0,0,0,0,0,0,0,0,0,0,0,1,0,0,0,0,0,0,0,0,0,0,0,0,0,0,1,0,0,0,0,0,0,0
-8367192.912,4877155.643,166,2020113911,1920,2,0,0,0,0,0,1,0,0,5,1,,46,12,2020,2,40.077113,-75.163771,1900,6,0,0,1,0,0,1,0,0,,0,0,0,,,1,N,0,,40 04:37.608,,0,75 09:49.577,3,0,0,0,46102,0,0,0,N,0,0,0,3,67508,0,,1,,1,N,N,Y,1,,1,0,0,0,0,,,4,1,0,0,0,0,0,2,0,4,,3,,N,,,,,,,,,,,1,0,0,0,0,0,0,0,0,0,0,1,0,0,0,0,0,0,0,0,0,1,0,0,1,0,0,0,0,0,0,0,0,0,0,0,0,0,0,0,0,0,1,0,0,0,0,0,0,0,0,0,0,0,0,1,0,0,1,1,0,0,0,0,0,0,0,0,0,0,0,0,0,0,1,0,1,0,0,0,0,0,0,0,0,0,0,0,0,0,0,0,0,0,0,0,0,0,0,0,0,0,0,0,0,0,1,0,0,1,0,0,0,0,0,0,0,0,0,0,0,1,0,1,0,0,0,0,1
-8368606.113,4878246.671,167,2020089415,1816,1,0,0,0,0,0,0,0,0,4,0,,46,10,2020,6,40.084612,-75.176466,1807,6,0,0,0,0,0,0,0,0,,0,0,0,17,,1,,2,,40 05:04.604,,0,75 10:35.277,8,0,0,0,46108,0,0,0,N,0,0,0,2,67301,0,,1,,1,N,N,N,0,,0,0,1,,3,,1746,2,1,0,0,0,1,0,2,0,2,,3,,N,,,,,,,,,,,1,0,1,0,0,0,0,0,0,0,0,0,0,0,0,0,0,0,0,0,0,0,0,0,0,0,0,0,0,0,0,0,0,0,0,0,0,0,0,0,0,0,0,0,0,0,0,0,0,0,0,0,0,0,0,1,0,0,1,1,1,0,0,0,1,0,0,1,0,0,0,0,0,0,1,0,0,0,0,0,0,0,0,0,0,0,0,0,0,0,0,0,0,0,0,0,0,0,0,0,0,0,0,0,0,0,1,1,0,0,0,0,0,0,0,0,0,0,0,0,1,1,0,1,0,0,0,0,0
-8359473.793,4875780.064,168,2020065272,206,1,0,0,0,0,0,0,0,0,4,0,,46,8,2020,1,40.067657,-75.094429,204,6,0,0,0,0,0,0,0,0,,0,0,0,,,0,N,0,,40 04:03.566,,7,75 05:39.945,0,0,0,0,46102,0,0,0,N,0,0,0,3,67301,0,,1,,1,N,N,N,0,,0,0,1,,0,,,2,0,0,0,0,0,0,2,0,2,,3,,N,,,,,,,,,,,0,0,1,0,0,0,0,0,0,0,0,0,0,0,0,0,0,0,0,0,0,0,0,0,0,0,0,0,0,0,0,0,0,0,0,0,0,0,0,0,0,0,0,0,0,0,0,0,0,0,0,0,0,0,0,1,0,0,0,0,0,0,0,0,1,0,0,0,0,0,0,0,0,0,1,0,1,0,0,0,0,0,0,0,1,0,0,0,0,0,0,0,0,0,0,0,0,0,0,0,0,0,0,0,0,0,1,0,0,0,0,0,0,0,0,0,0,0,0,0,0,1,0,1,0,0,0,0,0
-8355458.387,4881340.146,169,2020111898,1115,2,0,0,0,0,0,0,0,0,4,0,,46,12,2020,4,40.10587,-75.058358,1110,6,0,0,0,0,0,0,0,0,,0,0,0,,,1,,2,,40 06:21.133,,0,75 03:30.087,8,0,0,0,46101,0,0,0,N,0,0,0,2,46101,0,,1,,1,N,N,N,0,,0,0,0,,3,,,2,1,0,0,0,1,0,2,0,2,,3,,N,,,,,,,,,,,1,0,1,0,0,0,0,0,0,0,0,0,0,0,1,0,0,0,0,0,0,0,0,0,0,0,0,0,0,0,0,0,0,0,0,0,0,0,0,0,0,0,0,0,0,0,0,0,0,0,0,0,0,0,0,0,0,0,1,1,1,0,0,0,1,0,0,1,0,0,0,0,0,0,1,0,0,0,0,0,0,0,0,0,0,0,0,0,0,0,0,0,0,0,0,0,0,0,0,0,0,0,0,0,0,0,1,1,0,0,0,0,0,0,0,0,0,0,0,0,1,1,0,1,0,0,0,0,0
-8365327.642,4875782.682,170,2021016852,1630,1,0,0,0,0,0,0,0,0,5,0,,46,9,2020,6,40.067675,-75.147015,,6,0,0,0,0,0,1,0,0,,0,0,0,,,1,N,0,,40 04:03.629,,0,75 08:49.253,8,0,0,0,46102,0,0,0,N,0,0,0,2,0,0,,1,,1,,,N,0,,0,0,0,,0,,,2,1,0,0,0,1,0,2,0,2,,,,N,,,,,,,,,,,1,0,0,0,0,0,0,0,0,0,0,0,1,0,0,0,0,0,0,0,0,0,0,0,1,0,0,0,0,0,0,0,0,0,0,0,0,0,0,0,0,0,0,0,0,0,0,0,0,0,0,0,0,0,0,0,0,0,1,1,0,0,0,0,0,0,0,0,0,0,0,0,0,0,1,0,1,0,0,0,0,0,0,0,0,0,0,0,0,0,0,0,0,0,0,0,0,0,0,0,0,0,0,0,0,0,1,0,0,0,0,0,0,0,0,0,0,0,0,0,0,1,0,0,0,0,0,0,0
-8370961.189,4877285.268,171,2021000084,901,0,0,0,0,0,0,0,0,0,2,0,,46,12,2020,7,40.078004,-75.197622,858,6,0,0,0,0,0,0,1,0,,0,0,0,,,0,,2,,40 04:40.814,,0,75 11:51.439,0,0,0,0,46108,0,0,0,N,0,0,0,3,46108,0,,1,,1,N,N,N,0,,0,0,1,3,2,,,3,0,0,0,0,0,0,2,1,2,,,,N,,,,,,,,,,,0,0,0,0,0,0,0,0,0,0,0,0,0,0,0,0,0,0,0,0,0,0,0,0,0,1,0,0,0,0,0,0,0,0,0,0,0,0,0,0,0,0,0,0,0,0,0,0,0,0,0,1,0,0,0,0,0,0,0,0,1,0,0,0,1,0,0,1,0,0,0,1,0,0,1,0,0,0,0,0,0,0,1,0,1,0,0,0,0,0,0,0,0,0,0,0,0,0,0,1,0,0,0,0,0,0,1,0,0,0,0,0,0,0,0,0,0,0,0,0,0,1,0,1,0,0,0,0,0
-8375467.626,4865319.334,172,2021004805,947,1,0,0,0,0,0,0,0,0,2,0,,46,12,2020,5,39.995705,-75.238104,945,6,0,0,0,0,0,1,0,0,,0,0,0,,,4,N,0,,39 59:44.538,5,0,75 14:17.176,3,0,0,0,46104,0,0,0,N,0,0,0,4,46104,0,,1,1045,9,N,N,N,0,,4,0,1,3,2,Y,,2,4,1,0,0,0,0,2,0,2,,4,,N,,,,,,,,,,,0,0,0,0,0,0,0,0,0,0,0,0,1,1,0,0,0,0,0,0,0,0,0,0,1,0,0,0,0,0,0,0,0,0,0,0,0,0,0,0,0,0,0,0,0,0,0,0,0,0,0,1,0,0,0,0,0,0,1,1,0,0,0,1,0,0,0,0,0,0,0,0,0,0,1,0,1,0,0,0,0,0,0,0,0,0,0,0,0,0,0,0,0,0,0,0,0,0,0,0,0,0,0,0,0,0,1,0,0,1,0,0,0,0,0,0,0,1,0,0,0,1,0,1,0,0,1,0,0
-8366501.618,4876649.961,173,2021001087,1728,1,0,0,0,0,0,0,0,0,4,0,,46,12,2020,5,40.073637,-75.157561,1726,6,0,0,0,0,0,0,0,0,,0,0,0,,,1,N,0,,40 04:25.093,,7,75 09:27.218,4,0,0,0,46102,0,0,0,N,0,0,0,1,46102,1,,1,,9,N,N,Y,0,,0,0,0,0,0,,,2,1,0,0,0,0,0,2,0,1,,,,N,,,,,,,,,,,1,0,1,0,0,0,0,0,0,0,0,0,1,0,0,0,0,0,0,0,0,0,0,0,0,0,0,0,0,0,0,0,0,0,0,0,0,0,0,0,0,0,0,0,0,0,0,0,0,0,0,0,0,0,0,1,0,0,1,1,0,0,0,0,1,0,0,0,0,0,0,0,0,0,0,0,1,0,0,0,0,0,1,1,0,0,0,0,0,0,0,0,0,0,0,0,0,0,0,0,1,0,0,0,0,0,1,0,0,0,0,0,0,0,0,0,0,0,0,0,0,1,0,1,0,0,1,0,0
-8376899.306,4864448.686,174,2021007262,910,1,0,0,0,0,0,0,0,0,2,0,,46,11,2020,4,39.989713,-75.250965,909,6,0,0,0,0,0,0,0,0,,0,0,0,,,1,Y,0,,39 59:22.968,,0,75 15:03.474,3,0,0,0,46104,0,0,0,N,0,0,0,1,46104,0,,1,,1,N,N,Y,0,,1,0,0,0,0,,,2,1,0,0,0,0,0,2,0,2,,,,N,,,,,,,,,,,0,0,0,0,0,0,0,0,0,0,0,0,0,0,0,0,0,0,0,0,0,0,0,0,0,0,0,0,0,0,0,0,0,0,0,0,0,0,0,0,0,0,0,0,0,1,0,0,1,0,0,1,0,0,0,0,0,0,1,1,0,0,0,1,0,0,0,1,1,0,0,0,0,0,1,0,1,0,0,0,0,0,0,0,0,0,0,0,0,0,0,0,0,0,0,0,0,0,0,0,0,0,0,0,0,0,0,0,0,1,0,0,0,0,0,0,0,0,0,0,0,1,0,1,0,0,0,0,0
-8378937.232,4863061.502,175,2021007263,1413,1,0,0,0,0,0,0,0,0,4,0,,46,12,2020,2,39.980165,-75.269272,1409,6,0,0,0,0,0,2,0,0,,0,0,0,,,0,,1,,39 58:48.595,4,0,75 16:09.378,0,0,0,0,46104,0,0,0,N,0,0,0,3,46104,0,,1,45,8,N,N,Y,1,,0,0,1,3,2,N,,3,0,0,0,0,0,0,2,0,3,,,,N,,,,,,,,,,,1,0,1,0,0,0,0,0,0,0,0,0,1,0,0,0,0,0,0,0,0,0,0,0,1,0,0,0,0,0,0,0,0,0,0,0,0,0,0,0,0,0,0,0,0,0,0,0,0,0,0,0,0,0,0,0,0,0,0,0,1,0,0,0,1,0,0,0,0,0,0,0,0,0,1,0,0,0,0,0,0,0,0,0,1,0,0,0,0,0,0,0,0,0,0,0,0,0,0,1,0,0,0,1,1,0,1,0,0,0,0,0,0,0,0,0,0,0,0,0,0,1,0,1,0,0,1,0,0
-8365292.354,4875771.627,176,2021013334,2130,1,0,0,0,0,0,0,0,0,4,0,,46,10,2020,5,40.067599,-75.146698,,6,0,0,0,1,0,0,0,0,,0,0,0,,,1,,1,,40 04:03.358,,0,75 08:48.114,8,0,0,0,46102,0,0,0,N,0,0,0,2,0,0,,1,,1,,,N,0,,0,0,0,3,2,,,2,1,0,0,0,1,0,2,0,2,,,,N,,,,,,,,,,,1,0,1,0,0,0,0,0,0,0,0,0,1,0,0,0,0,0,0,0,0,0,1,0,0,0,0,0,0,0,0,0,0,0,0,0,0,0,0,0,0,0,0,0,0,1,0,0,0,0,0,0,0,0,0,0,0,0,1,1,1,0,0,0,1,0,0,1,0,0,0,0,0,0,1,0,0,0,0,0,0,0,0,0,0,0,0,0,0,0,0,1,0,0,0,0,0,0,0,1,0,0,0,0,0,0,1,0,0,0,0,0,0,0,0,0,0,0,0,0,0,1,0,1,0,0,0,0,1
-8374101.624,4866173.493,177,2021000977,1818,3,0,0,0,0,0,0,0,0,1,0,,46,11,2020,6,40.001583,-75.225833,1814,6,0,0,0,0,0,1,0,0,,0,0,0,,,4,N,0,,40 00:05.700,2,0,75 13:33.000,4,0,0,0,46104,0,0,0,N,0,0,0,7,46104,4,,1,45,1,N,N,Y,0,,0,0,0,0,0,N,,3,4,1,0,0,0,0,2,0,3,,,,N,,,,,,,,,,,1,1,0,0,0,0,0,0,0,0,1,0,0,0,0,0,0,0,1,0,0,0,0,0,1,0,0,0,0,0,0,0,0,0,0,0,0,0,0,0,0,0,0,0,0,0,0,0,0,0,0,0,0,0,0,1,1,0,1,1,0,0,0,0,0,0,0,1,1,0,0,0,0,0,1,0,1,0,0,0,0,0,0,1,0,0,0,0,0,1,0,0,0,0,0,0,0,0,0,0,0,0,0,0,1,0,0,0,0,0,0,0,0,0,0,0,0,1,0,0,0,1,0,1,0,0,0,0,0
-8376295.954,4864826.171,178,2021001402,0,2,0,0,0,0,0,0,0,0,1,0,,46,12,2020,1,39.992311,-75.245545,0,6,0,0,0,0,0,0,0,0,,0,0,0,,,1,N,0,,39 59:32.318,,0,75 14:43.962,4,0,0,0,46104,0,0,0,N,0,0,0,2,46104,1,,1,,2,N,N,N,0,,0,0,0,3,2,,,2,1,0,0,0,0,0,2,0,2,,3,,N,,,,,,,,,,,1,0,0,0,0,0,0,0,0,0,0,0,1,0,0,0,0,0,0,0,0,0,0,0,0,0,0,0,0,0,0,0,0,0,0,0,0,0,0,0,0,0,0,0,0,0,0,0,0,0,0,0,0,1,0,1,0,0,1,1,0,0,0,0,0,0,0,0,0,0,0,0,0,0,1,0,1,0,0,0,0,0,0,1,0,0,0,0,0,1,0,0,0,0,0,0,0,0,0,0,0,0,0,0,1,0,1,0,0,0,0,0,0,0,0,0,0,0,0,0,0,1,0,1,0,0,0,0,0
-8377982.779,4863659.618,179,2021000961,1825,0,0,0,0,0,0,0,0,0,4,0,,46,12,2020,5,39.984282,-75.260698,1818,6,0,0,0,0,0,1,0,0,,0,0,0,,,0,,1,,39 59:03.415,,0,75 15:38.512,9,0,0,0,46104,0,0,0,N,0,0,0,2,46104,0,,1,,1,N,N,N,0,,0,0,2,3,2,,,2,0,0,0,0,0,1,2,0,2,,,,N,,,,,,,,,,,1,0,1,0,0,0,0,0,0,0,0,0,1,0,0,0,0,0,0,0,0,0,0,0,1,0,0,0,0,0,0,0,0,0,0,0,0,0,0,0,0,0,0,0,0,1,0,0,0,0,0,0,0,0,0,1,0,0,0,0,1,0,0,0,1,0,0,1,0,0,0,0,0,0,1,0,0,0,0,0,0,0,0,0,0,0,0,0,0,0,0,1,0,0,0,0,0,0,0,1,0,0,0,0,0,0,1,0,0,0,0,0,0,0,0,0,0,0,0,0,0,1,0,1,0,0,0,0,0
-8372715.696,4867019.731,180,2021000971,1740,1,0,0,0,0,0,0,0,0,5,0,,46,12,2020,1,40.007406,-75.213383,1738,6,0,0,0,0,0,2,0,0,,0,0,0,,,0,N,0,,40 00:26.663,2,0,75 12:48.179,0,0,0,0,46104,0,0,0,N,0,0,0,2,46104,0,,1,30,1,N,N,N,0,,0,0,1,0,0,N,,2,0,0,0,0,0,0,2,0,2,,,,N,,,,,,,,,,,0,0,0,0,0,0,0,0,0,0,0,0,1,0,0,0,0,1,0,0,0,0,0,0,1,0,0,0,0,0,0,0,0,0,0,0,0,0,0,0,0,0,0,0,0,0,0,0,0,0,0,0,0,0,0,1,0,0,0,0,0,0,0,0,0,0,0,0,0,0,0,0,0,0,1,0,1,0,0,0,0,0,0,0,1,0,0,0,0,0,0,0,0,0,0,0,0,0,0,0,0,0,0,0,0,0,1,0,0,0,0,0,0,0,0,0,0,0,0,0,0,1,0,1,0,0,0,0,0
-8368062.874,4877849.033,181,2021033256,,1,0,0,0,0,0,0,0,0,4,0,,46,4,2021,3,40.081879,-75.171586,,6,0,0,1,0,0,1,0,0,,0,0,0,22,,1,,1,,40 04:54.764,2,0,75 10:17.709,4,0,0,0,46102,0,0,0,N,0,0,0,2,46102,1,,1,2300,1,N,N,N,1,,0,0,0,,2,N,2200,2,1,0,0,0,0,0,2,0,2,,3,,N,,,,,,,,,,,1,0,1,0,0,0,0,0,0,0,0,0,0,0,0,0,0,0,0,0,0,1,0,0,1,0,0,0,0,0,0,0,0,0,0,0,0,0,0,0,0,0,0,0,0,0,0,0,0,0,0,0,0,0,0,1,0,0,1,1,1,0,0,0,1,0,0,1,0,0,0,0,0,0,1,0,0,0,0,0,0,0,0,1,0,0,0,0,0,0,0,0,0,0,0,0,0,0,0,1,0,0,0,0,0,0,1,0,0,0,0,0,0,0,0,0,0,0,0,0,0,1,0,1,0,0,0,0,1
-8362073.549,4873309.271,182,2021015687,,1,0,0,0,0,0,0,0,0,4,0,,46,2,2021,7,40.050669,-75.117783,,6,0,0,1,0,0,0,0,0,,0,0,0,10,,2,N,0,,40 03:02.410,6,7,75 07:04.020,3,0,0,0,46102,0,0,0,N,0,0,0,2,46102,0,,1,1043,1,N,N,N,0,,2,0,1,,0,Y,1008,2,2,0,0,0,0,0,2,0,2,,,,N,,,,,,,,,,,1,0,1,0,0,0,0,0,0,0,0,0,0,0,0,0,0,0,0,0,0,1,0,0,0,0,0,0,0,0,0,0,0,0,0,0,0,0,0,0,0,0,0,0,0,0,0,0,0,0,0,0,0,0,0,0,0,0,1,1,0,0,0,0,1,0,0,1,1,0,0,0,0,0,1,0,1,0,0,0,0,0,0,0,0,0,0,0,0,0,0,0,0,0,0,0,0,0,0,0,0,0,0,0,0,0,0,0,0,1,0,0,0,0,0,0,0,0,0,0,0,1,0,1,0,0,0,0,1