X,Y,objectid,crn,arrival_tm,automobile_count,belted_death_count,belted_susp_serious_inj_count,bicycle_count,bicycle_death_count,bicycle_susp_serious_inj_count,bus_count,chldpas_death_count,chldpas_susp_serious_inj_count,collision_type,comm_veh_count,cons_zone_spd_lim,county,crash_month,crash_year,day_of_week,dec_latitude,dec_longitude,dispatch_tm,district,driver_count_16yr,driver_count_17yr,driver_count_18yr,driver_count_19yr,driver_count_20yr,driver_count_50_64yr,driver_count_65_74yr,driver_count_75plus,est_hrs_closed,fatal_count,heavy_truck_count,horse_buggy_count,hour_of_day,illumination,injury_count,intersection_related_x,intersect_type,lane_closed,latitude,ln_close_dir,location_type,longitude,max_severity_level,mcycle_death_count,mcycle_susp_serious_inj_count,motorcycle_count,municipality,nonmotr_count,nonmotr_death_count,nonmotr_susp_serious_inj_count,ntfy_hiwy_maint,ped_count,ped_death_count,ped_susp_serious_inj_count,person_count,police_agcy,possible_inj_count,rdwy_surf_type_cd,relation_to_road,roadway_cleared,road_condition,sch_bus_ind,sch_zone_ind,secondary_crash,small_truck_count,spec_juris_cd,susp_minor_inj_count,susp_serious_inj_count,suv_count,tcd_func_cd,tcd_type,tfc_detour_ind,time_of_day,total_units,tot_inj_count,unbelted_occ_count,unb_death_count,unb_susp_serious_inj_count,unk_inj_deg_count,unk_inj_per_count,urban_rural,van_count,vehicle_count,weather1,weather2,workers_pres,work_zone_ind,work_zone_loc,work_zone_type,wz_close_detour,wz_flagger,wz_law_offcr_ind,wz_ln_closure,wz_moving,wz_other,wz_shlder_mdn,wz_workers_inj_killed,aggressive_driving,alcohol_related,angle_crash,atv,atv_route,backup_congestion,backup_nonrecurring,backup_prior,bicycle,cell_phone,child_passenger,comm_vehicle,core_network,cross_median,curved_road,curve_dvr_error,deer_related,distracted,drinking_driver,driver_16yr,driver_17yr,driver_18yr,driver_19yr,driver_20yr,driver_50_64yr,driver_65_74yr,driver_75plus,drugged_driver,drug_related,fatal,fatal_or_susp_serious_inj,fatigue_asleep,federal_aid_route,fire_in_vehicle,hazardous_truck,hit_barrier,hit_bridge,hit_deer,hit_embankment,hit_fixed_object,hit_gdrail,hit_gdrail_end,hit_parked_vehicle,hit_pole,hit_roadway_equipment,hit_run,hit_temp_construction_barrier,hit_traffic_island,hit_tree_shrub,hit_utility_pole,horse_buggy,ho_oppdir_sdswp,hvy_truck_related,icy_road,illegal_drug_related,illumination_dark,impaired_driver,impaired_nonmotorist,injury,injury_or_fatal,intersection,intersection_related_y,interstate,lane_departure,left_turn,limit_65mph,limit_70mph,local_road,local_road_only,marijuana_drugged_driver,marijuana_related,mature_driver,mc_drinking_driver,motorcycle,multiple_vehicle,nhtsa_agg_driving,non_intersection,no_clearance,opioid_related,other_freeway_expressway,overturned,pedestrian,phantom_vehicle,possible_injury,property_damage_only,psp_reported,ramp,ramp_segment,ramp_terminal,rear_end,roundabout,running_red_lt,running_stop_sign,rural,school_bus,school_bus_related,school_bus_unit,school_zone,shldr_related,signalized_int,single_vehicle,snowmobile,snow_slush_road,speeding,speeding_related,speed_change_lane,state_road,stop_controlled_int,sudden_deer,suspected_minor_injury,suspected_serious_injury,sv_run_off_rd,tailgating,train,train_trolley,trolley,turnpike,unbelted,underage_drnk_drv,unlicensed,unsignalized_int,urban,vehicle_failure,vehicle_towed,vulnerable_road_user,vulnerable_road_user_fatal,wet_road,work_zone,young_driver
-8368125.547,4877876.531,468,2022082126,721,1,0,0,1,0,0,0,0,0,8,0,,46,8,2022,4,40.082068,-75.172149,713,6,0,0,0,0,0,0,0,0,,0,0,0,,,1,N,0,,40 04:55.446,,0,75 10:19.738,8,0,0,0,46102,1,0,0,N,0,0,0,2,46102,0,,1,,1,N,N,N,0,,0,0,0,,0,,,2,1,0,0,0,1,0,2,0,1,,3,,N,,,,,,,,,,,0,0,0,0,0,0,0,0,1,0,0,0,0,0,0,0,0,0,0,0,0,0,0,0,0,0,0,0,0,0,0,0,0,0,0,0,0,0,0,0,0,0,0,0,0,1,0,0,0,0,0,0,0,0,0,0,0,0,1,1,0,0,0,0,0,0,0,0,0,0,0,0,0,0,0,0,1,0,0,0,0,0,0,0,0,0,0,0,0,0,0,0,0,0,0,0,0,0,0,0,1,0,0,0,0,0,1,0,0,0,0,0,0,0,0,0,0,0,0,0,0,1,0,0,1,0,0,0,0
-8365053.128,4875583.11,469,2022072236,814,1,0,0,0,0,0,0,0,0,4,0,,46,8,2022,7,40.066303,-75.144549,806,6,0,0,0,0,0,0,0,0,,0,0,0,,,2,,3,,40 03:58.690,4,0,75 08:40.376,3,0,0,0,46102,0,0,0,N,0,0,0,2,67301,1,,1,849,98,N,N,N,0,,1,0,2,,0,N,,3,2,0,0,0,0,0,2,0,3,,4,,N,,,,,,,,,,,1,0,1,0,0,0,0,0,0,0,0,0,1,0,0,0,0,0,0,0,0,0,0,0,0,0,0,0,0,0,0,0,0,0,0,0,0,0,0,0,0,0,1,0,0,0,0,0,0,0,0,0,0,0,0,0,0,0,1,1,1,0,0,0,1,0,0,1,0,0,0,0,0,0,1,0,0,0,0,0,0,0,0,1,0,0,0,0,0,0,0,0,0,0,0,0,0,0,0,0,0,0,0,0,0,0,1,0,0,1,0,0,0,0,0,0,0,0,0,0,1,1,1,1,0,0,0,0,0
-8378937.232,4863061.502,470,2022092639,1307,2,0,0,0,0,0,0,0,0,4,0,,46,10,2022,7,39.980165,-75.269272,1302,6,0,0,0,0,0,0,0,0,,0,0,0,,,0,,1,,39 58:48.595,4,0,75 16:09.378,0,0,0,0,46104,0,0,0,N,0,0,0,2,46104,0,,1,1400,1,N,N,N,0,,0,0,0,,2,N,,2,0,0,0,0,0,0,2,0,2,,,,N,,,,,,,,,,,1,0,1,0,0,0,0,0,0,0,0,0,1,0,0,0,0,0,0,0,0,0,0,0,0,0,0,0,0,0,0,0,0,0,0,0,0,0,0,0,0,0,0,0,0,0,0,0,0,0,0,0,0,0,0,0,0,0,0,0,1,0,0,0,1,0,0,0,0,0,0,0,0,0,1,0,0,0,0,0,0,0,0,0,1,0,0,0,0,0,0,0,0,0,0,0,0,0,0,1,0,0,0,0,0,0,1,0,0,0,0,0,0,0,0,0,0,0,0,0,0,1,0,1,0,0,0,0,0
-8377234.489,4864243.821,471,2022095004,1940,2,0,0,0,0,0,0,0,0,2,0,,46,10,2022,7,39.988303,-75.253976,1936,6,0,0,0,0,0,0,0,0,,0,0,0,,,1,,1,,39 59:17.892,2,0,75 15:14.313,3,0,0,0,46104,0,0,0,N,0,0,0,2,46104,0,,1,2019,1,N,N,N,0,,1,0,0,,2,N,,2,1,0,0,0,0,0,2,0,2,,,,N,,,,,,,,,,,0,0,0,0,0,0,0,0,0,0,0,0,1,0,0,0,0,0,0,0,0,0,0,0,0,0,0,0,0,0,0,0,0,0,0,0,0,0,0,0,0,0,0,0,0,0,0,0,0,0,0,1,0,0,0,1,0,0,1,1,1,0,0,0,1,0,0,1,0,0,0,0,0,0,1,0,0,0,0,0,0,0,0,0,0,0,0,0,0,0,0,0,0,0,0,0,0,0,0,1,0,0,0,0,0,0,1,0,0,1,0,0,0,0,0,0,0,0,0,0,0,1,0,1,0,0,0,0,0
-8379493.051,4862733.621,472,2022095500,38,1,0,0,0,0,0,0,0,0,5,1,35,46,10,2022,6,39.977908,-75.274265,36,6,0,0,0,0,0,0,0,0,,0,1,0,,,0,N,0,,39 58:40.468,2,0,75 16:27.354,0,0,0,0,46104,0,0,0,N,0,0,0,1,67301,0,,6,100,9,N,N,N,0,,0,0,0,,8,N,,2,0,0,0,0,0,0,2,0,2,,7,Y,Y,4,3,N,N,N,N,N,N,Y,N,1,0,0,0,0,0,0,0,0,0,0,1,1,0,0,0,0,1,0,0,0,0,0,0,0,0,0,0,0,0,0,0,0,0,0,0,0,0,1,0,0,0,1,0,0,0,0,0,0,0,0,0,1,0,0,1,0,0,0,0,0,0,0,1,0,0,0,0,0,0,0,0,0,0,1,0,1,0,0,0,0,0,0,0,1,0,0,0,0,0,0,0,0,0,0,0,0,0,1,0,0,0,0,0,1,0,1,0,0,0,0,0,0,0,0,0,0,0,0,0,0,1,0,1,0,0,1,1,0
-8368062.874,4877849.033,473,2022094410,1935,3,0,0,0,0,0,0,0,0,4,0,,46,9,2022,3,40.081879,-75.171586,1929,6,0,0,0,0,0,1,1,0,,0,0,0,,,2,,1,,40 04:54.764,2,0,75 10:17.709,4,0,0,0,46102,0,0,0,N,0,0,0,3,46102,2,,1,2035,1,N,N,N,0,,0,0,0,,2,N,,3,2,0,0,0,0,0,2,0,3,,3,,N,,,,,,,,,,,1,0,1,0,0,0,0,0,0,0,0,0,0,0,0,0,0,0,0,0,0,0,0,0,1,1,0,0,0,0,0,0,0,0,0,0,0,0,0,0,0,0,0,0,0,0,0,0,0,0,0,0,0,0,0,1,0,0,1,1,1,0,0,0,1,0,0,1,0,0,0,1,0,0,1,0,0,0,0,0,0,0,0,1,0,0,0,0,0,0,0,0,0,0,0,0,0,0,0,1,0,0,0,0,0,0,1,0,0,0,0,0,0,0,0,0,0,0,0,0,0,1,0,1,0,0,0,0,0
-8355848.339,4880813.294,474,2022081332,2106,1,0,0,0,0,0,0,0,0,8,0,,46,9,2022,1,40.10225,-75.061861,2104,6,0,0,0,0,0,0,1,0,,0,0,0,,,2,N,0,,40 06:08.100,,0,75 03:42.700,3,0,0,0,46101,2,0,0,N,2,0,0,3,46101,0,,1,,1,N,N,N,0,,2,0,0,,0,,,3,2,0,0,0,0,0,2,0,1,,3,,N,,,,,,,,,,,0,0,0,0,0,0,0,0,0,0,0,0,0,0,0,0,0,1,0,0,0,0,0,0,0,1,0,0,0,0,0,0,0,0,0,0,0,0,0,0,0,0,0,0,0,0,0,0,0,0,0,0,0,0,0,1,0,0,1,1,0,0,0,0,0,0,0,1,1,0,0,1,0,0,0,0,1,0,0,0,0,1,0,0,0,0,0,0,0,0,0,0,0,0,0,0,0,0,0,0,1,0,0,0,0,0,0,0,0,1,0,0,0,0,0,0,0,0,0,0,0,1,0,0,1,0,0,0,0
-8365093.091,4875608.566,475,2022083318,1834,1,0,0,0,0,0,0,0,0,1,0,,46,9,2022,1,40.066478,-75.144908,1830,6,0,0,0,0,0,0,0,0,,0,0,0,,,1,N,0,,40 03:59.321,,0,75 08:41.668,4,0,0,0,46102,0,0,0,N,0,0,0,2,46102,1,,1,,1,N,N,N,0,,0,0,1,,0,,,2,1,0,0,0,0,0,2,0,2,,3,,N,,,,,,,,,,,1,0,0,0,0,0,0,0,0,0,0,0,1,0,0,0,0,0,0,0,0,0,0,0,0,0,0,0,0,0,0,0,0,0,0,0,0,0,0,0,0,0,0,0,0,0,0,0,0,0,0,0,0,0,0,0,0,0,1,1,0,0,0,0,0,0,0,0,0,0,0,0,0,0,1,0,1,0,0,0,0,0,0,1,0,0,0,0,0,1,0,0,0,0,0,0,0,0,0,0,0,0,0,0,0,0,1,0,0,0,0,0,0,0,0,0,0,0,0,0,0,1,0,1,0,0,0,0,0
-8376558.446,4864650.503,476,2022088880,1542,1,0,0,1,0,0,0,0,0,8,0,,46,9,2022,5,39.991102,-75.247903,1542,6,0,0,0,0,0,0,0,0,,0,0,0,,,1,,2,,39 59:27.967,,0,75 14:52.450,8,0,0,0,46104,1,0,0,N,0,0,0,2,46104,0,,1,,1,N,N,N,0,,0,0,0,,3,,,2,1,0,0,0,1,0,2,0,1,,,,N,,,,,,,,,,,1,0,0,0,0,0,0,0,1,0,0,0,1,0,0,0,0,0,0,0,0,0,0,0,0,0,0,0,0,0,0,0,0,0,0,0,0,0,0,0,0,0,0,0,0,1,0,0,0,0,0,0,0,0,0,0,0,0,1,1,1,0,0,0,0,0,0,1,0,0,0,0,0,0,0,0,0,0,0,0,0,0,0,0,0,0,0,0,0,0,0,0,1,0,0,0,0,0,0,0,1,0,0,0,0,0,1,1,0,0,0,0,0,0,0,0,0,0,0,0,1,1,0,0,1,0,0,0,0
-8378002.482,4863652.644,477,2022070210,25,1,0,0,0,0,0,0,0,0,1,0,,46,7,2022,7,39.984234,-75.260875,25,6,0,0,0,0,0,1,0,0,,0,0,0,,,0,N,0,,39 59:03.242,2,0,75 15:39.149,9,0,0,0,46104,0,0,0,N,0,0,0,4,46104,0,,1,55,1,N,N,N,0,,0,0,1,,0,N,,3,0,0,0,0,0,1,2,0,3,,,,N,,,,,,,,,,,1,0,0,0,0,0,0,0,0,0,0,0,1,0,0,0,0,0,0,0,0,0,0,0,1,0,0,0,0,0,0,0,0,0,0,0,0,0,0,0,0,0,0,0,0,1,0,0,0,0,0,0,0,0,0,1,0,0,0,0,0,0,0,0,0,0,0,0,0,0,0,0,0,0,1,0,1,0,0,0,0,0,0,0,0,0,0,0,0,1,0,0,0,0,0,0,0,0,0,0,0,0,0,0,1,0,1,0,0,0,0,0,0,0,0,0,0,0,0,0,0,1,0,1,0,0,0,0,0
-8368062.874,4877849.033,478,2022071338,2139,0,0,0,0,0,0,0,0,0,4,0,,46,8,2022,2,40.081879,-75.171586,2139,6,0,0,0,0,0,0,0,0,,0,0,0,,,0,,1,,40 04:54.764,5,0,75 10:17.709,0,0,0,0,46102,0,0,0,N,0,0,0,2,46102,0,,1,2200,1,N,N,N,0,,0,0,2,,2,N,,2,0,0,0,0,0,0,2,0,2,,3,,N,,,,,,,,,,,1,0,1,0,0,0,0,0,0,0,0,0,0,0,0,0,0,0,0,0,0,0,0,0,0,0,0,0,0,0,0,0,0,0,0,0,0,0,0,0,0,0,0,0,0,0,0,0,0,0,0,0,0,0,0,1,0,0,0,0,1,0,0,0,1,0,0,1,0,0,0,0,0,0,1,1,0,0,0,0,0,0,0,0,1,0,0,0,0,0,0,0,0,0,0,0,0,0,0,1,0,0,0,0,1,0,1,0,0,0,0,0,0,0,0,0,0,0,0,0,0,1,0,1,0,0,0,0,0
-8366593.901,4876723.717,479,2022087081,133,1,0,0,0,0,0,0,0,0,7,0,,46,8,2022,1,40.074144,-75.15839,131,6,0,0,0,0,0,0,0,0,,0,0,0,,,1,,5,,40 04:26.918,,0,75 09:30.203,8,0,0,0,46102,0,0,0,N,0,0,0,1,46102,0,,5,,1,N,N,N,0,,0,0,0,,2,,,1,1,0,0,0,1,0,2,0,1,,3,,N,,,,,,,,,,,0,1,0,0,0,0,0,0,0,0,0,0,1,0,0,0,0,0,1,0,0,0,0,0,0,0,0,0,0,0,0,0,0,0,0,0,0,0,0,1,0,0,0,0,0,0,0,0,0,0,0,0,0,0,0,1,1,0,1,1,1,0,0,0,0,0,0,1,0,0,0,0,0,0,0,0,0,0,0,0,0,0,0,0,0,0,0,0,0,0,0,0,0,0,0,0,0,0,0,1,1,0,0,0,0,0,1,0,0,0,0,1,0,0,0,0,0,0,0,0,0,1,0,1,0,0,0,0,0
-8373850.488,4879449.428,480,2022093871,1115,1,0,0,0,0,0,0,0,0,1,0,,46,9,2022,6,40.092878,-75.223577,1109,6,0,0,0,0,0,1,0,0,,0,0,0,,,0,,1,,40 05:34.360,5,0,75 13:24.876,0,0,0,0,46108,0,0,0,N,0,0,0,2,46108,0,,1,1200,9,N,N,N,0,,0,0,1,,2,N,,2,0,0,0,0,0,0,2,0,2,,,,N,,,,,,,,,,,1,0,0,0,0,0,0,0,0,0,0,0,0,0,0,0,0,0,0,0,0,0,0,0,1,0,0,0,0,0,0,0,0,0,0,0,0,0,0,0,0,0,0,0,0,0,0,0,0,0,0,0,0,0,0,0,0,0,0,0,1,0,0,0,0,0,0,1,0,0,0,0,0,0,1,0,0,0,0,0,0,0,0,0,1,0,0,0,0,1,0,0,0,0,0,0,0,0,0,1,0,0,0,0,1,0,1,0,0,0,0,0,0,0,0,0,0,0,0,0,0,1,0,1,0,0,1,0,0
-8363717.739,4874576.297,481,2022103830,1941,1,0,0,0,0,0,0,0,0,1,0,,46,10,2022,3,40.059381,-75.132553,1936,6,0,0,0,0,0,1,0,0,,0,0,0,,,1,N,0,,40 03:33.770,4,0,75 07:57.190,4,0,0,0,46102,0,0,0,N,0,0,0,3,46102,1,,1,2039,9,N,N,N,0,,0,0,2,,0,N,,3,1,0,0,0,0,0,2,0,3,,5,,N,,,,,,,,,,,1,0,0,0,0,0,0,0,0,0,0,0,0,0,0,0,0,0,0,0,0,0,0,0,1,0,0,0,0,0,0,1,0,0,0,0,0,0,0,0,0,0,0,0,0,0,0,0,0,0,0,0,0,0,0,1,0,0,1,1,0,0,0,0,0,0,0,1,1,0,0,0,0,0,1,0,1,0,0,0,0,0,0,1,0,0,0,0,0,1,0,0,0,0,0,0,0,0,0,0,0,0,0,1,1,0,0,0,0,0,0,0,0,0,0,0,0,0,0,0,0,1,1,1,0,0,1,0,0
-8373872.306,4866313.437,482,2022099390,1103,0,0,0,0,0,0,0,0,0,0,0,,46,10,2022,5,40.002546,-75.223773,1055,6,0,0,0,0,0,1,0,0,,0,0,0,,,1,N,0,,40 00:09.165,,7,75 13:25.583,2,0,1,1,46104,0,0,0,N,0,0,0,1,46104,0,,5,,1,N,N,N,0,,0,1,0,,0,,,1,1,0,0,0,0,0,2,0,1,,,,N,,,,,,,,,,,0,0,0,0,0,0,0,0,0,0,0,0,1,0,0,0,0,0,0,0,0,0,0,0,1,0,0,0,0,0,1,0,0,0,0,0,0,0,0,0,0,0,0,0,0,0,0,0,0,0,0,0,0,0,0,0,0,0,1,1,0,0,0,0,0,0,0,0,0,0,0,0,0,1,0,0,1,0,0,0,0,0,0,0,0,0,0,0,0,0,0,0,0,0,0,0,0,0,0,0,1,0,0,0,0,0,1,0,0,0,1,1,0,0,0,0,0,0,0,0,0,1,0,1,0,0,0,0,0
-8376878.712,4864460.891,483,2022105510,605,1,0,0,0,0,0,0,0,0,4,1,,46,11,2022,3,39.989797,-75.25078,601,6,0,0,0,0,0,0,0,0,,0,1,0,,,1,,2,,39 59:23.269,5,0,75 15:02.807,4,0,0,0,46104,0,0,0,N,0,0,0,2,46104,1,,1,645,9,N,N,N,0,,0,0,0,,2,N,,2,1,0,0,0,0,0,2,0,2,,,,N,,,,,,,,,,,0,0,1,0,0,0,0,0,0,0,0,1,1,0,0,0,0,0,0,0,0,0,0,0,0,0,0,0,0,0,0,0,0,0,0,0,0,0,0,0,0,0,0,0,0,0,0,0,0,0,0,0,1,0,0,1,0,0,1,1,1,0,0,0,0,0,0,1,0,0,0,0,0,0,1,0,0,0,0,0,0,0,0,1,0,0,0,0,0,0,0,0,0,0,0,0,0,0,0,1,0,0,0,0,0,0,1,0,0,0,0,0,0,0,0,0,0,0,0,0,0,1,1,1,0,0,1,0,0
-8373128.691,4866770.197,484,2022099391,1209,1,0,1,0,0,0,0,0,0,1,0,,46,10,2022,5,40.005689,-75.217093,1206,6,0,0,0,0,0,1,1,0,,0,0,0,,,1,N,0,,40 00:20.480,2,0,75 13:01.534,2,0,0,0,46104,0,0,0,N,0,0,0,5,46104,0,,1,1330,1,N,N,N,1,,0,1,0,,0,N,,2,1,0,0,0,0,0,2,0,2,,,,N,,,,,,,,,,,0,0,0,0,0,0,0,0,0,0,0,0,1,0,0,0,0,0,0,0,0,0,0,0,1,1,0,0,0,0,1,0,0,0,0,0,0,0,0,0,0,0,0,0,0,0,0,0,0,0,0,0,0,0,0,0,0,0,1,1,0,0,0,0,0,0,0,0,0,0,0,1,0,0,1,0,1,0,0,0,0,0,0,0,0,0,0,0,0,1,0,0,0,0,0,0,0,0,0,0,0,0,0,0,0,0,1,0,0,0,1,0,0,0,0,0,0,0,0,0,0,1,0,1,0,0,0,0,0
-8364469.702,4875155.762,485,2022112534,1742,2,0,0,0,0,0,0,0,0,4,0,,46,10,2022,2,40.063365,-75.139308,1737,6,0,0,0,0,0,0,0,0,,0,0,0,,,1,,3,,40 03:48.113,,0,75 08:21.507,3,0,0,0,46102,0,0,0,N,0,0,0,2,46102,0,,1,,9,N,N,N,0,,1,0,0,,2,,,2,1,0,0,0,0,0,2,0,2,,4,,N,,,,,,,,,,,1,0,1,0,0,0,0,0,0,0,0,0,1,1,0,0,0,0,0,0,0,0,0,0,0,0,0,1,1,0,0,0,0,0,0,0,0,0,0,0,0,0,0,0,0,0,0,0,0,0,0,0,0,0,1,0,1,0,1,1,1,0,0,0,0,0,0,1,0,0,0,0,0,0,1,0,0,0,0,0,0,0,0,0,0,0,0,0,0,0,0,0,0,0,0,0,0,0,0,1,0,0,0,0,1,0,1,0,0,1,0,0,0,0,0,0,0,0,0,0,0,1,0,1,0,0,1,0,0
-8377260.204,4864229.002,486,2022119289,2309,1,0,0,0,0,0,0,0,0,7,0,,46,12,2022,7,39.988201,-75.254207,2306,6,0,0,0,0,0,0,1,0,,0,0,0,,,1,N,0,,39 59:17.522,2,0,75 15:15.146,3,0,0,0,46104,0,0,0,N,0,0,0,2,46104,0,,1,2340,1,N,N,N,0,,1,0,0,,2,N,,1,1,0,0,0,0,0,2,0,1,,,,N,,,,,,,,,,,1,1,0,0,0,0,0,0,0,0,0,0,0,0,0,0,0,0,1,0,0,0,0,0,0,1,0,0,0,0,0,0,0,0,0,0,0,0,0,1,0,0,0,0,0,0,0,0,1,0,0,0,0,0,0,1,1,0,1,1,0,0,0,1,0,0,0,1,1,0,0,1,0,0,0,0,1,0,0,0,0,0,0,0,0,0,0,0,0,0,0,0,0,0,0,0,0,0,0,0,1,0,0,0,1,0,0,0,0,1,0,1,0,0,0,0,0,0,0,0,0,1,0,1,0,0,0,0,0
-8376949.511,4864410.909,487,2022104150,921,1,0,0,0,0,0,0,0,0,4,0,,46,10,2022,5,39.989453,-75.251416,921,6,0,0,0,0,0,1,0,0,,0,0,0,,,0,,2,,39 59:22.029,,0,75 15:05.097,0,0,0,0,46104,0,0,0,N,0,0,0,2,46104,0,,1,,1,N,N,N,0,,0,0,0,,2,,,2,0,0,0,0,0,0,2,1,2,,,,N,,,,,,,,,,,0,0,1,0,0,0,0,0,0,0,0,0,1,0,0,0,0,0,0,0,0,0,0,0,1,0,0,0,0,0,0,0,0,0,0,0,0,0,0,0,0,0,0,0,0,0,0,0,0,0,0,0,0,0,0,0,0,0,0,0,1,0,0,0,1,0,0,0,0,0,0,0,0,0,1,0,0,0,0,0,0,0,0,0,1,0,0,0,0,0,0,0,0,0,0,0,0,0,0,1,0,0,0,0,0,0,1,0,0,0,0,0,0,0,0,0,0,0,0,0,0,1,0,1,0,0,0,0,0
-8373856.387,4879454.23,488,2022102409,1856,1,0,0,0,0,0,0,0,0,1,0,,46,10,2022,2,40.092911,-75.22363,1848,6,0,1,0,0,0,0,0,0,,0,0,0,,,1,Y,0,,40 05:34.478,,0,75 13:25.067,3,0,0,0,46108,0,0,0,N,0,0,0,3,46108,0,,1,,9,N,N,N,0,,1,0,1,,0,,,2,1,0,0,0,0,0,2,0,2,,7,,N,,,,,,,,,,,1,0,0,0,0,0,0,0,0,0,0,0,0,0,0,0,0,0,0,0,1,0,0,0,0,0,0,0,0,0,0,0,0,0,0,0,0,0,0,0,0,0,0,0,0,0,0,0,0,0,0,0,0,0,0,1,0,0,1,1,0,0,0,0,0,0,0,0,0,0,0,0,0,0,1,0,1,0,0,0,0,0,0,0,0,0,0,0,0,1,0,0,0,0,0,0,0,0,0,0,0,0,0,0,1,0,1,0,0,1,0,0,0,0,0,0,0,0,0,0,0,1,0,1,0,0,1,0,1
-8368072.559,4877835.503,489,2022117574,1315,0,0,0,0,0,0,1,0,0,4,1,,46,12,2022,3,40.081786,-75.171673,1312,6,0,0,0,0,0,0,0,0,,0,0,0,,,0,,1,,40 04:54.429,,0,75 10:18.021,0,0,0,0,46102,0,0,0,N,0,0,0,2,46102,0,,1,,8,N,N,N,1,,0,0,0,,2,,,2,0,0,0,0,0,0,2,0,2,,7,,N,,,,,,,,,,,1,0,1,0,0,0,0,0,0,0,0,1,0,0,0,0,0,0,0,0,0,0,0,0,0,0,0,0,0,0,0,0,0,0,0,0,0,0,0,0,0,0,0,0,0,0,0,0,0,0,0,0,0,0,0,0,0,0,0,0,1,0,0,0,1,0,0,1,0,0,0,0,0,0,1,0,0,0,0,0,0,0,0,0,1,0,0,0,0,0,0,0,0,0,0,0,0,0,0,1,0,0,0,0,0,0,1,0,0,0,0,0,0,0,0,0,0,0,0,0,0,1,0,1,0,0,1,0,0
-8364182.832,4874952.713,490,2022112536,230,1,0,0,0,0,0,0,0,0,4,0,,46,10,2022,7,40.061969,-75.136731,211,6,0,0,0,0,0,1,0,0,,0,0,0,,,0,,1,,40 03:43.087,,0,75 08:12.230,0,0,0,0,46102,0,0,0,N,0,0,0,2,46102,0,,1,,1,N,N,N,0,,0,0,1,,2,,,2,0,0,0,0,0,0,2,0,2,,3,,N,,,,,,,,,,,1,0,1,0,0,0,0,0,0,0,0,0,0,0,0,0,0,0,0,0,0,0,0,0,1,0,0,0,0,0,0,0,0,0,0,0,0,0,0,0,0,0,0,0,0,0,0,0,0,0,0,0,0,0,0,1,0,0,0,0,1,0,0,0,0,0,0,0,0,0,0,0,0,0,1,0,0,0,0,0,0,0,0,0,1,0,0,0,0,0,0,1,0,0,0,0,0,0,0,1,0,0,0,0,0,0,1,0,0,0,0,0,0,0,0,0,0,0,0,0,0,1,0,1,0,0,0,0,0
-8359196.385,4875569.292,491,2022103829,947,0,0,0,0,0,0,0,0,0,4,0,,46,10,2022,2,40.066208,-75.091937,938,6,0,0,0,0,0,0,0,0,,0,0,0,,,0,,2,,40 03:58.350,,0,75 05:30.972,0,0,0,0,46102,0,0,0,N,0,0,0,2,46102,0,,1,,9,N,N,Y,0,,0,0,1,,0,,,2,0,0,0,0,0,0,2,1,2,,,,N,,,,,,,,,,,1,0,1,0,0,0,0,0,0,0,0,0,0,0,0,0,0,0,0,0,0,0,0,0,0,0,0,0,0,0,0,0,0,0,0,0,0,0,0,0,0,0,0,0,0,0,0,0,0,0,0,0,0,0,0,0,0,0,0,0,1,0,0,0,1,0,0,1,0,0,0,0,0,0,1,0,0,0,0,0,0,0,0,0,1,0,0,0,0,0,0,0,0,0,0,0,0,0,0,0,0,0,0,0,0,0,1,0,0,0,0,0,0,0,0,0,0,0,0,0,1,1,0,1,0,0,1,0,0
-8357469.597,4878634.139,492,2022115523,1459,2,0,0,0,0,0,0,0,0,1,0,,46,12,2022,3,40.087275,-75.076425,1459,6,0,0,0,0,1,1,0,0,,0,0,0,,,0,N,0,,40 05:14.190,3,0,75 04:35.130,0,0,0,0,46101,0,0,0,N,0,0,0,2,46101,0,,4,1500,9,N,N,N,0,,0,0,0,,0,Y,,2,0,1,0,0,0,0,2,0,2,,4,,N,,,,,,,,,,,1,0,0,0,0,0,0,0,0,0,0,0,0,0,0,0,0,0,0,0,0,0,0,1,1,0,0,0,0,0,0,0,0,0,0,0,0,0,0,0,1,0,0,0,0,0,0,0,0,0,0,0,0,0,0,0,0,0,0,0,0,0,0,1,0,0,0,1,1,0,0,0,0,0,1,0,1,0,0,0,0,0,0,0,1,0,0,0,0,1,0,0,0,0,0,0,0,0,0,0,0,0,0,0,1,0,0,0,0,0,0,1,0,0,0,0,0,1,0,0,0,1,0,1,0,0,1,0,1
-8361471.533,4872854.682,493,2022103838,749,1,0,0,0,0,0,0,0,0,7,0,,46,11,2022,3,40.047543,-75.112375,746,6,0,0,1,0,0,0,0,0,,0,0,0,,,0,,2,,40 02:51.156,,0,75 06:44.551,0,0,0,0,46102,0,0,0,N,0,0,0,1,46102,0,,5,,9,N,N,N,0,,0,0,0,,2,,,1,0,0,0,0,0,0,2,0,1,,,,N,,,,,,,,,,,1,0,0,0,0,0,0,0,0,0,0,0,0,0,0,0,0,0,0,0,0,1,0,0,0,0,0,0,0,0,0,0,0,0,0,0,0,0,0,1,0,0,0,0,0,0,0,0,1,0,0,0,0,0,0,0,0,0,0,0,1,0,0,0,1,0,0,1,0,0,0,0,0,0,0,0,0,0,0,0,0,0,0,0,1,0,0,0,0,0,0,0,0,0,0,0,0,0,0,1,1,0,0,0,1,0,1,0,0,0,0,1,0,0,0,0,0,0,0,0,0,1,1,1,0,0,1,0,1