X,Y,objectid,crn,arrival_tm,automobile_count,belted_death_count,belted_susp_serious_inj_count,bicycle_count,bicycle_death_count,bicycle_susp_serious_inj_count,bus_count,chldpas_death_count,chldpas_susp_serious_inj_count,collision_type,comm_veh_count,cons_zone_spd_lim,county,crash_month,crash_year,day_of_week,dec_latitude,dec_longitude,dispatch_tm,district,driver_count_16yr,driver_count_17yr,driver_count_18yr,driver_count_19yr,driver_count_20yr,driver_count_50_64yr,driver_count_65_74yr,driver_count_75plus,est_hrs_closed,fatal_count,heavy_truck_count,horse_buggy_count,hour_of_day,illumination,injury_count,intersection_related_x,intersect_type,lane_closed,latitude,ln_close_dir,location_type,longitude,max_severity_level,mcycle_death_count,mcycle_susp_serious_inj_count,motorcycle_count,municipality,nonmotr_count,nonmotr_death_count,nonmotr_susp_serious_inj_count,ntfy_hiwy_maint,ped_count,ped_death_count,ped_susp_serious_inj_count,person_count,police_agcy,possible_inj_count,rdwy_surf_type_cd,relation_to_road,roadway_cleared,road_condition,sch_bus_ind,sch_zone_ind,secondary_crash,small_truck_count,spec_juris_cd,susp_minor_inj_count,susp_serious_inj_count,suv_count,tcd_func_cd,tcd_type,tfc_detour_ind,time_of_day,total_units,tot_inj_count,unbelted_occ_count,unb_death_count,unb_susp_serious_inj_count,unk_inj_deg_count,unk_inj_per_count,urban_rural,van_count,vehicle_count,weather1,weather2,workers_pres,work_zone_ind,work_zone_loc,work_zone_type,wz_close_detour,wz_flagger,wz_law_offcr_ind,wz_ln_closure,wz_moving,wz_other,wz_shlder_mdn,wz_workers_inj_killed,aggressive_driving,alcohol_related,angle_crash,atv,atv_route,backup_congestion,backup_nonrecurring,backup_prior,bicycle,cell_phone,child_passenger,comm_vehicle,core_network,cross_median,curved_road,curve_dvr_error,deer_related,distracted,drinking_driver,driver_16yr,driver_17yr,driver_18yr,driver_19yr,driver_20yr,driver_50_64yr,driver_65_74yr,driver_75plus,drugged_driver,drug_related,fatal,fatal_or_susp_serious_inj,fatigue_asleep,federal_aid_route,fire_in_vehicle,hazardous_truck,hit_barrier,hit_bridge,hit_deer,hit_embankment,hit_fixed_object,hit_gdrail,hit_gdrail_end,hit_parked_vehicle,hit_pole,hit_roadway_equipment,hit_run,hit_temp_construction_barrier,hit_traffic_island,hit_tree_shrub,hit_utility_pole,horse_buggy,ho_oppdir_sdswp,hvy_truck_related,icy_road,illegal_drug_related,illumination_dark,impaired_driver,impaired_nonmotorist,injury,injury_or_fatal,intersection,intersection_related_y,interstate,lane_departure,left_turn,limit_65mph,limit_70mph,local_road,local_road_only,marijuana_drugged_driver,marijuana_related,mature_driver,mc_drinking_driver,motorcycle,multiple_vehicle,nhtsa_agg_driving,non_intersection,no_clearance,opioid_related,other_freeway_expressway,overturned,pedestrian,phantom_vehicle,possible_injury,property_damage_only,psp_reported,ramp,ramp_segment,ramp_terminal,rear_end,roundabout,running_red_lt,running_stop_sign,rural,school_bus,school_bus_related,school_bus_unit,school_zone,shldr_related,signalized_int,single_vehicle,snowmobile,snow_slush_road,speeding,speeding_related,speed_change_lane,state_road,stop_controlled_int,sudden_deer,suspected_minor_injury,suspected_serious_injury,sv_run_off_rd,tailgating,train,train_trolley,trolley,turnpike,unbelted,underage_drnk_drv,unlicensed,unsignalized_int,urban,vehicle_failure,vehicle_towed,vulnerable_road_user,vulnerable_road_user_fatal,wet_road,work_zone,young_driver
-8362164.609,4873384.892,572,2023013567,1644,2,0,0,0,0,0,0,0,0,4,0,,46,2,2023,1,40.051189,-75.118601,1641,6,0,0,0,0,0,0,0,1,,0,0,0,16,,1,,1,,40 03:04.280,5,0,75 07:06.962,4,0,0,0,46102,0,0,0,N,0,0,0,4,46102,1,,1,1721,1,N,N,N,0,,0,0,2,,2,Y,1640,4,1,0,0,0,0,0,2,0,4,,3,,N,,,,,,,,,,,1,0,1,0,0,0,0,0,0,0,0,0,0,0,0,0,0,0,0,0,0,0,0,0,0,0,1,0,0,0,0,0,0,0,0,0,0,0,0,0,0,0,0,0,0,0,0,0,0,0,0,0,0,0,0,0,0,0,1,1,1,0,0,0,0,0,0,1,0,0,0,1,0,0,1,0,0,0,0,0,0,0,0,1,0,0,0,0,0,0,0,1,0,0,0,0,0,0,0,1,0,0,0,0,0,0,1,0,0,0,0,0,0,0,0,0,0,0,0,0,0,1,0,1,0,0,0,0,0
-8362557.121,4873673.859,573,2023013564,700,0,0,0,0,0,0,0,0,0,7,0,,46,2,2023,7,40.053176,-75.122127,651,6,0,0,0,0,0,0,0,0,,0,0,0,6,,0,,2,,40 03:11.434,4,0,75 07:19.656,0,0,0,0,46102,0,0,0,N,0,0,0,1,46102,0,,5,732,1,N,N,N,0,,0,0,1,,0,N,645,1,0,0,0,0,0,0,2,0,1,,3,,N,,,,,,,,,,,0,0,0,0,0,0,0,0,0,0,0,0,0,0,0,0,0,0,0,0,0,0,0,0,0,0,0,0,0,0,0,0,0,0,0,0,0,0,0,1,0,0,0,1,0,0,0,0,0,1,0,0,0,0,0,0,0,0,0,0,1,0,0,0,1,0,0,1,0,0,0,0,0,0,0,0,0,0,0,0,0,0,0,0,1,0,0,0,0,0,0,0,0,0,0,0,0,0,0,0,1,0,0,0,0,0,1,0,0,0,0,1,0,0,0,0,0,0,0,0,1,1,1,1,0,0,0,0,0
-8372764.676,4866994.879,574,2023027466,2045,0,0,0,0,0,0,0,0,0,5,0,,46,3,2023,2,40.007235,-75.213823,2042,6,0,0,0,0,0,1,0,0,,0,0,0,20,,1,,1,,40 00:26.046,,0,75 12:49.762,4,0,0,0,46104,0,0,0,N,0,0,0,2,46104,1,,1,,1,N,N,N,0,,0,0,2,,2,,2042,2,1,0,0,0,0,1,2,0,2,,,,N,,,,,,,,,,,1,0,0,0,0,0,0,0,0,0,0,0,1,0,0,0,0,0,0,0,0,0,0,0,1,0,0,0,0,0,0,0,0,0,0,0,0,0,0,0,0,0,0,0,0,0,0,0,0,0,0,0,0,0,0,1,0,0,1,1,1,0,0,0,1,0,0,1,0,0,0,0,0,0,1,0,0,0,0,0,0,0,0,1,0,0,0,0,0,0,0,0,0,0,0,0,0,0,0,1,0,0,0,0,0,0,1,0,0,0,0,0,0,0,0,0,0,0,0,0,0,1,0,0,0,0,0,0,0
-8372989.43,4866868.731,575,2023024666,1452,1,0,0,0,0,0,0,0,0,0,0,,46,2,2023,6,40.006367,-75.215842,1449,6,0,0,0,1,0,0,0,0,,0,0,0,14,,0,N,0,,40 00:22.920,3,0,75 12:57.030,0,0,0,0,46104,0,0,0,N,0,0,0,1,46104,0,,1,1530,1,N,N,N,0,,0,0,0,,3,Y,1449,1,0,0,0,0,0,0,2,0,1,,,,N,,,,,,,,,,,0,0,0,0,0,0,0,0,0,0,0,0,0,0,0,0,0,0,0,0,0,0,1,0,0,0,0,0,0,0,0,0,0,1,0,0,0,0,0,0,0,0,0,0,0,0,0,0,0,0,0,0,0,0,0,0,0,0,0,0,0,0,0,0,0,0,0,1,1,0,0,0,0,0,0,0,1,0,0,0,0,0,0,0,1,0,0,0,0,0,0,0,0,0,0,0,0,0,0,0,1,0,0,0,0,0,0,0,0,0,0,1,0,0,0,0,0,0,0,0,0,1,0,1,0,0,0,0,1
-8359021.057,4875434.889,576,2023019253,815,1,0,0,0,0,0,0,0,0,4,0,,46,2,2023,2,40.065284,-75.090362,754,6,0,0,0,0,0,1,0,0,,0,0,0,7,,2,,1,,40 03:55.022,5,0,75 05:25.303,3,0,0,0,46102,0,0,0,N,0,0,0,2,46102,1,,1,845,1,N,N,N,0,,1,0,1,,2,Y,750,2,2,0,0,0,0,0,2,0,2,,3,,N,,,,,,,,,,,1,0,1,0,0,0,0,0,0,0,0,0,0,0,0,0,0,0,0,0,0,0,0,0,1,0,0,0,0,0,0,0,0,0,0,0,0,0,0,0,0,0,0,0,0,0,0,0,0,0,0,0,0,0,0,0,0,0,1,1,1,0,0,0,0,0,0,1,0,0,0,0,0,0,1,0,0,0,0,0,0,0,0,1,0,0,0,0,0,0,0,0,0,0,0,0,0,0,0,1,0,0,0,0,0,0,1,0,0,1,0,0,0,0,0,0,0,0,0,0,0,1,0,1,0,0,0,0,0
-8363799.002,4874645.965,577,2023013562,,0,0,0,0,0,0,0,0,0,4,0,,46,2,2023,5,40.05986,-75.133283,,6,0,0,0,0,0,0,0,0,,0,0,0,,,1,,1,,40 03:35.495,,0,75 07:59.818,4,0,0,0,46102,0,0,0,N,0,0,0,2,46102,1,,1,,1,N,N,N,0,,0,0,2,,2,,,2,1,0,0,0,0,0,2,0,2,,,,N,,,,,,,,,,,1,0,1,0,0,0,0,0,0,0,0,0,0,0,0,0,0,0,0,0,0,0,0,0,0,0,0,0,0,0,0,0,0,0,0,0,0,0,0,0,0,0,0,0,0,0,0,0,0,0,0,0,0,0,0,0,0,0,1,1,1,0,0,0,1,0,0,1,0,0,0,0,0,0,1,0,0,0,0,0,0,0,0,1,0,0,0,0,0,0,0,0,0,0,0,0,0,0,0,1,0,0,0,0,0,0,1,0,0,0,0,0,0,0,0,0,0,0,0,0,0,1,0,1,0,0,0,0,0
-8377234.489,4864243.821,578,2023036809,,1,0,0,0,0,0,0,0,0,4,0,,46,4,2023,4,39.988303,-75.253976,,6,0,0,0,0,0,0,0,0,,0,0,0,,,1,,1,,39 59:17.892,,0,75 15:14.313,3,0,0,0,46104,0,0,0,N,0,0,0,2,46104,0,,1,,1,N,N,N,0,,1,0,1,,2,,,2,1,0,0,0,0,0,2,0,2,,,,N,,,,,,,,,,,1,0,1,0,0,0,0,0,0,0,0,0,1,0,0,0,0,0,0,0,0,0,0,0,0,0,0,0,0,0,0,0,0,0,0,0,0,0,0,0,0,0,0,0,0,0,0,0,0,0,0,0,0,0,0,0,0,0,1,1,1,0,0,0,1,0,0,0,0,0,0,0,0,0,1,0,0,0,0,0,0,0,0,0,0,0,0,0,0,0,0,0,0,0,0,0,0,0,0,1,0,0,0,0,0,0,1,0,0,1,0,0,0,0,0,0,0,0,0,0,0,1,0,1,0,0,0,0,0
-8359732.5,4875978.475,579,2023032374,,0,0,0,0,0,0,0,0,0,7,0,,46,4,2023,4,40.069021,-75.096753,,6,0,0,0,0,0,0,0,0,,0,0,0,,,0,N,0,,40 04:08.474,,0,75 05:48.310,0,0,0,0,46102,0,0,0,N,0,0,0,1,46102,0,,5,,98,N,N,N,0,,0,0,1,,0,,,1,0,0,0,0,0,0,2,0,1,,3,,N,,,,,,,,,,,0,0,0,0,0,0,0,0,0,0,0,0,0,0,0,0,0,0,0,0,0,0,0,0,0,0,0,0,0,0,0,0,0,0,0,0,0,0,0,1,0,0,0,1,0,0,0,0,0,1,0,0,0,0,0,0,0,0,0,0,0,0,0,1,0,0,0,0,0,0,0,0,0,0,0,0,1,0,0,0,0,0,0,0,1,0,0,0,0,0,0,0,0,0,0,0,0,0,0,0,1,0,0,0,0,0,1,0,0,0,0,1,0,0,0,0,0,0,0,0,0,1,0,1,0,0,0,0,0
-8363799.002,4874645.965,580,2023034554,,0,0,0,0,0,0,0,0,0,4,0,,46,4,2023,4,40.05986,-75.133283,,6,0,0,0,0,1,0,1,0,,0,0,0,,,2,,1,,40 03:35.495,,0,75 07:59.818,3,0,0,0,46102,0,0,0,N,0,0,0,2,46102,0,,1,,1,N,N,N,0,,2,0,2,,2,,,2,2,1,0,0,0,0,2,0,2,,,,N,,,,,,,,,,,1,0,1,0,0,0,0,0,0,0,0,0,0,0,0,0,0,0,0,0,0,0,0,1,0,1,0,0,0,0,0,0,0,0,0,0,0,0,0,0,0,0,0,0,0,0,0,0,0,0,0,0,0,0,0,0,0,0,1,1,1,0,0,0,1,0,0,1,0,0,0,1,0,0,1,0,0,0,0,0,0,0,0,0,0,0,0,0,0,0,0,0,0,0,0,0,0,0,0,1,0,0,0,0,0,0,1,0,0,1,0,0,0,0,0,0,0,1,0,0,0,1,0,1,0,0,0,0,1
-8373530.109,4866513.694,581,2023036798,,1,0,0,0,0,0,0,0,0,7,0,,46,4,2023,2,40.003924,-75.220699,,6,0,0,0,1,0,0,0,0,,0,0,0,,,1,,1,,40 00:14.125,2,0,75 13:14.515,3,0,0,0,46104,0,0,0,N,0,0,0,2,46104,0,,1,1539,1,N,N,N,0,,1,0,0,,2,N,,2,1,1,0,0,0,0,2,0,1,,,,N,,,,,,,,,,,0,0,0,0,0,0,0,0,0,0,0,0,1,0,0,0,0,0,0,0,0,0,1,0,0,0,0,0,0,0,0,0,0,0,0,0,0,0,0,1,0,0,0,0,0,0,0,0,0,0,0,0,0,0,0,0,0,0,1,1,1,0,0,0,0,0,0,0,0,0,0,0,0,0,0,0,0,0,0,0,0,0,1,0,0,0,0,0,0,0,0,0,0,0,0,0,0,0,0,1,1,0,0,0,0,0,1,0,0,1,0,1,0,0,0,0,0,1,0,0,0,1,0,1,0,0,0,0,1
-8377272.56,4864226.967,582,2023031530,,0,0,0,0,0,0,0,0,0,7,0,,46,4,2023,4,39.988187,-75.254318,,6,1,0,0,0,0,0,0,0,,0,0,0,,,0,N,0,,39 59:17.473,2,0,75 15:15.543,0,0,0,0,46104,0,0,0,N,0,0,0,1,46104,0,,4,45,1,N,N,N,0,,0,0,1,,0,N,,1,0,0,0,0,0,0,2,0,1,,3,,N,,,,,,,,,,,0,0,0,0,0,0,0,0,0,0,0,0,1,0,0,0,0,0,0,1,0,0,0,0,0,0,0,0,0,0,0,0,0,0,0,0,0,0,0,1,0,0,0,0,0,0,0,0,1,0,0,0,0,0,0,0,0,0,0,0,0,0,0,1,0,0,0,0,0,0,0,0,0,0,0,0,1,0,0,0,0,0,0,0,1,0,0,0,0,0,0,0,0,0,0,0,0,0,0,0,1,0,0,0,0,0,1,0,0,0,0,1,0,0,0,0,0,0,0,0,0,1,0,1,0,0,0,0,1
-8364590.373,4875248.125,583,2023043487,,1,0,0,0,0,0,0,0,0,7,0,,46,5,2023,2,40.064,-75.140392,,6,0,0,0,0,0,0,0,0,,0,0,0,,,1,N,0,,40 03:50.401,,0,75 08:25.411,3,0,0,0,46102,0,0,0,N,0,0,0,6,46102,0,,4,,1,N,N,N,0,,1,0,0,,0,,,1,1,0,0,0,0,0,2,0,1,,,,N,,,,,,,,,,,0,0,0,0,0,0,0,0,0,0,1,0,1,0,0,0,0,0,0,0,0,0,0,0,0,0,0,0,0,0,0,0,0,0,0,0,0,0,0,1,0,0,0,1,0,0,0,0,0,0,0,0,0,0,0,0,0,0,1,1,0,0,0,1,0,0,0,0,0,0,0,0,0,0,0,0,1,0,0,0,0,0,0,0,0,0,0,0,0,0,0,0,0,0,0,0,0,0,0,0,1,0,0,0,0,0,1,0,0,1,0,1,0,0,0,0,0,0,0,0,0,1,0,1,0,0,0,0,0
-8368062.206,4877851.216,584,2023036092,,2,0,0,0,0,0,0,0,0,4,0,,46,4,2023,7,40.081894,-75.17158,,6,0,0,0,1,0,0,1,0,,0,0,0,,,1,,1,,40 04:54.817,4,0,75 10:17.687,3,0,0,0,46102,0,0,0,N,0,0,0,5,46102,0,,1,100,1,N,N,N,0,,1,0,1,,2,N,,3,1,0,0,0,0,0,2,0,3,,,,N,,,,,,,,,,,1,0,1,0,0,0,0,0,0,0,0,0,0,0,0,0,0,0,0,0,0,0,1,0,0,1,0,0,0,0,0,0,0,0,0,0,0,0,0,0,0,0,0,0,0,0,0,0,0,0,0,0,0,0,0,0,0,0,1,1,1,0,0,0,0,0,0,1,0,0,0,1,0,0,1,1,0,0,0,0,0,0,0,0,0,0,0,0,0,0,0,0,0,0,0,0,0,0,0,1,0,0,0,0,1,0,1,0,0,1,0,0,0,0,0,0,0,0,0,0,0,1,0,1,0,0,0,0,1
-8364171.032,4874944.713,585,2023043488,1607,2,0,0,0,0,0,0,0,0,4,0,,46,5,2023,3,40.061914,-75.136625,1607,6,0,0,0,0,0,0,1,0,,0,0,0,16,,3,,1,,40 03:42.889,4,0,75 08:11.849,3,0,0,0,46102,0,0,0,N,0,0,0,3,46102,2,,1,1720,1,N,N,N,0,,1,0,0,,2,N,1607,2,3,0,0,0,0,0,2,0,2,,,,N,,,,,,,,,,,1,0,1,0,0,0,0,0,0,0,0,0,1,0,0,0,0,0,0,0,0,0,0,0,0,1,0,0,0,0,0,0,0,0,0,0,0,0,0,0,0,0,0,0,0,0,0,0,0,0,0,0,0,0,0,0,0,0,1,1,1,0,0,0,1,0,0,1,0,0,0,1,0,0,1,0,0,0,0,0,0,0,0,1,0,0,0,0,0,0,0,0,0,0,0,0,0,0,0,1,0,0,0,0,0,0,1,0,0,1,0,0,0,0,0,0,0,0,0,0,0,1,0,1,0,0,0,0,0
-8363697.924,4874559.28,586,2023032367,610,0,0,0,0,0,0,0,0,0,7,0,,46,3,2023,5,40.059264,-75.132375,604,6,0,0,0,0,0,0,0,0,,0,0,0,6,,0,N,0,,40 03:33.350,,7,75 07:56.550,0,0,0,0,46102,0,0,0,N,0,0,0,1,46102,0,,5,,9,N,N,Y,1,,0,0,0,,0,,604,1,0,0,0,0,0,0,2,0,1,,,,N,,,,,,,,,,,1,0,0,0,0,0,0,0,0,0,0,0,0,0,0,0,0,0,0,0,0,0,0,0,0,0,0,0,0,0,0,0,0,0,0,0,0,0,0,1,0,0,0,0,0,0,0,0,1,0,0,0,0,0,0,1,0,0,0,0,0,0,0,0,0,0,0,1,1,0,0,0,0,0,0,0,1,0,0,0,0,0,0,0,1,0,0,0,0,0,0,0,0,0,0,0,0,0,0,0,1,0,0,0,1,0,0,0,0,0,0,1,0,0,0,0,0,0,0,0,0,1,0,1,0,0,1,0,0
-8366114.56,4876371.964,587,2023038520,1352,2,0,0,0,0,0,0,0,0,4,0,,46,4,2023,4,40.071726,-75.154084,1348,6,0,0,0,0,0,1,0,0,,0,0,0,13,,1,,1,,40 04:18.214,,0,75 09:14.704,4,0,0,0,46102,0,0,0,N,0,0,0,2,46102,1,,1,,1,N,N,N,0,,0,0,0,,2,,1345,2,1,1,0,0,0,0,2,0,2,,3,,N,,,,,,,,,,,1,0,1,0,0,0,0,0,0,0,0,0,1,0,0,0,0,0,0,0,0,0,0,0,1,0,0,0,0,0,0,0,0,0,0,0,0,0,0,0,0,0,0,0,0,0,0,0,0,0,0,0,0,0,0,0,0,0,1,1,1,0,0,0,0,0,0,0,0,0,0,0,0,0,1,0,0,1,0,0,0,0,0,1,0,0,0,0,0,0,0,0,0,0,0,0,0,0,0,1,0,0,0,0,0,0,1,0,0,0,0,0,0,0,0,0,0,1,0,0,0,1,0,0,0,0,0,0,0
-8359507.857,4875805.228,588,2023032378,1343,1,0,0,0,0,0,0,0,0,4,0,,46,4,2023,3,40.06783,-75.094735,1330,6,0,0,0,0,0,0,0,0,,0,0,0,13,,0,N,0,,40 04:04.188,,7,75 05:41.045,0,0,0,0,46102,0,0,0,N,0,0,0,2,46102,0,,1,,1,N,N,N,0,,0,0,1,,0,,1330,2,0,0,0,0,0,0,2,0,2,,3,,N,,,,,,,,,,,1,0,1,0,0,0,0,0,0,0,0,0,0,0,0,0,0,0,0,0,0,0,0,0,0,0,0,0,0,0,0,0,0,0,0,0,0,0,0,0,0,0,0,0,0,0,0,0,0,0,0,0,0,0,0,0,0,0,0,0,0,0,0,0,0,0,0,0,0,0,0,0,0,0,1,0,1,0,0,0,0,0,0,0,1,0,0,0,0,0,0,0,0,0,0,0,0,0,0,0,0,0,0,0,0,0,1,0,0,0,0,0,0,0,0,0,0,0,0,0,0,1,0,1,0,0,0,0,0
-8359111.337,4875504.127,589,2023032365,1229,2,0,0,0,0,0,0,0,0,1,0,,46,3,2023,3,40.06576,-75.091173,1223,6,0,0,0,1,0,0,0,0,,0,0,0,12,,0,N,0,,40 03:56.737,2,0,75 05:28.224,0,0,0,0,46102,0,0,0,N,0,0,0,4,46102,0,,1,1249,1,N,N,N,0,,0,0,1,,0,N,1222,3,0,0,0,0,0,0,2,0,3,,,,N,,,,,,,,,,,0,0,0,0,0,0,0,0,0,0,0,0,0,0,0,0,0,1,0,0,0,0,1,0,0,0,0,0,0,0,0,0,0,0,0,0,0,0,0,0,0,0,0,0,0,0,0,0,0,0,0,0,0,0,0,0,0,0,0,0,0,0,0,0,0,0,0,0,0,0,0,0,0,0,1,0,1,0,0,0,0,0,0,0,1,0,0,0,0,1,0,0,0,0,0,0,0,0,0,0,0,0,0,0,0,0,1,0,0,0,0,0,0,0,0,0,0,0,0,0,0,1,0,1,0,0,0,0,1
-8367622.049,4877502.478,590,2023025393,902,2,0,0,0,0,0,0,0,0,4,0,,46,3,2023,2,40.079497,-75.167626,902,6,0,0,0,0,0,2,0,0,,0,0,0,9,,3,,1,,40 04:46.189,4,0,75 10:03.453,8,0,0,0,46102,0,0,0,N,0,0,0,3,46102,0,,1,1000,9,N,N,N,0,,0,0,1,,2,N,902,3,3,0,0,0,3,0,2,0,3,,,,N,,,,,,,,,,,1,0,1,0,0,0,0,0,0,0,0,0,0,0,0,0,0,0,0,0,0,0,0,0,1,0,0,0,0,0,0,0,0,0,0,0,0,0,0,0,0,0,0,0,0,0,0,0,0,0,0,0,0,0,0,0,0,0,1,1,1,0,0,0,0,0,0,1,0,0,0,0,0,0,1,0,0,0,0,0,0,0,0,0,0,0,0,0,0,0,0,1,0,0,0,0,0,0,0,1,0,0,0,0,0,0,1,0,0,0,0,0,0,0,0,0,0,0,0,0,0,1,0,1,0,0,1,0,0
-8359021.057,4875434.889,591,2023036093,2206,2,0,0,0,0,0,0,0,0,4,0,,46,4,2023,7,40.065284,-75.090362,2204,6,0,0,0,0,0,0,1,0,,0,0,0,22,,2,,1,,40 03:55.022,,0,75 05:25.303,3,0,0,0,46102,0,0,0,N,0,0,0,3,46102,0,,1,,9,N,N,N,1,,2,0,0,,2,,2202,3,2,0,0,0,0,0,2,0,3,,,,N,,,,,,,,,,,1,0,1,0,0,0,0,0,0,0,0,0,0,0,0,0,0,0,0,0,0,0,0,0,0,1,0,0,0,0,0,0,0,0,0,0,0,0,0,0,0,0,0,0,0,0,0,0,0,0,0,0,0,0,0,1,0,0,1,1,1,0,0,0,0,0,0,1,0,0,0,1,0,0,1,0,0,0,0,0,0,0,0,0,0,0,0,0,0,0,0,0,0,0,0,0,0,0,0,1,0,0,0,0,1,0,1,0,0,1,0,0,0,0,0,0,0,0,0,0,0,1,0,1,0,0,1,0,0
-8365300.702,4875762.753,592,2023018817,618,1,0,0,0,0,0,0,0,0,4,0,,46,2,2023,5,40.067538,-75.146773,615,6,0,0,0,0,0,0,0,0,,0,0,0,6,,0,,2,,40 04:03.138,,0,75 08:48.383,0,0,0,0,46102,0,0,0,N,0,0,0,2,46102,0,,1,,9,N,N,N,0,,0,0,1,,2,,615,2,0,0,0,0,0,0,2,0,2,,98,,N,,,,,,,,,,,1,0,1,0,0,0,0,0,0,0,0,0,1,0,0,0,0,0,0,0,0,0,0,0,0,0,0,0,0,0,0,0,0,0,0,0,0,0,0,0,0,0,0,1,0,1,0,0,0,1,0,0,0,0,0,1,0,0,0,0,1,0,0,0,0,0,0,1,0,0,0,0,0,0,1,0,0,0,0,0,0,0,0,0,1,0,0,0,0,0,0,1,0,0,0,0,0,0,0,1,0,0,0,0,0,0,1,0,0,0,0,0,0,0,0,0,0,0,0,0,0,1,1,1,0,0,1,0,0
-8359472.791,4875778.754,593,2023036090,1117,1,0,0,0,0,0,0,0,0,1,0,,46,4,2023,6,40.067648,-75.09442,1111,6,0,0,1,0,0,0,1,1,,0,0,0,11,,4,,2,,40 04:03.532,,0,75 05:39.911,3,0,0,0,46102,0,0,0,N,0,0,0,4,46102,1,,1,,1,N,N,N,0,,3,0,2,,0,,1105,3,4,4,0,0,0,0,2,0,3,,3,,N,,,,,,,,,,,0,0,0,0,0,0,0,0,0,0,0,0,0,0,0,0,0,0,0,0,0,1,0,0,0,1,1,0,0,0,0,0,0,0,0,0,0,0,0,0,0,0,0,0,0,0,0,0,0,0,0,0,0,0,0,0,0,0,1,1,1,0,0,0,1,0,0,1,0,0,0,1,0,0,1,0,0,0,0,0,0,0,0,1,0,0,0,0,0,1,0,0,0,0,0,0,0,0,0,0,0,0,0,0,1,0,1,0,0,1,0,0,0,0,0,0,0,1,0,0,1,1,0,1,0,0,0,0,1
-8366114.56,4876371.964,594,2023032371,1145,1,0,0,0,0,0,0,0,0,4,0,,46,3,2023,6,40.071726,-75.154084,1140,6,0,0,0,0,0,1,0,0,,0,0,0,11,,1,,1,,40 04:18.214,4,0,75 09:14.704,3,0,0,0,46102,0,0,0,N,0,0,0,2,46102,0,,1,1210,1,N,N,N,0,,1,0,1,,2,N,1140,2,1,0,0,0,0,0,2,0,2,,3,,N,,,,,,,,,,,1,0,1,0,0,0,0,0,0,0,0,0,1,0,0,0,0,0,0,0,0,0,0,0,1,0,0,0,0,0,0,0,0,0,0,0,0,0,0,0,0,0,0,0,0,0,0,0,0,0,0,0,0,0,0,0,0,0,1,1,1,0,0,0,0,0,0,0,0,0,0,0,0,0,1,0,0,0,0,0,0,0,0,0,0,0,0,0,0,0,0,1,0,0,0,0,0,0,0,1,0,0,0,0,0,0,1,0,0,1,0,0,0,0,0,0,0,0,0,0,0,1,0,1,0,0,0,0,0
-8364245.839,4874994.748,595,2023023772,529,1,0,0,0,0,0,0,0,0,4,0,,46,3,2023,3,40.062258,-75.137297,525,6,0,0,0,0,0,1,0,0,,0,0,0,5,,0,N,0,,40 03:44.130,,0,75 08:14.270,0,0,0,0,46102,0,0,0,N,0,0,0,2,46102,0,,1,,9,N,N,N,0,,0,0,1,,0,,525,2,0,0,0,0,0,0,2,0,2,,,,N,,,,,,,,,,,1,0,1,0,0,0,0,0,0,0,0,0,0,0,0,0,0,0,0,0,0,0,0,0,1,0,0,0,0,0,0,0,0,0,0,0,0,0,0,0,0,0,0,0,0,0,0,0,1,0,0,0,0,0,0,1,0,0,0,0,0,0,0,1,0,0,0,1,1,0,0,0,0,0,1,0,1,0,0,0,0,0,0,0,1,0,0,0,0,0,0,0,0,0,0,0,0,0,0,0,0,0,0,0,0,0,0,0,0,0,0,0,0,0,0,0,0,0,0,0,0,1,0,1,0,0,1,0,0
-8365010.047,4875546.164,596,2023023773,1334,1,0,0,0,0,0,0,0,0,1,0,,46,3,2023,3,40.066049,-75.144162,1331,6,0,0,0,0,0,0,1,0,,0,0,0,13,,1,,2,,40 03:57.777,,0,75 08:38.982,4,0,0,0,46102,0,0,0,N,0,0,0,2,46102,1,,1,,1,N,N,N,0,,0,0,1,,2,,1330,2,1,0,0,0,0,1,2,0,2,,,,N,,,,,,,,,,,1,0,0,0,0,0,0,0,0,0,0,0,1,0,0,0,0,0,0,0,0,0,0,0,0,1,0,0,0,0,0,0,0,0,0,0,0,0,0,0,0,0,0,0,0,1,0,0,0,0,0,0,0,0,0,0,0,0,1,1,1,0,0,0,0,0,0,1,0,0,0,1,0,0,1,0,0,0,0,0,0,0,0,1,0,0,0,0,0,1,0,0,0,0,0,0,0,0,0,1,0,0,0,0,0,0,1,0,0,0,0,0,1,0,0,0,0,0,0,0,0,1,0,1,0,0,0,0,0
-8364469.702,4875155.762,597,2023023777,1834,1,0,0,0,0,0,0,0,0,7,0,,46,3,2023,2,40.063365,-75.139308,1829,6,0,0,0,0,0,0,0,0,,0,0,0,18,,1,,3,,40 03:48.113,,0,75 08:21.507,4,0,0,0,46102,0,0,0,N,0,0,0,1,46102,1,,2,,9,N,N,N,0,,0,0,0,,2,,1829,1,1,0,0,0,0,0,2,0,1,,7,,N,,,,,,,,,,,0,0,0,0,0,0,0,0,0,0,0,0,1,0,0,0,0,0,0,0,0,0,0,0,0,0,0,0,0,0,0,0,0,0,0,0,0,0,0,1,0,0,0,0,0,0,0,0,0,0,0,0,0,0,0,0,0,0,1,1,1,0,0,0,0,0,0,1,0,0,0,0,0,0,0,0,0,0,0,0,0,0,0,1,0,0,0,0,0,0,0,0,0,0,0,0,0,0,0,1,1,0,0,0,0,0,1,0,0,0,0,1,0,0,0,0,0,0,0,0,0,1,0,1,0,0,1,0,0