X,Y,objectid,crn,arrival_tm,automobile_count,belted_death_count,belted_susp_serious_inj_count,bicycle_count,bicycle_death_count,bicycle_susp_serious_inj_count,bus_count,chldpas_death_count,chldpas_susp_serious_inj_count,collision_type,comm_veh_count,cons_zone_spd_lim,county,crash_month,crash_year,day_of_week,dec_latitude,dec_longitude,dispatch_tm,district,driver_count_16yr,driver_count_17yr,driver_count_18yr,driver_count_19yr,driver_count_20yr,driver_count_50_64yr,driver_count_65_74yr,driver_count_75plus,est_hrs_closed,fatal_count,heavy_truck_count,horse_buggy_count,hour_of_day,illumination,injury_count,intersection_related_x,intersect_type,lane_closed,latitude,ln_close_dir,location_type,longitude,max_severity_level,mcycle_death_count,mcycle_susp_serious_inj_count,motorcycle_count,municipality,nonmotr_count,nonmotr_death_count,nonmotr_susp_serious_inj_count,ntfy_hiwy_maint,ped_count,ped_death_count,ped_susp_serious_inj_count,person_count,police_agcy,possible_inj_count,rdwy_surf_type_cd,relation_to_road,roadway_cleared,road_condition,sch_bus_ind,sch_zone_ind,secondary_crash,small_truck_count,spec_juris_cd,susp_minor_inj_count,susp_serious_inj_count,suv_count,tcd_func_cd,tcd_type,tfc_detour_ind,time_of_day,total_units,tot_inj_count,unbelted_occ_count,unb_death_count,unb_susp_serious_inj_count,unk_inj_deg_count,unk_inj_per_count,urban_rural,van_count,vehicle_count,weather1,weather2,workers_pres,work_zone_ind,work_zone_loc,work_zone_type,wz_close_detour,wz_flagger,wz_law_offcr_ind,wz_ln_closure,wz_moving,wz_other,wz_shlder_mdn,wz_workers_inj_killed,aggressive_driving,alcohol_related,angle_crash,atv,atv_route,backup_congestion,backup_nonrecurring,backup_prior,bicycle,cell_phone,child_passenger,comm_vehicle,core_network,cross_median,curved_road,curve_dvr_error,deer_related,distracted,drinking_driver,driver_16yr,driver_17yr,driver_18yr,driver_19yr,driver_20yr,driver_50_64yr,driver_65_74yr,driver_75plus,drugged_driver,drug_related,fatal,fatal_or_susp_serious_inj,fatigue_asleep,federal_aid_route,fire_in_vehicle,hazardous_truck,hit_barrier,hit_bridge,hit_deer,hit_embankment,hit_fixed_object,hit_gdrail,hit_gdrail_end,hit_parked_vehicle,hit_pole,hit_roadway_equipment,hit_run,hit_temp_construction_barrier,hit_traffic_island,hit_tree_shrub,hit_utility_pole,horse_buggy,ho_oppdir_sdswp,hvy_truck_related,icy_road,illegal_drug_related,illumination_dark,impaired_driver,impaired_nonmotorist,injury,injury_or_fatal,intersection,intersection_related_y,interstate,lane_departure,left_turn,limit_65mph,limit_70mph,local_road,local_road_only,marijuana_drugged_driver,marijuana_related,mature_driver,mc_drinking_driver,motorcycle,multiple_vehicle,nhtsa_agg_driving,non_intersection,no_clearance,opioid_related,other_freeway_expressway,overturned,pedestrian,phantom_vehicle,possible_injury,property_damage_only,psp_reported,ramp,ramp_segment,ramp_terminal,rear_end,roundabout,running_red_lt,running_stop_sign,rural,school_bus,school_bus_related,school_bus_unit,school_zone,shldr_related,signalized_int,single_vehicle,snowmobile,snow_slush_road,speeding,speeding_related,speed_change_lane,state_road,stop_controlled_int,sudden_deer,suspected_minor_injury,suspected_serious_injury,sv_run_off_rd,tailgating,train,train_trolley,trolley,turnpike,unbelted,underage_drnk_drv,unlicensed,unsignalized_int,urban,vehicle_failure,vehicle_towed,vulnerable_road_user,vulnerable_road_user_fatal,wet_road,work_zone,young_driver
-8349728.993,4871615.502,831,2020032136,53,0,0,0,0,0,0,0,0,0,7,0,,9,4,2020,7,40.039021,-75.00689,50,6,0,0,0,0,0,0,0,0,,0,0,0,,,0,N,0,,40 02:20.476,1,0,75 00:24.804,0,0,0,0,9202,0,0,0,N,0,0,0,1,9202,0,,5,1320,1,N,N,N,0,,0,0,1,,0,N,,1,0,0,0,0,0,0,2,0,1,,3,,N,,,,,,,,,,,0,0,0,0,0,0,0,0,0,0,0,0,0,0,0,0,0,0,0,0,0,0,0,0,0,0,0,1,1,0,0,0,0,0,0,0,0,0,0,1,0,0,0,1,0,0,0,0,0,1,0,0,0,0,1,1,1,0,0,0,0,0,0,1,0,0,0,0,0,0,0,0,0,0,0,0,1,0,0,0,0,0,0,0,1,0,0,0,0,0,0,0,0,0,0,0,0,0,0,0,1,0,0,0,0,0,1,0,0,0,0,1,0,0,0,0,0,0,0,0,0,1,0,1,0,0,0,0,0
-8344352.26,4880035.729,832,2021027492,,1,0,0,0,0,0,0,0,0,1,0,,9,3,2021,4,40.096907,-74.95859,,6,0,0,0,0,0,0,0,0,,0,0,0,,,1,N,0,,40 05:48.865,,0,74 57:30.923,4,0,0,0,9202,0,0,0,N,0,0,0,2,9202,1,,1,,8,N,N,N,1,,0,0,0,,3,,,2,1,0,0,0,0,0,2,0,2,,,,N,,,,,,,,,,,1,0,0,0,0,0,0,0,0,0,0,0,0,0,0,0,0,0,0,0,0,0,0,0,0,0,0,0,0,0,0,0,0,0,0,0,0,0,0,0,0,0,0,0,0,0,0,0,0,0,0,0,0,0,0,0,0,0,1,1,0,0,0,0,0,0,0,0,0,0,0,0,0,0,1,0,1,0,0,0,0,0,0,1,0,0,0,0,0,1,0,0,0,0,0,0,0,0,0,0,0,0,0,0,0,0,1,0,0,0,0,0,1,0,0,0,0,0,0,0,0,1,0,0,0,0,1,0,0
-8349971.114,4885482.446,833,2022008254,1633,1,0,0,0,0,0,0,0,0,4,0,,9,10,2021,5,40.134325,-75.009065,1628,6,0,0,0,0,0,1,0,1,,0,0,0,,,1,,1,,40 08:03.571,,0,75 00:32.634,4,0,0,0,9212,0,0,0,N,0,0,0,2,9212,1,,1,,1,N,N,N,0,,0,0,1,,2,,,2,1,0,0,0,0,0,2,0,2,,,,N,,,,,,,,,,,1,0,1,0,0,0,0,0,0,0,0,0,0,0,0,0,0,0,0,0,0,0,0,0,1,0,1,0,0,0,0,0,0,0,0,0,0,0,0,0,0,0,0,0,0,0,0,0,0,0,0,0,0,0,0,0,0,0,1,1,1,0,0,0,1,0,0,1,0,0,0,1,0,0,1,0,0,0,0,0,0,0,0,1,0,0,0,0,0,0,0,0,0,0,0,0,0,0,0,1,0,0,0,0,0,0,1,0,0,0,0,0,0,0,0,0,0,0,0,0,0,1,0,1,0,0,0,0,0
-8347040.738,4873650.881,834,2022002104,755,2,0,0,0,0,0,0,0,0,6,0,,9,1,2022,6,40.053018,-74.982741,745,6,0,0,0,0,0,0,0,0,,0,0,0,,,1,N,0,,40 03:10.864,3,0,74 58:57.867,3,0,0,0,9202,0,0,0,N,0,0,0,3,9202,0,,1,830,7,N,N,N,1,,1,0,0,,0,N,,3,1,0,0,0,0,0,2,0,3,,3,,N,,,,,,,,,,,1,0,0,0,0,0,0,0,0,0,0,0,0,0,1,0,0,0,0,0,0,0,0,0,0,0,0,0,0,0,0,0,0,0,0,0,0,0,0,0,0,0,0,0,0,0,0,0,0,0,0,1,0,0,0,0,0,0,1,1,0,0,0,1,0,0,0,1,1,0,0,0,0,0,1,0,1,0,0,0,0,0,0,0,0,0,0,0,0,0,0,0,0,0,0,0,0,0,0,0,0,0,1,0,1,0,0,0,0,1,0,0,0,0,0,0,0,0,0,0,0,1,0,1,0,0,0,0,0
-8347040.738,4873650.881,835,2022036672,2047,0,0,0,0,0,0,0,0,0,7,0,,9,4,2022,2,40.053018,-74.982741,2034,6,0,0,0,0,0,0,0,0,,0,0,0,,,0,N,0,,40 03:10.864,,0,74 58:57.867,9,0,0,0,9202,0,0,0,N,0,0,0,1,9202,0,,5,,9,N,N,N,0,,0,0,0,,0,,,1,0,0,0,0,0,1,2,1,1,,7,,N,,,,,,,,,,,0,0,0,0,0,0,0,0,0,0,0,0,0,0,0,0,0,0,0,0,0,0,0,0,0,0,0,0,0,0,0,0,0,0,0,0,0,0,0,1,0,0,0,0,0,1,0,0,0,0,0,0,0,0,0,1,0,0,0,0,0,0,0,1,0,0,0,1,1,0,0,0,0,0,0,0,1,0,0,0,0,0,0,0,0,0,0,0,0,0,0,0,0,0,0,0,0,0,0,0,1,0,0,0,0,0,0,0,0,0,0,1,0,0,0,0,0,0,0,0,0,1,0,1,0,0,1,0,0
-8349971.114,4885482.446,836,2022056593,851,1,0,0,0,0,0,0,0,0,8,0,,9,5,2022,7,40.134325,-75.009065,848,6,0,0,0,0,0,0,1,0,,0,0,0,,,1,,1,,40 08:03.571,2,0,75 00:32.634,4,0,0,0,9212,1,0,0,N,1,0,0,2,9212,1,,1,1025,1,N,N,N,0,,0,0,0,,2,Y,,2,1,1,0,0,0,0,2,0,1,,3,,N,,,,,,,,,,,0,0,0,0,0,0,0,0,0,0,0,0,0,0,0,0,0,0,0,0,0,0,0,0,0,1,0,0,0,0,0,0,0,0,0,0,0,0,0,0,0,0,0,0,0,0,0,0,0,0,0,0,0,0,0,0,0,0,1,1,1,0,0,0,1,0,0,1,0,0,0,1,0,0,0,0,0,0,0,0,0,1,0,1,0,0,0,0,0,0,0,0,0,0,0,0,0,0,0,1,1,0,0,0,0,0,1,0,0,0,0,0,0,0,0,0,0,1,0,0,0,1,0,1,1,0,0,0,0
-8350427.746,4885847.628,837,2022017290,711,1,0,0,0,0,0,0,0,0,7,0,,9,2,2022,4,40.136833,-75.013167,706,6,0,0,1,0,0,0,0,0,,0,0,0,7,,0,N,0,,40 08:12.600,4,0,75 00:47.400,0,0,0,0,9212,0,0,0,N,0,0,0,1,9212,0,,2,723,2,N,N,N,0,,0,0,0,,0,N,703,1,0,0,0,0,0,0,2,0,1,,,,N,,,,,,,,,,,0,0,0,0,0,0,0,0,0,0,0,0,0,0,0,0,0,0,0,0,0,1,0,0,0,0,0,0,0,0,0,0,0,0,0,0,0,0,0,1,0,0,0,0,0,0,0,0,1,0,0,0,0,1,0,0,0,0,0,0,0,0,0,1,0,0,0,1,1,0,0,0,0,0,0,0,1,0,0,0,0,0,0,0,1,0,0,0,0,0,0,0,0,0,0,0,0,0,0,0,1,0,0,0,0,0,0,0,0,0,0,1,0,0,0,0,0,0,0,0,0,1,0,1,0,0,0,0,1
-8344362.724,4880051.3,838,2022108068,1946,1,0,0,0,0,0,0,0,0,7,0,,9,11,2022,4,40.097014,-74.958684,1941,6,0,0,0,0,0,0,0,1,,0,0,0,,,0,N,0,,40 05:49.252,2,3,74 57:31.263,0,0,0,0,9202,0,0,0,N,0,0,0,1,9202,0,,3,2040,1,N,N,N,0,,0,0,0,,0,Y,,1,0,0,0,0,0,0,2,0,1,,3,,N,,,,,,,,,,,0,0,0,0,0,0,0,0,0,0,0,0,0,0,0,0,0,0,0,0,0,0,0,0,0,0,1,0,0,0,0,0,0,0,0,0,0,0,0,1,0,0,0,0,0,0,0,0,0,0,0,0,0,0,0,1,0,0,0,0,0,0,0,1,0,0,0,0,0,0,0,1,0,0,0,0,1,0,0,0,0,0,0,0,1,0,0,0,0,0,0,0,0,0,0,0,0,0,0,0,1,0,0,0,0,0,1,0,0,0,0,1,0,0,0,0,0,0,0,0,0,1,0,1,0,0,0,0,0
-8349971.114,4885482.446,839,2022101903,1720,2,0,0,0,0,0,0,0,0,4,0,,9,10,2022,5,40.134325,-75.009065,1713,6,0,0,0,0,0,0,0,0,,0,0,0,,,0,,1,,40 08:03.571,1,0,75 00:32.634,9,0,0,0,9212,0,0,0,N,0,0,0,3,9212,0,,1,1810,1,N,N,N,0,,0,0,1,,2,N,,3,0,0,0,0,0,1,2,0,3,,,,N,,,,,,,,,,,1,0,1,0,0,0,0,0,0,0,0,0,0,0,0,0,0,0,0,0,0,0,0,0,0,0,0,0,0,0,0,0,0,0,0,0,0,0,0,0,0,0,0,0,0,0,0,0,0,0,0,0,0,0,0,0,0,0,0,0,1,0,0,0,0,0,0,1,0,0,0,0,0,0,1,0,0,0,0,0,0,0,0,0,0,0,0,0,0,0,0,1,0,0,0,0,0,0,0,1,0,0,0,0,0,0,1,0,0,0,0,0,0,0,0,0,0,0,0,0,0,1,0,1,0,0,0,0,0
-8349721.869,4885303.5,840,2023027529,1245,1,0,0,0,0,0,0,0,0,1,0,,9,3,2023,7,40.133096,-75.006826,1235,6,0,0,0,0,0,1,0,0,,0,0,0,12,,0,N,0,,40 07:59.147,1,0,75 00:24.573,0,0,0,0,9212,0,0,0,N,0,0,0,3,9212,0,,1,1316,1,N,N,N,0,,0,0,1,,0,N,1235,2,0,0,0,0,0,0,2,0,2,,,,N,,,,,,,,,,,1,0,0,0,0,0,0,0,0,0,0,0,0,0,0,0,0,0,0,0,0,0,0,0,1,0,0,0,0,0,0,0,0,0,0,0,0,0,0,0,0,0,0,0,0,0,0,0,0,0,0,0,0,0,0,0,0,0,0,0,0,0,0,0,0,0,0,0,0,0,0,0,0,0,1,0,1,0,0,0,0,0,0,0,1,0,0,0,0,1,0,0,0,0,0,0,0,0,0,0,0,0,0,0,1,0,1,0,0,0,0,0,0,0,0,0,0,0,0,0,0,1,0,1,0,0,0,0,0
-8346736.613,4883387.133,841,2023038919,929,1,0,0,0,0,0,0,0,0,1,0,,9,5,2023,3,40.119933,-74.980009,929,6,0,0,0,0,0,1,0,0,,0,0,0,,,0,N,0,,40 07:11.760,2,3,74 58:48.031,0,0,0,0,9202,0,0,0,N,0,0,0,2,9202,0,,1,1012,1,N,N,N,1,,0,0,0,,0,N,,2,0,0,0,0,0,0,2,0,2,,,,N,,,,,,,,,,,0,0,0,0,0,0,0,0,0,0,0,0,1,0,0,0,0,1,0,0,0,0,0,0,1,0,0,0,0,0,0,0,0,0,0,0,0,0,0,0,0,0,0,0,0,0,0,0,0,0,0,0,0,0,0,0,0,0,0,0,0,0,0,0,0,0,0,0,0,0,0,0,0,0,1,0,1,0,0,0,0,0,0,0,1,0,0,0,0,1,0,0,0,0,0,0,0,0,0,0,0,0,0,0,0,0,1,0,0,0,0,0,0,0,0,0,0,0,0,0,0,1,0,1,0,0,0,0,0
-8344352.817,4880034.564,842,2023055960,20,1,0,0,0,0,0,0,0,0,1,0,,9,6,2023,1,40.096899,-74.958595,18,6,0,0,0,0,0,0,0,0,,0,0,0,,,1,N,0,,40 05:48.838,1,3,74 57:30.941,3,0,0,0,9202,0,0,0,N,0,0,0,2,9202,0,,1,110,1,N,N,N,0,,1,0,1,,0,Y,,2,1,0,0,0,0,1,2,0,2,,3,,N,,,,,,,,,,,1,0,0,0,0,0,0,0,0,0,0,0,0,0,0,0,0,0,0,0,0,0,0,0,0,0,0,0,0,0,0,0,0,0,0,0,0,0,0,0,0,0,0,0,0,1,0,0,0,0,0,0,0,0,0,1,0,0,1,1,0,0,0,0,0,0,0,0,0,0,0,0,0,0,1,0,1,0,0,0,0,0,0,0,0,0,0,0,0,1,0,0,0,0,0,0,0,0,0,0,0,0,0,1,1,0,1,0,0,1,0,0,0,0,0,0,0,0,0,0,0,1,0,1,0,0,0,0,0
-8344617.089,4880988.957,843,2024017231,1451,0,0,0,0,0,0,0,0,0,4,0,,9,2,2024,3,40.103457,-74.960969,1443,6,0,0,0,0,0,0,0,1,,0,0,0,,,2,,3,,40 06:12.444,5,0,74 57:39.489,8,0,0,0,9202,0,0,0,N,0,0,0,3,9202,0,,1,1538,1,N,N,N,0,,0,0,2,,3,Y,,2,2,0,0,0,2,0,2,0,2,3,,,N,,,,,,,,,,,1,0,1,0,0,0,0,0,0,0,0,0,0,0,0,0,0,0,0,0,0,0,0,0,0,0,1,0,0,0,0,0,0,0,0,0,0,0,0,0,0,0,0,0,0,0,0,0,0,0,0,0,0,0,0,0,0,0,1,1,1,1,0,0,1,0,0,1,0,0,0,1,0,0,1,0,0,0,0,0,0,0,0,0,0,0,0,0,0,0,0,0,0,0,0,0,0,0,0,0,0,0,0,0,0,0,1,1,0,0,0,0,0,0,0,0,0,0,0,0,1,1,0,1,0,0,0,0,0
-8349979.908,4885489.58,844,2024023273,642,1,0,0,0,0,0,0,0,0,4,0,,9,3,2024,3,40.134374,-75.009144,639,6,0,0,0,0,0,1,0,0,,0,0,0,,,0,,1,,40 08:03.746,3,0,75 00:32.919,0,0,0,0,9212,0,0,0,N,0,0,0,2,9212,0,,1,710,1,N,N,N,0,,0,0,1,,2,N,,2,0,0,0,0,0,0,2,0,2,3,,,N,,,,,,,,,,,1,0,1,0,0,0,0,0,0,0,0,0,0,0,0,0,0,0,0,0,0,0,0,0,1,0,0,0,0,0,0,0,0,0,0,0,0,0,0,0,0,0,0,0,0,0,0,0,0,0,0,0,0,0,0,1,0,0,0,0,1,0,0,0,1,0,0,1,0,0,0,0,0,0,1,0,0,0,0,0,0,0,0,0,1,0,0,0,0,0,0,0,0,0,0,0,0,0,0,1,0,0,0,0,0,0,1,0,0,0,0,0,0,0,0,0,0,0,0,0,0,1,0,1,0,0,0,0,0
-8349968.553,4885503.413,845,2024011480,2209,1,0,0,0,0,0,0,0,0,7,0,,9,1,2024,3,40.134469,-75.009042,2209,6,0,0,0,0,0,0,0,0,,0,0,0,,,0,Y,0,,40 08:04.088,,0,75 00:32.551,9,0,0,0,9212,0,0,0,N,0,0,0,1,9212,0,,5,,9,N,N,N,0,,0,0,0,,2,,,1,0,0,0,0,0,1,2,0,1,7,,,N,,,,,,,,,,,1,0,0,0,0,0,0,0,0,0,0,0,0,0,0,0,0,0,0,0,0,0,0,0,0,0,0,0,0,0,0,0,0,0,0,0,0,0,0,1,0,0,0,0,0,1,0,0,0,0,0,0,0,0,0,1,0,0,0,0,0,0,0,1,0,0,0,0,0,0,0,0,0,0,0,0,1,0,0,0,0,0,0,0,0,0,0,0,0,0,0,0,0,0,0,0,0,0,0,0,1,0,0,0,1,0,1,0,0,0,0,1,0,0,0,0,0,0,0,0,0,1,0,1,0,0,1,0,0
-8349979.908,4885489.58,846,2024036494,1822,1,0,0,0,0,0,0,0,0,4,0,,9,4,2024,1,40.134374,-75.009144,1819,6,0,0,1,0,0,0,1,0,,0,0,0,,,0,,1,,40 08:03.746,2,0,75 00:32.919,0,0,0,0,9212,0,0,0,N,0,0,0,4,9212,0,,1,1900,1,N,N,N,0,,0,0,1,,2,N,,2,0,0,0,0,0,0,2,0,2,3,,,N,,,,,,,,,,,1,0,1,0,0,0,0,0,0,0,0,0,0,0,0,0,0,0,0,0,0,1,0,0,0,1,0,0,0,0,0,0,0,0,0,0,0,0,0,0,0,0,0,0,0,0,0,0,0,0,0,0,0,0,0,0,0,0,0,0,1,0,0,0,1,0,0,1,0,0,0,1,0,0,1,0,0,0,0,0,0,0,0,0,1,0,0,0,0,0,0,0,0,0,0,0,0,0,0,1,0,0,0,0,0,0,1,0,0,0,0,0,0,0,0,0,0,0,0,0,0,1,0,1,0,0,0,0,1
-8344352.817,4880034.564,847,2024045643,1916,0,0,0,0,0,0,0,0,0,7,0,,9,5,2024,6,40.096899,-74.958595,1912,6,0,0,0,0,0,0,0,0,,0,0,0,,,1,N,0,,40 05:48.838,5,3,74 57:30.941,2,0,1,1,9202,0,0,0,N,0,0,0,1,9202,0,,3,2030,1,N,N,N,0,,0,1,0,,0,N,,1,1,0,0,0,0,0,2,0,1,3,3,,N,,,,,,,,,,,1,0,0,0,0,0,0,0,0,0,0,0,0,0,0,0,0,0,0,0,0,0,0,0,0,0,0,0,0,0,1,0,0,0,0,0,0,0,0,1,0,0,0,0,0,0,0,0,0,0,0,0,0,0,0,0,0,0,1,1,0,0,0,1,0,0,0,0,0,0,0,0,0,1,0,0,1,0,0,0,0,0,0,0,0,0,0,0,0,0,0,0,0,0,0,0,0,0,0,0,1,0,0,0,0,0,1,0,0,0,1,1,0,0,0,0,0,0,0,0,0,1,0,1,0,0,0,0,0
-8347006.117,4873687.53,848,2024067313,,1,0,0,0,0,0,0,0,0,6,0,,9,7,2024,3,40.05327,-74.98243,,6,0,0,0,0,0,1,0,0,,0,0,0,,,2,N,0,,40 03:11.773,,0,74 58:56.747,3,0,0,0,9202,0,0,0,N,0,0,0,2,9202,0,,1,,1,N,N,N,1,,2,0,0,,0,,,2,2,0,0,0,0,0,2,0,2,3,3,,N,,,,,,,,,,,0,0,0,0,0,0,0,0,0,0,0,0,0,0,0,0,0,0,0,0,0,0,0,0,1,0,0,1,1,0,0,0,0,0,0,0,0,0,0,0,0,0,0,0,0,0,0,0,0,0,0,1,0,0,0,0,1,0,1,1,0,0,0,1,0,0,0,0,0,0,0,0,0,0,1,0,1,0,0,0,0,0,0,0,0,0,0,0,0,0,0,0,0,0,0,0,0,0,0,0,0,0,0,0,0,0,1,0,0,1,0,0,0,0,0,0,0,0,0,0,0,1,0,1,0,0,0,0,0
-8349979.908,4885489.58,849,2024086373,1156,2,0,0,0,0,0,0,0,0,4,0,,9,9,2024,1,40.134374,-75.009144,1154,6,0,0,0,0,0,0,0,2,,0,0,0,,,0,,1,,40 08:03.746,2,0,75 00:32.919,0,0,0,0,9212,0,0,0,N,0,0,0,3,9212,0,,1,1252,1,N,N,N,0,,0,0,1,3,2,N,,3,0,0,0,0,0,0,2,0,3,4,4,,N,,,,,,,,,,,1,0,1,0,0,0,0,0,0,0,0,0,0,0,0,0,0,0,0,0,0,0,0,0,0,0,1,0,0,0,0,0,0,0,0,0,0,0,0,0,0,0,0,0,0,0,0,0,0,0,0,0,0,0,0,0,0,0,0,0,1,0,0,0,0,0,0,1,0,0,0,1,0,0,1,0,0,0,0,0,0,0,0,0,1,0,0,0,0,0,0,1,0,0,0,0,0,0,0,1,0,0,0,0,0,0,1,0,0,0,0,0,0,0,0,0,0,0,0,0,0,1,0,1,0,0,0,0,0
-8349901.984,4885426.971,850,2024086372,906,1,0,0,0,0,0,0,0,0,7,0,,9,9,2024,7,40.133944,-75.008444,903,6,0,0,0,0,0,0,0,0,,0,0,0,,,0,N,0,,40 08:02.200,,0,75 00:30.400,0,0,0,0,9212,0,0,0,N,0,0,0,1,9212,0,,4,,1,N,N,N,0,,0,0,0,0,0,,,1,0,0,0,0,0,0,2,0,1,3,3,,N,,,,,,,,,,,0,0,0,0,0,0,0,0,0,0,0,0,0,0,0,0,0,0,0,0,0,0,0,0,0,0,0,0,0,0,0,0,0,0,0,0,0,0,0,1,0,0,0,0,0,1,0,0,0,0,0,0,0,0,0,1,0,0,0,0,0,0,0,1,0,0,0,1,1,0,0,0,0,0,0,0,1,0,0,0,1,0,0,0,1,0,0,0,0,0,0,0,0,0,0,0,0,0,0,0,1,0,0,0,0,0,0,0,0,0,0,1,0,0,0,0,0,0,0,0,0,1,0,1,0,0,0,0,0
-8359485.147,4865163.275,851,2020029257,1957,1,0,0,0,0,0,0,0,0,2,0,,67,3,2020,3,39.994631,-75.094531,1948,6,0,0,0,0,0,0,0,0,,0,0,0,,,4,,1,,39 59:40.673,,0,75 05:40.311,4,0,0,0,67301,0,0,0,N,0,0,0,5,67301,4,,1,,1,N,N,N,0,,0,0,1,,2,,,2,4,3,0,0,0,1,2,0,2,,,,N,,,,,,,,,,,0,0,0,0,0,0,0,0,0,0,1,0,0,0,0,0,0,0,0,0,0,0,0,0,0,0,0,0,0,0,0,0,0,0,0,0,0,0,0,0,0,0,0,0,0,1,0,0,0,0,0,1,0,0,0,0,0,0,1,1,1,0,0,0,0,0,0,0,0,0,0,0,0,0,1,0,0,0,0,0,0,0,0,1,0,0,0,0,0,0,0,0,0,0,0,0,0,0,0,1,0,0,0,0,0,0,1,0,0,0,0,0,0,0,0,0,0,1,0,0,0,1,0,0,0,0,0,0,0
-8366914.167,4869477.328,852,2020006834,700,1,0,0,0,0,0,0,0,0,2,0,,67,1,2020,6,40.024314,-75.161267,652,6,0,0,0,0,0,1,0,0,,0,0,0,,,1,,2,,40 01:27.530,,0,75 09:40.561,3,0,0,0,67301,0,0,0,N,0,0,0,3,67301,0,,1,,1,N,N,N,0,,1,0,1,,3,,,2,1,0,0,0,0,0,2,0,2,,3,,N,,,,,,,,,,,0,0,0,0,0,0,0,0,0,0,0,0,0,0,0,0,0,0,0,0,0,0,0,0,1,0,0,0,0,0,0,0,0,0,0,0,0,0,0,0,0,0,0,0,0,0,0,0,0,0,0,1,0,0,0,1,0,0,1,1,1,0,0,0,0,0,0,1,1,0,0,0,0,0,1,0,0,0,0,0,0,0,0,0,0,0,0,0,0,0,0,0,0,0,0,0,0,0,0,0,0,0,0,0,0,0,0,1,0,1,0,0,0,0,0,0,0,0,0,0,1,1,0,0,0,0,0,0,0
-8347912.148,4882231.348,853,2020006451,825,2,0,0,0,0,0,0,0,0,4,0,,67,1,2020,6,40.111993,-74.990569,814,6,0,0,0,0,0,1,0,0,,0,0,0,,,0,,1,,40 06:43.175,,0,74 59:26.049,0,0,0,0,67301,0,0,0,N,0,0,0,3,67301,0,,1,,1,N,N,N,0,,0,0,1,,2,,,3,0,0,0,0,0,0,2,0,3,,,,N,,,,,,,,,,,0,0,1,0,0,0,0,0,0,0,0,0,0,0,0,0,0,0,0,0,0,0,0,0,1,0,0,0,0,0,0,0,0,0,0,0,0,0,0,0,0,0,0,0,0,0,0,0,0,0,0,0,0,0,0,0,0,0,0,0,1,0,0,0,0,0,0,1,0,0,0,0,0,0,1,0,0,0,0,0,0,0,0,0,1,0,0,0,0,0,0,0,0,0,0,0,0,0,0,1,0,0,0,0,0,0,1,0,0,0,0,0,0,0,0,0,0,0,0,0,0,1,0,1,0,0,0,0,0
-8374187.34,4878198.074,854,2020029516,1430,1,0,0,0,0,0,0,0,0,7,0,,67,3,2020,4,40.084278,-75.226603,1411,6,0,0,0,0,0,0,0,0,,0,0,0,,,0,N,0,,40 05:03.400,,0,75 13:35.770,0,0,0,0,67301,0,0,0,N,0,0,0,1,67301,0,,4,,9,N,N,N,0,,0,0,0,,0,,,1,0,0,0,0,0,0,2,0,1,,3,,N,,,,,,,,,,,1,0,0,0,0,0,0,0,0,0,0,0,0,0,0,0,0,0,0,0,0,0,0,0,0,0,0,0,0,0,0,0,0,0,0,0,0,0,0,1,0,0,0,1,0,0,0,0,0,1,0,0,0,0,0,0,0,0,0,0,0,0,0,1,0,0,0,1,1,0,0,0,0,0,0,0,1,0,0,0,0,0,0,0,1,0,0,0,0,0,0,0,0,0,0,0,0,0,0,0,1,0,0,0,1,0,0,0,0,0,0,1,0,0,0,0,0,0,0,0,0,1,0,1,0,0,1,0,0
-8365177.693,4857397.969,855,2020023211,1235,0,0,0,0,0,0,0,0,0,8,0,,67,2,2020,7,39.941169,-75.145668,1230,6,0,0,0,0,0,0,0,0,,0,0,0,,,1,,2,,39 56:28.208,,0,75 08:44.404,3,0,0,0,67301,1,0,0,N,1,0,0,1,67301,0,,1,,1,N,N,N,0,,1,0,0,,3,,,2,1,0,0,0,0,0,2,0,1,,,,N,,,,,,,,,,,0,0,0,0,0,0,0,0,0,0,0,0,0,0,0,0,0,0,0,0,0,0,0,0,0,0,0,0,0,0,0,0,0,0,0,0,0,0,0,0,0,0,0,0,0,1,0,0,0,0,0,0,0,0,0,0,0,0,1,1,1,0,0,0,0,0,0,1,1,0,0,0,0,0,0,0,0,0,0,0,0,1,0,0,0,0,0,0,0,0,0,0,0,0,0,0,0,0,0,0,1,0,0,0,0,0,0,1,0,1,0,0,0,0,0,0,0,0,0,0,1,1,0,0,1,0,0,0,0
-8371456.56,4858618.53,856,2020006831,1935,1,0,0,0,0,0,0,0,0,7,0,,67,1,2020,7,39.949575,-75.202072,1922,6,0,0,0,0,0,0,0,0,,0,0,0,,,1,N,0,,39 56:58.470,,0,75 12:07.460,3,0,0,0,67301,0,0,0,N,0,0,0,3,67301,0,,6,,2,N,N,N,0,,1,0,0,,0,,,1,1,1,0,0,0,0,2,0,1,,,,N,,,,,,,,,,,0,0,0,0,0,0,0,0,0,0,0,0,0,0,0,0,0,0,0,0,0,0,0,0,0,0,0,0,0,0,0,0,0,0,0,0,0,0,0,1,0,0,0,0,0,0,0,0,0,0,0,0,0,1,0,1,0,0,1,1,0,0,0,1,0,0,0,1,1,0,0,0,0,0,0,0,1,0,0,0,0,0,0,0,0,0,0,0,0,0,0,0,0,0,0,0,0,0,0,0,1,0,0,0,0,0,0,0,0,1,0,1,0,0,0,0,0,1,0,0,0,1,0,0,0,0,0,0,0