X,Y,objectid,crn,arrival_tm,automobile_count,belted_death_count,belted_susp_serious_inj_count,bicycle_count,bicycle_death_count,bicycle_susp_serious_inj_count,bus_count,chldpas_death_count,chldpas_susp_serious_inj_count,collision_type,comm_veh_count,cons_zone_spd_lim,county,crash_month,crash_year,day_of_week,dec_latitude,dec_longitude,dispatch_tm,district,driver_count_16yr,driver_count_17yr,driver_count_18yr,driver_count_19yr,driver_count_20yr,driver_count_50_64yr,driver_count_65_74yr,driver_count_75plus,est_hrs_closed,fatal_count,heavy_truck_count,horse_buggy_count,hour_of_day,illumination,injury_count,intersection_related_x,intersect_type,lane_closed,latitude,ln_close_dir,location_type,longitude,max_severity_level,mcycle_death_count,mcycle_susp_serious_inj_count,motorcycle_count,municipality,nonmotr_count,nonmotr_death_count,nonmotr_susp_serious_inj_count,ntfy_hiwy_maint,ped_count,ped_death_count,ped_susp_serious_inj_count,person_count,police_agcy,possible_inj_count,rdwy_surf_type_cd,relation_to_road,roadway_cleared,road_condition,sch_bus_ind,sch_zone_ind,secondary_crash,small_truck_count,spec_juris_cd,susp_minor_inj_count,susp_serious_inj_count,suv_count,tcd_func_cd,tcd_type,tfc_detour_ind,time_of_day,total_units,tot_inj_count,unbelted_occ_count,unb_death_count,unb_susp_serious_inj_count,unk_inj_deg_count,unk_inj_per_count,urban_rural,van_count,vehicle_count,weather1,weather2,workers_pres,work_zone_ind,work_zone_loc,work_zone_type,wz_close_detour,wz_flagger,wz_law_offcr_ind,wz_ln_closure,wz_moving,wz_other,wz_shlder_mdn,wz_workers_inj_killed,aggressive_driving,alcohol_related,angle_crash,atv,atv_route,backup_congestion,backup_nonrecurring,backup_prior,bicycle,cell_phone,child_passenger,comm_vehicle,core_network,cross_median,curved_road,curve_dvr_error,deer_related,distracted,drinking_driver,driver_16yr,driver_17yr,driver_18yr,driver_19yr,driver_20yr,driver_50_64yr,driver_65_74yr,driver_75plus,drugged_driver,drug_related,fatal,fatal_or_susp_serious_inj,fatigue_asleep,federal_aid_route,fire_in_vehicle,hazardous_truck,hit_barrier,hit_bridge,hit_deer,hit_embankment,hit_fixed_object,hit_gdrail,hit_gdrail_end,hit_parked_vehicle,hit_pole,hit_roadway_equipment,hit_run,hit_temp_construction_barrier,hit_traffic_island,hit_tree_shrub,hit_utility_pole,horse_buggy,ho_oppdir_sdswp,hvy_truck_related,icy_road,illegal_drug_related,illumination_dark,impaired_driver,impaired_nonmotorist,injury,injury_or_fatal,intersection,intersection_related_y,interstate,lane_departure,left_turn,limit_65mph,limit_70mph,local_road,local_road_only,marijuana_drugged_driver,marijuana_related,mature_driver,mc_drinking_driver,motorcycle,multiple_vehicle,nhtsa_agg_driving,non_intersection,no_clearance,opioid_related,other_freeway_expressway,overturned,pedestrian,phantom_vehicle,possible_injury,property_damage_only,psp_reported,ramp,ramp_segment,ramp_terminal,rear_end,roundabout,running_red_lt,running_stop_sign,rural,school_bus,school_bus_related,school_bus_unit,school_zone,shldr_related,signalized_int,single_vehicle,snowmobile,snow_slush_road,speeding,speeding_related,speed_change_lane,state_road,stop_controlled_int,sudden_deer,suspected_minor_injury,suspected_serious_injury,sv_run_off_rd,tailgating,train,train_trolley,trolley,turnpike,unbelted,underage_drnk_drv,unlicensed,unsignalized_int,urban,vehicle_failure,vehicle_towed,vulnerable_road_user,vulnerable_road_user_fatal,wet_road,work_zone,young_driver
-8349514.258,4873884.3,935,2020009515,243,3,0,0,0,0,0,0,0,0,1,0,,67,1,2020,7,40.054623,-75.004961,240,6,0,0,0,0,0,0,0,0,,0,0,0,,,0,N,0,,40 03:16.644,2,0,75 00:17.859,0,0,0,0,67301,0,0,0,N,0,0,0,0,67301,0,,2,350,1,N,N,N,0,,0,0,0,,0,N,,3,0,0,0,0,0,0,2,0,3,,3,,N,,,,,,,,,,,0,0,0,0,0,0,0,0,0,0,0,0,0,0,0,0,0,0,0,0,0,0,0,0,0,0,0,0,0,0,0,0,0,0,0,0,0,0,0,0,0,0,1,0,0,1,0,0,0,0,0,0,0,0,0,1,0,0,0,0,0,0,0,1,0,0,0,0,0,0,0,0,0,0,1,0,1,0,0,0,0,0,0,0,1,0,0,0,0,1,0,0,0,0,0,0,0,0,0,0,0,0,0,0,0,0,1,0,0,0,0,1,0,0,0,0,0,0,0,0,0,1,0,1,0,0,0,0,0
-8363278.471,4863102.325,936,2020027939,1837,0,0,0,0,0,0,0,0,0,4,0,,67,3,2020,5,39.980446,-75.128607,1835,6,0,0,0,0,0,0,0,0,,0,0,0,,,2,N,0,,39 58:49.605,5,0,75 07:42.986,4,0,0,0,67301,0,0,0,N,0,0,0,2,67301,2,,1,1930,1,N,N,N,0,,0,0,3,,0,Y,,3,2,0,0,0,0,0,2,0,3,,,,N,,,,,,,,,,,0,0,1,0,0,0,0,0,0,0,0,0,0,0,0,0,0,0,0,0,0,0,0,0,0,0,0,1,1,0,0,0,0,0,0,0,0,0,0,0,0,0,1,0,0,0,0,0,0,0,0,0,0,0,1,0,1,0,1,1,0,0,0,0,0,0,0,0,0,0,0,0,0,0,1,0,1,0,0,0,0,0,0,1,0,0,0,0,0,0,0,0,0,0,0,0,0,0,0,0,0,0,0,0,0,0,1,0,0,0,0,0,0,0,0,0,0,0,0,0,0,1,0,1,0,0,0,0,0
-8367335.177,4859202.583,937,2020011776,158,1,0,0,0,0,0,0,0,0,8,0,,67,1,2020,5,39.953597,-75.165049,155,6,0,0,0,0,0,0,0,0,,0,0,0,,,1,N,0,,39 57:12.949,,0,75 09:54.175,3,0,0,0,67301,1,0,0,N,1,0,0,1,67301,0,,1,,1,N,N,N,0,,1,0,0,,0,,,2,1,0,0,0,0,0,2,0,1,,,,N,,,,,,,,,,,0,0,0,0,0,0,0,0,0,0,0,0,0,0,0,0,0,0,0,0,0,0,0,0,0,0,0,0,0,0,0,0,0,0,0,0,0,0,0,0,0,0,0,0,0,0,0,0,0,0,0,0,0,0,0,1,0,0,1,1,0,0,0,0,0,0,0,0,0,0,0,0,0,0,0,0,1,0,0,0,0,1,0,0,0,0,0,0,0,0,0,0,0,0,0,0,0,0,0,0,1,0,0,0,0,0,1,0,0,1,0,0,0,0,0,0,0,0,0,0,0,1,0,0,1,0,0,0,0
-8364867.669,4869415.982,938,2020010060,1251,0,0,0,0,0,0,0,0,0,8,0,,67,1,2020,2,40.023892,-75.142883,1247,6,0,0,0,0,0,0,0,0,,0,0,0,,,1,N,0,,40 01:26.010,,0,75 08:34.380,3,0,0,0,67301,1,0,0,N,1,0,0,1,67301,0,,1,,1,N,N,N,0,,1,0,0,,0,,,2,1,0,0,0,0,0,2,0,1,,3,,N,,,,,,,,,,,1,0,0,0,0,0,0,0,0,0,0,0,0,0,0,0,0,0,0,0,0,0,0,0,0,0,0,0,0,0,0,0,0,0,0,0,0,0,0,0,0,0,0,0,0,1,0,0,0,0,0,0,0,0,0,0,0,0,1,1,0,0,0,0,0,0,0,1,1,0,0,0,0,0,0,0,1,0,0,0,0,1,0,0,0,0,0,0,0,0,0,0,0,0,0,0,0,0,0,0,1,0,0,0,0,0,0,0,0,1,0,0,0,0,0,0,0,0,0,0,0,1,0,0,1,0,0,0,0
-8371042.785,4859402.551,939,2020028848,1427,3,0,0,0,0,0,0,0,0,4,0,,67,3,2020,2,39.954974,-75.198355,1425,6,0,0,0,0,0,0,0,0,,0,0,0,,,0,N,0,,39 57:17.907,1,0,75 11:54.079,0,0,0,0,67301,0,0,0,N,0,0,0,1,67504,0,,6,1550,9,N,N,N,0,,0,0,0,,0,N,,3,0,0,0,0,0,0,2,0,3,,7,,N,,,,,,,,,,,1,0,1,0,0,0,0,0,0,0,0,0,0,0,0,0,0,0,0,0,0,0,0,0,0,0,0,0,0,0,0,0,0,0,0,0,0,0,0,0,0,0,1,0,0,0,0,0,0,0,0,0,0,0,0,0,0,0,0,0,0,0,0,0,0,0,0,0,0,0,0,0,0,0,1,0,1,0,0,0,0,0,0,0,1,0,0,0,0,0,0,0,0,0,0,0,0,0,0,0,0,0,0,0,1,0,1,0,0,0,0,0,0,0,0,0,0,0,0,0,0,1,0,1,0,0,1,0,0
-8365464.008,4869217.556,940,2020027955,32,2,0,0,0,0,0,0,0,0,5,0,,67,3,2020,5,40.022527,-75.14824,30,6,0,0,0,0,0,0,0,0,,0,0,0,,,3,N,0,,40 01:21.097,2,0,75 08:53.664,3,0,0,0,67301,0,0,0,N,0,0,0,3,67301,0,,1,105,9,N,N,N,0,,3,0,0,,2,N,,2,3,0,0,0,0,0,2,0,2,,,,N,,,,,,,,,,,1,0,0,0,0,0,0,0,0,0,0,0,0,0,0,0,0,0,0,0,0,0,0,0,0,0,0,0,0,0,0,0,0,0,0,0,0,0,0,0,0,0,0,0,0,0,0,0,0,0,0,0,0,0,0,1,0,0,1,1,0,0,0,0,0,0,0,0,0,0,0,0,0,0,1,0,1,0,0,0,0,0,0,0,0,0,0,0,0,0,0,0,0,0,0,0,0,0,0,0,0,0,0,0,0,0,1,0,0,1,0,0,0,0,0,0,0,0,0,0,0,1,0,0,0,0,1,0,0
-8365146.191,4870338.095,941,2020026678,105,2,0,0,0,0,0,0,0,0,1,0,,67,3,2020,1,40.030235,-75.145385,100,6,0,0,0,0,0,2,0,0,,0,0,0,,,2,,1,,40 01:48.847,6,0,75 08:43.386,3,0,0,0,67301,0,0,0,N,0,0,0,2,67301,0,,1,127,9,N,N,N,0,,2,0,0,,2,Y,,2,2,0,0,0,0,0,2,0,2,,7,,N,,,,,,,,,,,0,0,0,0,0,0,0,0,0,0,0,0,0,0,0,0,0,0,0,0,0,0,0,0,1,0,0,0,0,0,0,0,0,0,0,0,0,0,0,0,0,0,0,0,0,0,0,0,0,0,0,0,0,0,0,1,0,0,1,1,1,0,0,0,0,0,0,1,1,0,0,0,0,0,1,0,0,0,0,0,0,0,0,0,0,0,0,0,0,1,0,0,0,0,0,0,0,0,0,1,0,0,0,0,0,0,0,0,0,1,0,0,0,0,0,0,0,0,0,0,0,1,0,0,0,0,1,0,0
-8354473.208,4868693.093,942,2020026733,1710,1,0,0,0,0,0,0,0,0,2,0,,67,3,2020,7,40.018919,-75.049508,1703,6,0,0,0,0,0,0,0,0,,0,0,0,,,3,,1,,40 01:08.110,,0,75 02:58.228,8,0,0,0,67301,0,0,0,N,0,0,0,3,67301,0,,1,,1,N,N,N,0,,0,0,1,,3,,,2,3,0,0,0,3,0,2,0,2,,3,,N,,,,,,,,,,,1,0,0,0,0,0,0,0,0,0,0,0,0,0,0,0,0,0,0,0,0,0,0,0,0,0,0,1,1,0,0,0,0,0,0,0,0,0,0,0,0,0,0,0,0,0,0,0,0,0,0,1,0,0,1,0,1,0,1,1,1,0,0,0,0,0,0,1,1,0,0,0,0,0,1,0,0,1,1,0,0,0,0,0,0,0,0,0,0,0,0,0,0,0,0,0,0,0,0,0,0,0,0,0,0,0,0,1,0,0,0,0,0,0,0,0,0,0,0,0,1,1,0,1,0,0,0,0,0
-8362593.968,4873423.285,943,2020027177,745,1,0,0,0,0,0,0,0,0,8,0,,67,3,2020,6,40.051453,-75.122458,732,6,0,0,0,0,0,1,0,0,,0,0,0,,,1,Y,0,,40 03:05.230,,0,75 07:20.850,2,0,0,0,67301,1,0,1,N,1,0,1,2,67301,0,,1,,9,N,N,N,0,,0,1,0,,9,,,2,1,0,0,0,0,0,2,0,1,,7,,N,,,,,,,,,,,0,0,0,0,0,0,0,0,0,0,0,0,0,0,0,0,0,0,0,0,0,0,0,0,1,0,0,0,0,0,1,0,0,0,0,0,0,0,0,0,0,0,0,0,0,0,0,0,0,0,0,0,0,0,0,1,0,0,1,1,0,0,0,0,0,0,0,1,1,0,0,0,0,0,0,0,1,0,0,0,0,1,0,0,0,0,0,0,0,0,0,0,0,0,0,0,0,0,0,0,1,0,0,0,0,0,0,0,0,0,1,0,0,0,0,0,0,0,0,0,0,1,0,1,1,0,1,0,0
-8356669.209,4871290.683,944,2020009853,1558,1,0,0,0,0,0,0,0,0,4,0,,67,1,2020,6,40.036787,-75.069235,1552,6,0,0,0,0,0,0,0,0,,0,0,0,,,1,,1,,40 02:12.433,,0,75 04:09.245,3,0,0,0,67301,0,0,0,N,0,0,0,1,67301,0,,1,,1,N,N,N,0,,1,0,1,,3,,,2,1,0,0,0,0,0,2,0,2,,4,,N,,,,,,,,,,,1,0,1,0,0,0,0,0,0,0,0,0,0,0,0,0,0,0,0,0,0,0,0,0,0,0,0,0,0,0,0,0,0,0,0,0,0,0,0,0,0,0,0,0,0,0,0,0,0,0,0,0,0,0,0,0,0,0,1,1,1,0,0,0,1,0,0,1,0,0,0,0,0,0,1,0,0,0,0,0,0,0,0,0,0,0,0,0,0,0,0,0,0,0,0,0,0,0,0,0,0,0,0,0,0,0,1,1,0,1,0,0,0,0,0,0,0,0,0,0,1,1,0,0,0,0,0,0,0
-8365323.857,4869341.699,945,2020027180,1325,0,0,0,0,0,0,0,0,0,8,0,,67,3,2020,2,40.023381,-75.146981,1325,6,0,0,0,0,0,0,0,0,,0,0,0,,,1,N,0,,40 01:24.170,,0,75 08:49.130,3,0,0,0,67301,1,0,0,N,1,0,0,1,67301,0,,1,,1,N,N,N,0,,1,0,0,,0,,,2,1,0,0,0,0,0,2,0,1,,3,,N,,,,,,,,,,,0,0,0,0,0,0,0,0,0,0,0,0,0,0,0,0,0,0,0,0,0,0,0,0,0,0,0,0,0,0,0,0,0,0,0,0,0,0,0,0,0,0,0,0,0,1,0,0,0,0,0,0,0,0,0,0,0,0,1,1,0,0,0,0,0,0,0,1,1,0,0,0,0,0,0,0,1,0,0,0,0,1,0,0,0,0,0,0,0,0,0,0,0,0,0,0,0,0,0,0,1,0,0,0,0,0,0,0,0,1,0,0,0,0,0,0,0,0,0,0,0,1,0,0,1,0,0,0,0
-8370108.703,4861867.412,946,2020027386,145,1,0,0,0,0,0,0,0,0,2,0,,67,2,2020,7,39.971945,-75.189964,143,6,0,0,0,0,0,0,0,0,,1,0,0,,,2,N,0,,39 58:19.003,5,0,75 11:23.870,1,0,0,0,67301,0,0,0,N,0,0,0,3,67301,0,2,1,343,1,N,N,N,0,0,2,0,1,,0,Y,,2,2,1,1,0,0,0,2,0,2,,,,N,,,,,,,,,,,0,1,0,0,0,0,0,0,0,0,1,0,0,1,1,0,0,0,1,0,0,0,0,0,0,0,0,0,0,1,1,0,0,0,0,0,0,0,0,0,0,0,0,0,0,0,0,0,0,0,0,1,0,0,0,1,1,0,1,1,0,0,0,1,0,0,0,0,0,0,0,0,0,0,1,0,1,0,0,0,0,0,0,0,0,0,0,0,0,0,0,0,0,0,0,0,0,0,0,0,0,0,0,0,0,0,1,0,0,1,0,0,0,0,0,0,0,1,0,0,0,1,0,1,0,0,0,0,0
-8365487.385,4862668.541,947,2020027400,2049,1,0,0,0,0,0,0,0,0,8,0,,67,2,2020,2,39.97746,-75.14845,2049,6,0,0,0,0,0,0,0,0,,1,0,0,,,0,N,1,,39 58:38.855,2,0,75 08:54.419,1,0,0,0,67301,1,1,0,N,1,1,0,2,67301,0,2,1,2221,1,N,N,N,0,0,0,0,0,,2,Y,,2,0,0,0,0,0,1,2,0,1,,3,,N,,,,,,,,,,,0,0,0,0,0,0,0,0,0,0,0,0,0,0,0,0,0,0,0,0,0,0,0,0,0,0,0,0,0,1,1,0,0,0,0,0,0,0,0,0,0,0,0,0,0,1,0,0,0,0,0,0,0,0,0,1,0,0,0,1,1,0,0,0,0,0,0,1,1,0,0,0,0,0,0,0,0,0,0,0,0,1,0,0,0,0,0,0,0,0,0,0,0,0,0,0,0,0,0,1,1,0,0,0,0,0,0,0,0,0,0,0,0,0,0,0,0,0,0,0,0,1,0,0,1,1,0,0,0
-8356849.658,4865747.568,948,2020029750,1746,1,0,0,0,0,0,0,0,0,4,0,,67,3,2020,6,39.998652,-75.070856,1741,6,0,0,0,0,1,0,0,0,,0,0,0,,,2,,1,,39 59:55.146,,0,75 04:15.080,3,0,0,0,67301,0,0,0,N,0,0,0,2,67301,0,,1,,1,N,N,N,0,,1,0,1,,2,,,2,2,0,0,0,1,0,2,0,2,,,,N,,,,,,,,,,,0,0,1,0,0,0,0,0,0,0,0,0,0,0,0,0,0,0,0,0,0,0,0,1,0,0,0,0,0,0,0,0,0,0,0,0,0,0,0,0,0,0,0,0,0,0,0,0,0,0,0,0,0,0,0,0,0,0,1,1,1,0,0,0,0,0,0,1,0,0,0,0,0,0,1,0,0,0,0,0,0,0,0,0,0,0,0,0,0,0,0,0,0,0,0,0,0,0,0,1,0,0,0,0,0,0,1,0,0,1,0,0,0,0,0,0,0,0,0,0,0,1,0,1,0,0,0,0,1
-8363745.234,4869706.287,949,2020011432,40,0,0,0,0,0,0,1,0,0,8,1,,67,1,2020,7,40.025889,-75.1328,38,6,0,0,0,0,0,0,0,0,,0,0,0,,,1,N,0,,40 01:33.200,2,0,75 07:58.080,2,0,0,0,67301,1,0,1,N,1,0,1,2,67301,0,,1,111,1,N,N,N,0,,0,1,0,,0,Y,,2,1,0,0,0,0,0,2,0,1,,,,N,,,,,,,,,,,0,1,0,0,0,0,0,0,0,0,0,1,0,0,0,0,0,0,0,0,0,0,0,0,0,0,0,0,0,0,1,0,0,0,0,0,0,0,0,0,0,0,0,0,0,0,0,0,0,0,0,0,0,0,0,1,0,1,1,1,0,0,0,0,0,0,0,1,1,0,0,0,0,0,0,0,1,0,0,0,0,1,0,0,0,0,0,0,0,0,0,0,0,0,0,0,0,0,0,0,1,0,0,0,0,0,0,0,0,0,1,0,0,0,0,0,0,0,0,0,0,1,0,0,1,0,0,0,0
-8356109.049,4871208.68,950,2020026730,2126,0,0,0,0,0,0,0,0,0,4,0,,67,3,2020,4,40.036223,-75.064203,2119,6,0,0,0,0,0,0,0,1,,0,0,0,,,2,,1,,40 02:10.401,1,0,75 03:51.131,3,0,0,0,67301,0,0,0,N,0,0,0,2,67301,0,,1,30,1,N,N,N,1,,2,0,1,,2,N,,2,2,0,0,0,0,0,2,0,2,,,,N,,,,,,,,,,,1,0,1,0,0,0,0,0,0,0,0,0,1,0,0,0,0,0,0,0,0,0,0,0,0,0,1,0,0,0,0,0,0,0,0,0,0,0,0,0,0,0,0,0,0,0,0,0,0,0,0,0,0,0,0,1,0,0,1,1,1,0,0,0,0,0,0,0,0,0,0,1,0,0,1,0,0,0,0,0,0,0,0,0,0,0,0,0,0,0,0,1,0,0,0,0,0,0,0,1,0,0,0,0,0,0,1,0,0,1,0,0,0,0,0,0,0,0,0,0,0,1,0,1,0,0,0,0,0
-8370189.076,4868730.594,951,2020028897,1015,0,0,0,0,0,0,0,0,0,4,0,,67,3,2020,2,40.019177,-75.190686,950,6,0,0,0,0,0,1,0,0,,0,0,0,,,2,N,0,,40 01:09.036,5,0,75 11:26.470,3,0,0,0,67301,0,0,0,N,0,0,0,2,67301,0,,1,1145,9,N,N,N,1,,2,0,1,,0,Y,,2,2,0,0,0,0,0,2,0,2,,7,,N,,,,,,,,,,,1,0,1,0,0,0,0,0,0,0,0,0,0,0,1,0,0,0,0,0,0,0,0,0,1,0,0,0,0,0,0,0,0,0,0,0,0,0,0,0,0,0,0,0,0,0,0,0,0,0,0,0,0,0,0,0,0,0,1,1,0,0,0,0,0,0,0,0,0,0,0,0,0,0,1,0,1,0,0,0,0,0,0,0,0,0,0,0,0,0,0,0,0,0,0,0,0,0,0,0,0,0,0,0,1,0,1,0,0,1,0,0,0,0,0,0,0,0,0,0,0,1,0,0,0,0,1,0,0
-8365924.648,4870506.303,952,2020009865,727,2,0,0,0,0,0,0,0,0,2,0,,67,1,2020,7,40.031392,-75.152378,726,6,0,0,0,1,0,0,0,0,,0,0,0,,,1,,1,,40 01:53.011,,0,75 09:08.560,3,0,0,0,67301,0,0,0,N,0,0,0,4,67301,0,,1,,9,N,N,N,0,,1,0,0,,2,,,2,1,0,0,0,0,0,2,0,2,,,,N,,,,,,,,,,,0,0,0,0,0,0,0,0,0,0,0,0,0,0,0,0,0,0,0,0,0,0,1,0,0,0,0,0,0,0,0,0,0,0,0,0,0,0,0,0,0,0,0,0,0,0,0,0,0,0,0,1,0,0,0,1,0,0,1,1,1,0,0,0,1,0,0,1,1,0,0,0,0,0,1,0,0,0,0,0,0,0,0,0,0,0,0,0,0,0,0,0,0,0,0,0,0,0,0,1,0,0,0,0,0,0,0,0,0,1,0,0,0,0,0,0,0,0,0,0,0,1,0,1,0,0,1,0,1
-8352619.294,4881237.248,953,2020026673,2340,1,0,0,0,0,0,0,0,0,5,0,,67,3,2020,7,40.105163,-75.032854,2330,6,0,0,0,0,0,1,1,0,,0,0,0,,,0,,1,,40 06:18.585,,0,75 01:58.276,0,0,0,0,67301,0,0,0,N,0,0,0,3,67301,0,,1,,1,N,N,N,0,,0,0,1,,2,,,2,0,0,0,0,0,0,2,0,2,,3,,N,,,,,,,,,,,0,0,0,0,0,0,0,0,0,0,0,0,0,0,0,0,0,0,0,0,0,0,0,0,1,1,0,0,0,0,0,0,0,0,0,0,0,0,0,0,0,0,0,0,0,0,0,0,0,0,0,0,0,0,0,1,0,0,0,0,1,0,0,0,0,0,0,1,0,0,0,1,0,0,1,0,0,0,0,0,0,0,0,0,1,0,0,0,0,0,0,0,0,0,0,0,0,0,0,1,0,0,0,0,0,0,1,0,0,0,0,0,0,0,0,0,0,0,0,0,0,1,0,1,0,0,0,0,0
-8364868.894,4872849.592,954,2020011433,11,2,0,0,0,0,0,0,0,0,2,0,,67,1,2020,1,40.047508,-75.142894,10,6,0,0,1,0,0,0,0,0,,0,0,0,,,1,,1,,40 02:51.028,2,0,75 08:34.417,3,0,0,0,67301,0,0,0,N,0,0,0,2,67301,0,,1,200,1,N,N,N,0,,1,0,0,,2,Y,,2,1,0,0,0,0,0,2,0,2,,3,,N,,,,,,,,,,,0,0,0,0,0,0,0,0,0,0,0,0,0,0,0,0,0,0,0,0,0,1,0,0,0,0,0,0,0,0,0,0,0,0,0,0,0,0,0,0,0,0,0,0,0,0,0,0,0,0,0,1,0,0,0,1,0,0,1,1,1,0,0,0,1,0,0,0,0,0,0,0,0,0,1,0,0,0,0,0,0,0,0,0,0,0,0,0,0,0,0,0,0,0,0,0,0,0,0,1,0,0,0,0,0,0,1,0,0,1,0,0,0,0,0,0,0,0,0,0,0,1,0,1,0,0,0,0,1
-8365409.127,4870159.423,955,2020026680,511,1,0,0,0,0,0,0,0,0,1,0,,67,3,2020,1,40.029006,-75.147747,507,6,0,0,0,0,0,0,0,0,,0,0,0,,,0,N,0,,40 01:44.423,,0,75 08:51.889,9,0,0,0,67301,0,0,0,N,0,0,0,1,67301,0,,1,,9,N,N,N,0,,0,0,1,,0,,,2,0,0,0,0,0,1,2,0,2,,3,,N,,,,,,,,,,,0,0,0,0,0,0,0,0,0,0,0,0,0,0,0,0,0,0,0,0,0,0,0,0,0,0,0,0,0,0,0,0,0,0,0,0,0,0,0,0,0,0,1,0,0,0,0,0,0,0,0,0,0,0,0,1,0,0,0,0,0,0,0,0,0,0,0,1,1,0,0,0,0,0,1,0,1,0,0,0,0,0,0,0,0,0,0,0,0,1,0,0,0,0,0,0,0,0,0,0,0,0,0,0,0,0,0,0,0,0,0,0,0,0,0,0,0,0,0,0,0,1,0,1,0,0,1,0,0
-8365684.977,4856778.888,956,2020009661,246,0,0,0,0,0,0,0,0,0,8,0,,67,1,2020,7,39.936905,-75.150225,245,6,0,0,0,0,0,0,0,0,,0,0,0,,,1,,1,,39 56:12.857,,0,75 09:00.810,8,0,0,0,67301,1,0,0,N,1,0,0,1,67301,0,,1,,1,N,N,N,0,,0,0,0,,3,,,2,1,0,0,0,1,0,2,0,1,,3,,N,,,,,,,,,,,0,1,0,0,0,0,0,0,0,0,0,0,0,0,0,0,0,0,0,0,0,0,0,0,0,0,0,0,0,0,0,0,0,0,0,0,0,0,0,0,0,0,0,0,0,1,0,0,0,0,0,0,0,0,0,1,0,1,1,1,1,0,0,0,0,0,0,1,1,0,0,0,0,0,0,0,0,0,0,0,0,1,0,0,0,0,0,0,0,0,0,0,0,0,0,0,0,0,0,0,1,0,0,0,0,0,0,1,0,0,0,0,0,0,0,0,0,0,0,0,1,1,0,0,1,0,0,0,0
-8362030.468,4863265.326,957,2020027401,1526,1,0,0,0,0,0,0,0,0,2,0,,67,3,2020,7,39.981568,-75.117396,1521,6,0,0,0,1,0,0,0,0,,0,0,0,,,1,,1,,39 58:53.645,,0,75 07:02.627,3,0,0,0,67301,0,0,0,N,0,0,0,4,67301,0,,1,,1,N,N,N,2,,1,0,0,,2,,,3,1,4,0,0,0,0,2,0,3,,3,,N,,,,,,,,,,,1,0,0,0,0,0,0,0,0,0,0,0,0,0,0,0,0,0,0,0,0,0,1,0,0,0,0,0,0,0,0,0,0,0,0,0,0,0,0,0,0,0,0,0,0,0,0,0,0,0,0,1,0,0,0,0,0,0,1,1,1,0,0,0,1,0,0,1,0,0,0,0,0,0,1,0,0,0,0,0,0,0,0,0,0,0,0,0,0,0,0,0,0,0,0,0,0,0,0,1,0,0,0,0,0,0,1,0,0,1,0,0,0,0,0,0,0,1,0,0,0,1,0,1,0,0,0,0,1
-8362003.529,4869778.828,958,2020027685,22,1,0,0,0,0,0,0,0,0,4,1,,67,3,2020,3,40.026388,-75.117154,18,6,0,0,0,0,0,0,0,0,,0,1,0,,,1,,1,,40 01:34.996,1,0,75 07:01.756,3,0,0,0,67301,0,0,0,N,0,0,0,2,67301,0,,1,40,1,N,N,N,0,,1,0,0,,2,N,,2,1,0,0,0,0,0,2,0,2,,3,,N,,,,,,,,,,,1,0,1,0,0,0,0,0,0,0,0,1,1,0,0,0,0,0,0,0,0,0,0,0,0,0,0,0,0,0,0,0,0,0,0,0,0,0,0,0,0,0,0,0,0,0,0,0,0,0,0,0,1,0,0,1,0,0,1,1,1,0,0,0,1,0,0,1,0,0,0,0,0,0,1,0,0,0,0,0,0,0,0,0,0,0,0,0,0,0,0,0,0,0,0,0,0,0,0,1,0,0,0,0,0,0,1,0,0,1,0,0,0,0,0,0,0,0,0,0,0,1,0,1,0,0,0,0,0
-8364923.774,4860244.872,959,2020010309,1619,1,0,0,0,0,0,0,0,0,4,0,,67,1,2020,6,39.960774,-75.143387,1619,6,0,0,0,0,0,0,0,0,,0,0,0,,,0,,1,,39 57:38.787,1,0,75 08:36.192,0,0,0,0,67301,0,0,0,N,0,0,0,1,67301,0,,1,1635,1,N,N,N,1,,0,0,0,,2,N,,2,0,0,0,0,0,0,2,0,2,,4,,N,,,,,,,,,,,0,0,1,0,0,0,0,0,0,0,0,0,0,0,0,0,0,0,0,0,0,0,0,0,0,0,0,0,0,0,0,0,0,0,0,0,0,0,0,0,0,0,0,0,0,0,0,0,0,0,0,0,0,0,0,0,0,0,0,0,1,0,0,0,1,0,0,1,0,0,0,0,0,0,1,0,0,0,0,0,0,0,0,0,1,0,0,0,0,0,0,0,0,0,0,0,0,0,0,1,0,0,0,0,0,0,1,0,0,0,0,0,0,0,0,0,0,0,0,0,0,1,0,1,0,0,0,0,0
-8352165.11,4877700.052,960,2020026958,1830,0,0,0,0,0,0,0,0,0,4,0,,67,3,2020,7,40.080855,-75.028774,1830,6,0,0,0,0,0,0,0,0,,0,0,0,,,1,,1,,40 04:51.077,,0,75 01:43.585,3,0,0,0,67301,0,0,0,N,0,0,0,3,67301,0,,1,,99,N,N,N,0,,1,0,1,,2,,,2,1,0,0,0,0,1,2,0,2,,,,N,,,,,,,,,,,1,0,1,0,0,0,0,0,0,0,0,0,1,0,0,0,0,0,0,0,0,0,0,0,0,0,0,0,0,0,0,0,0,0,0,0,0,0,0,0,0,0,0,0,0,1,0,0,0,0,0,0,0,0,0,1,0,0,1,1,1,0,0,0,1,0,0,0,0,0,0,0,0,0,1,0,0,0,0,0,0,0,0,0,0,0,0,0,0,0,0,0,0,0,0,0,0,0,0,1,0,0,0,0,0,0,1,0,0,1,0,0,0,0,0,0,0,0,0,0,0,1,0,0,0,0,0,0,0