X,Y,objectid,crn,arrival_tm,automobile_count,belted_death_count,belted_susp_serious_inj_count,bicycle_count,bicycle_death_count,bicycle_susp_serious_inj_count,bus_count,chldpas_death_count,chldpas_susp_serious_inj_count,collision_type,comm_veh_count,cons_zone_spd_lim,county,crash_month,crash_year,day_of_week,dec_latitude,dec_longitude,dispatch_tm,district,driver_count_16yr,driver_count_17yr,driver_count_18yr,driver_count_19yr,driver_count_20yr,driver_count_50_64yr,driver_count_65_74yr,driver_count_75plus,est_hrs_closed,fatal_count,heavy_truck_count,horse_buggy_count,hour_of_day,illumination,injury_count,intersection_related_x,intersect_type,lane_closed,latitude,ln_close_dir,location_type,longitude,max_severity_level,mcycle_death_count,mcycle_susp_serious_inj_count,motorcycle_count,municipality,nonmotr_count,nonmotr_death_count,nonmotr_susp_serious_inj_count,ntfy_hiwy_maint,ped_count,ped_death_count,ped_susp_serious_inj_count,person_count,police_agcy,possible_inj_count,rdwy_surf_type_cd,relation_to_road,roadway_cleared,road_condition,sch_bus_ind,sch_zone_ind,secondary_crash,small_truck_count,spec_juris_cd,susp_minor_inj_count,susp_serious_inj_count,suv_count,tcd_func_cd,tcd_type,tfc_detour_ind,time_of_day,total_units,tot_inj_count,unbelted_occ_count,unb_death_count,unb_susp_serious_inj_count,unk_inj_deg_count,unk_inj_per_count,urban_rural,van_count,vehicle_count,weather1,weather2,workers_pres,work_zone_ind,work_zone_loc,work_zone_type,wz_close_detour,wz_flagger,wz_law_offcr_ind,wz_ln_closure,wz_moving,wz_other,wz_shlder_mdn,wz_workers_inj_killed,aggressive_driving,alcohol_related,angle_crash,atv,atv_route,backup_congestion,backup_nonrecurring,backup_prior,bicycle,cell_phone,child_passenger,comm_vehicle,core_network,cross_median,curved_road,curve_dvr_error,deer_related,distracted,drinking_driver,driver_16yr,driver_17yr,driver_18yr,driver_19yr,driver_20yr,driver_50_64yr,driver_65_74yr,driver_75plus,drugged_driver,drug_related,fatal,fatal_or_susp_serious_inj,fatigue_asleep,federal_aid_route,fire_in_vehicle,hazardous_truck,hit_barrier,hit_bridge,hit_deer,hit_embankment,hit_fixed_object,hit_gdrail,hit_gdrail_end,hit_parked_vehicle,hit_pole,hit_roadway_equipment,hit_run,hit_temp_construction_barrier,hit_traffic_island,hit_tree_shrub,hit_utility_pole,horse_buggy,ho_oppdir_sdswp,hvy_truck_related,icy_road,illegal_drug_related,illumination_dark,impaired_driver,impaired_nonmotorist,injury,injury_or_fatal,intersection,intersection_related_y,interstate,lane_departure,left_turn,limit_65mph,limit_70mph,local_road,local_road_only,marijuana_drugged_driver,marijuana_related,mature_driver,mc_drinking_driver,motorcycle,multiple_vehicle,nhtsa_agg_driving,non_intersection,no_clearance,opioid_related,other_freeway_expressway,overturned,pedestrian,phantom_vehicle,possible_injury,property_damage_only,psp_reported,ramp,ramp_segment,ramp_terminal,rear_end,roundabout,running_red_lt,running_stop_sign,rural,school_bus,school_bus_related,school_bus_unit,school_zone,shldr_related,signalized_int,single_vehicle,snowmobile,snow_slush_road,speeding,speeding_related,speed_change_lane,state_road,stop_controlled_int,sudden_deer,suspected_minor_injury,suspected_serious_injury,sv_run_off_rd,tailgating,train,train_trolley,trolley,turnpike,unbelted,underage_drnk_drv,unlicensed,unsignalized_int,urban,vehicle_failure,vehicle_towed,vulnerable_road_user,vulnerable_road_user_fatal,wet_road,work_zone,young_driver
-8372488.715,4861401.582,1945,2020085460,,0,0,0,0,0,0,0,0,0,4,0,,67,8,2020,7,39.968738,-75.211344,,6,0,0,0,0,0,0,1,0,,0,0,0,,,0,,1,,39 58:07.455,,0,75 12:40.840,0,0,0,0,67301,0,0,0,N,0,0,0,2,0,0,,1,,1,,,N,0,,0,0,1,,2,,,2,0,0,0,0,0,0,2,0,2,,,,N,,,,,,,,,,,0,0,1,0,0,0,0,0,0,0,0,0,0,0,0,0,0,0,0,0,0,0,0,0,0,1,0,0,0,0,0,0,0,0,0,0,0,0,0,0,0,0,0,0,0,1,0,0,0,0,0,0,0,0,0,1,0,0,0,0,1,0,0,0,0,0,0,1,0,0,0,1,0,0,1,0,0,0,0,0,0,0,0,0,1,0,0,0,0,0,0,0,0,0,0,0,0,0,0,1,0,0,0,0,0,0,1,0,0,0,0,0,0,0,0,0,0,0,0,0,0,1,0,1,0,0,0,0,0
-8356195.099,4869887.277,1946,2020042314,447,1,0,0,0,0,0,0,0,0,8,0,,67,5,2020,5,40.027134,-75.064976,447,6,0,0,0,0,0,1,0,0,,0,0,0,,,1,,5,,40 01:37.684,,0,75 03:53.913,3,0,0,0,67301,1,0,0,N,1,0,0,2,67301,0,,1,,9,N,N,N,0,,1,0,0,,2,,,2,1,0,0,0,0,0,2,0,1,,4,,N,,,,,,,,,,,0,0,0,0,0,0,0,0,0,0,0,0,0,0,0,0,0,1,0,0,0,0,0,0,1,0,0,0,0,0,0,0,0,0,0,0,0,0,0,0,0,0,0,0,0,0,0,0,0,0,0,0,0,0,0,1,0,0,1,1,1,0,0,0,0,0,0,1,0,0,0,0,0,0,0,0,0,0,0,0,0,1,0,0,0,0,0,0,0,0,0,0,0,0,0,0,0,0,0,1,1,0,0,0,0,0,1,0,0,1,0,0,0,0,0,0,0,0,0,0,0,1,0,0,1,0,1,0,0
-8354404.302,4873791.949,1947,2020017819,1208,1,0,0,0,0,0,0,0,0,4,0,,67,2,2020,6,40.053988,-75.048889,1204,6,0,0,0,0,0,1,0,0,,0,0,0,,,2,,1,,40 03:14.357,1,0,75 02:56.000,3,0,0,0,67301,0,0,0,N,0,0,0,2,67301,0,,1,1325,9,N,N,N,0,,2,0,0,,2,N,,2,2,0,0,0,0,0,2,1,2,,7,,N,,,,,,,,,,,1,0,1,0,0,0,0,0,0,0,0,0,0,0,0,0,0,0,0,0,0,0,0,0,1,0,0,0,0,0,0,0,0,0,0,0,0,0,0,0,0,0,0,0,0,0,0,0,0,0,0,0,0,0,0,0,0,0,1,1,1,0,0,0,0,0,0,1,0,0,0,0,0,0,1,0,0,0,0,0,0,0,0,0,0,0,0,0,0,0,0,1,0,0,0,0,0,0,0,1,0,0,0,0,0,0,1,0,0,1,0,0,0,0,0,0,0,0,0,0,0,1,0,1,0,0,1,0,0
-8349935.268,4874345.481,1948,2020013228,1750,1,0,0,0,0,0,0,0,0,4,0,,67,2,2020,2,40.057794,-75.008743,1749,6,0,0,0,0,0,0,0,0,,0,0,0,,,0,,1,,40 03:28.059,,0,75 00:31.473,0,0,0,0,67301,0,0,0,N,0,0,0,2,67301,0,,1,,1,N,N,N,0,,0,0,1,,2,,,2,0,0,0,0,0,0,2,0,2,,3,,N,,,,,,,,,,,1,0,1,0,0,0,0,0,0,0,0,0,0,0,0,0,0,0,0,0,0,0,0,0,0,0,0,0,0,0,0,0,0,0,0,0,0,0,0,0,0,0,0,0,0,0,0,0,0,0,0,0,0,0,0,1,0,0,0,0,1,0,0,0,1,0,0,0,0,0,0,0,0,0,1,0,0,0,0,0,0,0,0,0,1,0,0,0,0,0,0,0,0,0,0,0,0,0,0,1,0,0,0,0,0,0,1,0,0,0,0,0,0,0,0,0,0,0,0,0,0,1,0,1,0,0,0,0,0
-8365724.384,4864081.096,1949,2020014518,1137,0,0,0,0,0,0,0,0,0,4,0,,67,2,2020,6,39.987183,-75.150579,1137,6,0,0,1,0,0,0,0,0,,0,0,0,,,2,N,1,,39 59:13.858,,0,75 09:02.084,3,0,0,0,67301,0,0,0,N,0,0,0,2,67505,0,,1,,9,N,N,N,0,,2,0,1,,3,,,2,2,0,0,0,0,0,2,1,2,,,,N,,,,,,,,,,,1,0,1,0,0,0,0,0,0,0,0,0,0,0,0,0,0,0,0,0,0,1,0,0,0,0,0,0,0,0,0,0,0,0,0,0,0,0,0,0,0,0,0,0,0,0,0,0,0,0,0,0,0,0,0,0,0,0,1,1,1,0,0,0,0,0,0,1,0,0,0,0,0,0,1,0,0,0,0,0,0,0,0,0,0,0,0,0,0,0,0,0,0,0,0,0,0,0,0,0,0,0,0,0,1,0,1,1,0,1,0,0,0,0,0,0,0,0,0,0,1,1,0,0,0,0,1,0,1
-8369222.266,4864158.971,1950,2020084705,1402,0,0,0,0,0,0,0,0,0,8,0,,67,10,2020,7,39.987719,-75.182001,1400,6,0,0,0,0,0,0,0,0,,0,1,0,,,1,N,0,,39 59:15.787,,0,75 10:55.203,3,0,0,0,67301,1,0,0,N,1,0,0,1,67301,0,,1,,1,N,N,N,0,,1,0,0,,0,,,2,1,0,0,0,0,0,2,0,1,,3,,N,,,,,,,,,,,0,0,0,0,0,0,0,0,0,0,0,0,0,0,0,0,0,1,0,0,0,0,0,0,0,0,0,0,0,0,0,0,0,0,0,0,0,0,0,0,0,0,0,0,0,1,0,0,0,0,0,0,1,0,0,0,0,0,1,1,0,0,0,0,0,0,0,0,0,0,0,0,0,0,0,0,1,0,0,0,0,1,0,0,0,0,0,0,0,0,0,0,0,0,0,0,0,0,0,0,1,0,0,0,0,0,1,0,0,1,0,0,0,0,0,0,0,0,0,0,0,1,0,0,1,0,0,0,0
-8369446.686,4861442.543,1951,2020054260,2117,1,0,0,1,1,0,0,0,0,8,0,,67,7,2020,3,39.96902,-75.184017,2113,6,0,0,0,0,0,0,0,0,,1,0,0,,,0,N,0,,39 58:08.472,,0,75 11:02.462,1,0,0,0,67301,1,1,0,N,0,0,0,2,67301,0,2,1,,1,N,N,N,0,0,0,0,0,,0,,,2,0,0,0,0,0,0,2,0,1,,,,N,,,,,,,,,,,0,0,0,0,0,0,0,0,1,0,0,0,0,0,0,0,0,0,0,0,0,0,0,0,0,0,0,0,0,1,1,0,0,0,0,0,0,0,0,0,0,0,0,0,0,0,0,0,0,0,0,0,0,0,0,1,0,0,0,1,0,0,0,0,0,0,0,0,0,0,0,0,0,0,0,0,1,0,0,0,0,0,0,0,0,0,0,0,0,0,0,0,0,0,0,0,0,0,0,0,1,0,0,0,0,0,1,0,0,0,0,0,0,0,0,0,0,0,0,0,0,1,0,0,1,1,0,0,0
-8362586.509,4869651.336,1952,2020056183,1812,2,0,0,0,0,0,0,0,0,5,0,,67,7,2020,5,40.025511,-75.122391,1802,6,0,0,0,0,0,0,0,0,,0,0,0,,,0,N,0,,40 01:31.839,,0,75 07:20.608,0,0,0,0,67301,0,0,0,N,0,0,0,1,67301,0,,1,,1,N,N,N,0,,0,0,0,,2,,,2,0,0,0,0,0,0,2,0,2,,3,,N,,,,,,,,,,,1,0,0,0,0,0,0,0,0,0,0,0,0,0,0,0,0,0,0,0,0,0,0,0,0,0,0,0,0,0,0,0,0,0,0,0,0,0,0,0,0,0,0,0,0,1,0,0,0,0,0,0,0,0,0,0,0,0,0,0,0,0,0,0,0,0,0,0,0,0,0,0,0,0,1,0,1,0,0,0,0,0,0,0,1,0,0,0,0,0,0,0,0,0,0,0,0,0,0,0,0,0,0,0,0,0,1,0,0,0,0,0,0,0,0,0,0,0,0,0,0,1,0,1,0,0,0,0,0
-8353904.143,4874595.787,1953,2020085479,1255,1,0,0,0,0,0,0,0,0,8,0,,67,10,2020,3,40.059515,-75.044396,1245,6,0,0,0,0,0,0,0,0,,0,0,0,,,1,N,0,,40 03:34.255,,7,75 02:39.827,3,0,0,0,67301,1,0,0,N,1,0,0,1,67301,0,,6,,1,N,N,N,0,,1,0,0,,3,,,2,1,0,0,0,0,0,2,0,1,,3,,N,,,,,,,,,,,0,0,0,0,0,0,0,0,0,0,0,0,0,0,0,0,0,0,0,0,0,0,0,0,0,0,0,0,0,0,0,0,0,0,0,0,0,0,0,0,0,0,0,0,0,1,0,0,0,0,0,0,0,0,0,0,0,0,1,1,0,0,0,0,0,0,0,0,0,0,0,0,0,0,0,0,1,0,0,0,0,1,0,0,0,0,0,0,0,0,0,0,0,0,0,0,0,0,0,0,1,0,0,0,0,0,1,0,0,1,0,0,0,0,0,0,0,0,0,0,0,1,0,0,1,0,0,0,0
-8367090.608,4861760.649,1954,2020013230,833,1,0,0,0,0,0,0,0,0,4,0,,67,2,2020,2,39.97121,-75.162852,833,6,0,0,1,0,0,1,0,0,,0,0,0,,,0,,1,,39 58:16.355,1,0,75 09:46.267,0,0,0,0,67301,0,0,0,N,0,0,0,2,67301,0,,1,840,1,N,N,N,0,,0,0,2,,3,N,,3,0,0,0,0,0,0,2,0,3,,3,,N,,,,,,,,,,,1,0,1,0,0,0,0,0,0,0,0,0,0,0,0,0,0,0,0,0,0,1,0,0,1,0,0,0,0,0,0,0,0,0,0,0,0,0,0,0,0,0,1,0,0,0,0,0,0,0,0,0,0,0,0,0,0,0,0,0,1,0,0,0,0,0,0,1,1,0,0,0,0,0,1,0,0,0,0,0,0,0,0,0,1,0,0,0,0,0,0,0,1,0,0,0,0,0,0,0,0,0,0,0,0,0,0,1,0,0,0,0,0,0,0,0,0,0,0,0,1,1,1,1,0,0,0,0,1
-8373780.689,4864658.349,1955,2020049851,1230,0,0,0,0,0,0,0,0,0,7,0,,67,6,2020,5,39.991156,-75.22295,1228,6,0,0,0,0,0,0,0,0,,0,0,0,,,1,N,0,,39 59:28.160,,0,75 13:22.620,3,0,0,0,67301,0,0,0,N,0,0,0,1,67301,0,,4,,1,N,N,N,0,,1,0,1,,0,,,1,1,1,0,0,0,0,2,0,1,,3,,N,,,,,,,,,,,1,0,0,0,0,0,0,0,0,0,0,0,0,0,0,0,0,0,0,0,0,0,0,0,0,0,0,0,0,0,0,0,0,0,0,0,0,0,0,1,0,0,0,0,0,0,0,0,1,0,0,0,0,0,0,0,0,0,1,1,0,0,0,1,0,0,0,1,1,0,0,0,0,0,0,0,1,0,0,0,1,0,0,0,0,0,0,0,0,0,0,0,0,0,0,0,0,0,0,0,1,0,0,0,0,0,0,0,0,1,0,1,0,0,0,0,0,1,0,0,0,1,0,1,0,0,0,0,0
-8351086.646,4875547.183,1956,2020015148,1908,1,0,0,0,0,0,0,0,0,1,0,,67,2,2020,4,40.066056,-75.019086,1858,6,0,0,0,0,0,0,0,0,,0,0,0,,,1,N,0,,40 03:57.800,,7,75 01:08.710,3,0,0,0,67301,0,0,0,N,0,0,0,3,67301,0,,1,,1,N,N,N,1,,1,0,0,,0,,,2,1,0,0,0,0,0,2,0,2,,3,,N,,,,,,,,,,,0,0,0,0,0,0,0,0,0,0,0,0,0,0,0,0,0,0,0,0,0,0,0,0,0,0,0,0,0,0,0,0,0,0,0,0,0,0,0,0,0,0,0,0,0,0,0,0,0,0,0,0,0,0,0,1,0,0,1,1,0,0,0,0,0,0,0,1,1,0,0,0,0,0,1,0,1,0,0,0,0,0,0,0,0,0,0,0,0,1,0,0,0,0,0,0,0,0,0,0,0,0,0,0,0,0,0,0,0,1,0,0,0,0,0,0,0,0,0,0,0,1,1,1,0,0,0,0,0
-8354916.928,4868886.711,1957,2020056214,601,1,0,0,0,0,0,0,0,0,7,0,,67,7,2020,5,40.020251,-75.053494,554,6,0,0,0,0,0,0,0,0,,0,0,0,,,1,N,0,,40 01:12.904,3,0,75 03:12.577,4,0,0,0,67301,0,0,0,N,0,0,0,1,67301,1,,4,100,1,N,N,N,0,,0,0,0,,0,Y,,1,1,0,0,0,0,0,2,0,1,,3,,N,,,,,,,,,,,0,0,0,0,0,0,0,0,0,0,0,0,0,0,0,0,0,0,0,0,0,0,0,0,0,0,0,0,0,0,0,0,0,0,0,0,0,0,0,1,0,0,0,1,0,0,0,0,0,1,0,0,0,0,0,0,0,0,1,1,0,0,0,1,0,0,0,0,0,0,0,0,0,0,0,0,1,0,0,0,0,0,0,1,0,0,0,0,0,0,0,0,0,0,0,0,0,0,0,0,1,0,0,0,0,0,1,0,0,0,0,1,0,0,0,0,0,0,0,0,0,1,0,1,0,0,0,0,0
-8366431.708,4861329.102,1958,2020054819,2335,1,0,0,0,0,0,0,0,0,8,0,,67,7,2020,1,39.968239,-75.156933,2329,6,0,0,0,1,0,0,0,0,,0,0,0,,,1,N,0,,39 58:05.660,,0,75 09:24.960,3,0,0,0,67301,1,0,0,N,1,0,0,2,67301,0,,1,,9,N,N,N,0,,1,0,0,,9,,,2,1,0,0,0,0,0,2,0,1,,7,,N,,,,,,,,,,,0,0,0,0,0,0,0,0,0,0,0,0,0,0,0,0,0,0,0,0,0,0,1,0,0,0,0,0,0,0,0,0,0,0,0,0,0,0,0,0,0,0,0,0,0,0,0,0,0,0,0,0,0,0,0,1,0,0,1,1,0,0,0,0,0,0,0,1,1,0,0,0,0,0,0,0,1,0,0,0,0,1,0,0,0,0,0,0,0,0,0,0,0,0,0,0,0,0,0,0,1,0,0,0,0,0,0,0,0,1,0,0,0,0,0,0,0,0,0,0,0,1,0,0,1,0,1,0,1
-8363094.349,4867287.729,1959,2020013143,157,1,0,0,0,0,0,0,0,0,1,0,,67,2,2020,2,40.00925,-75.126953,145,6,0,0,0,0,0,1,0,0,,0,0,0,,,3,N,0,,40 00:33.300,,0,75 07:37.030,3,0,0,0,67301,0,0,0,N,0,0,0,3,67301,0,,1,,1,N,N,N,1,,3,0,1,,1,,,3,3,1,0,0,0,0,2,0,3,,3,,N,,,,,,,,,,,0,1,0,0,0,0,0,0,0,0,0,0,0,0,0,0,0,0,1,0,0,0,0,0,1,0,0,0,0,0,0,0,0,0,0,0,0,0,0,0,0,0,0,0,0,0,0,0,0,0,0,0,0,0,0,1,1,0,1,1,0,0,0,0,0,0,0,1,1,0,0,0,0,0,1,0,1,0,0,0,0,0,0,0,0,0,0,0,0,1,0,0,0,0,0,0,0,0,0,0,0,0,0,0,0,0,0,0,0,1,0,0,0,0,0,0,0,1,0,0,0,1,0,0,0,0,0,0,0
-8353338.64,4878526.613,1960,2020014789,1625,0,0,0,0,0,0,0,0,0,8,0,,67,2,2020,6,40.086536,-75.039316,1622,6,0,0,0,0,0,0,0,0,,0,0,0,,,1,N,0,,40 05:11.530,,7,75 02:21.539,8,0,0,0,67301,1,0,0,N,1,0,0,2,67301,0,,1,,9,N,N,N,0,,0,0,1,,0,,,2,1,0,0,0,1,0,2,0,1,,,,N,,,,,,,,,,,1,0,0,0,0,0,0,0,0,0,0,0,0,0,0,0,0,0,0,0,0,0,0,0,0,0,0,0,0,0,0,0,0,0,0,0,0,0,0,0,0,0,0,0,0,0,0,0,0,0,0,0,0,0,0,0,0,0,1,1,0,0,0,0,1,0,0,0,0,0,0,0,0,0,0,0,1,0,0,0,0,1,0,0,0,0,0,0,0,0,0,0,0,0,0,0,0,0,0,0,1,0,0,0,0,0,1,0,0,0,0,0,0,0,0,0,0,0,0,0,0,1,0,0,1,0,1,0,0
-8372413.797,4868798.622,1961,2020013561,625,0,0,0,0,0,0,0,0,0,8,0,,67,2,2020,2,40.019645,-75.210671,619,6,0,0,0,0,0,0,0,0,,0,0,0,,,1,,5,,40 01:10.722,,0,75 12:38.416,3,0,0,0,67301,1,0,0,N,1,0,0,2,67301,0,,1,,1,N,N,N,0,,1,0,1,,2,,,2,1,0,0,0,0,0,2,0,1,,3,,N,,,,,,,,,,,0,0,0,0,0,0,0,0,0,0,0,0,0,0,0,0,0,0,0,0,0,0,0,0,0,0,0,0,0,0,0,0,0,0,0,0,0,0,0,0,0,0,0,0,0,0,0,0,0,0,0,0,0,0,0,0,0,0,1,1,1,0,0,0,0,0,0,1,0,0,0,0,0,0,0,0,0,0,0,0,0,1,0,0,0,0,0,0,0,0,0,0,0,0,0,0,0,0,0,1,1,0,0,0,0,0,1,0,0,1,0,0,0,0,0,0,0,0,0,0,0,1,0,0,1,0,0,0,0
-8375084.463,4853890.161,1962,2020055145,1845,1,0,0,0,0,0,0,0,0,2,0,,67,7,2020,1,39.917005,-75.234662,1845,6,0,0,0,0,0,1,0,0,,0,0,0,,,2,,1,,39 55:01.217,,0,75 14:04.783,3,0,0,0,67301,0,0,0,N,0,0,0,2,67301,0,,1,,1,N,N,N,2,,2,0,0,,2,,,3,2,1,0,0,0,0,2,0,3,,3,,N,,,,,,,,,,,1,0,0,0,0,0,0,0,0,0,0,0,0,0,0,0,0,0,0,0,0,0,0,0,1,0,0,0,0,0,0,0,0,0,0,0,0,0,0,0,0,0,1,0,0,0,0,0,0,0,0,1,0,0,0,0,0,0,1,1,1,0,0,0,0,0,0,1,1,0,0,0,0,0,1,0,0,0,0,0,0,0,0,0,0,0,0,0,0,0,0,0,0,0,0,0,0,0,0,1,0,0,0,0,0,0,0,0,0,1,0,0,0,0,0,0,0,1,0,0,0,1,0,1,0,0,0,0,0
-8370739.774,4873620.485,1963,2020044508,1650,1,0,0,0,0,0,0,0,0,4,0,,67,5,2020,4,40.052809,-75.195633,1642,6,0,0,1,0,0,1,0,0,,0,0,0,,,3,,1,,40 03:10.112,,0,75 11:44.278,3,0,0,0,67301,0,0,0,N,0,0,0,7,67301,0,,1,,1,N,N,N,1,,1,0,1,,2,,,3,3,0,0,0,2,0,2,0,3,,,,N,,,,,,,,,,,1,0,1,0,0,0,0,0,0,0,0,0,0,0,0,0,0,0,0,0,0,1,0,0,1,0,0,0,0,0,0,0,0,0,0,0,0,0,0,0,0,0,0,0,0,0,0,0,0,0,0,0,0,0,0,0,0,0,1,1,1,0,0,0,0,0,0,1,1,0,0,0,0,0,1,0,0,0,0,0,1,0,0,0,0,0,0,0,0,0,0,1,0,0,0,0,0,0,0,1,0,0,0,0,0,0,0,0,0,1,0,0,0,0,0,0,0,0,0,0,0,1,0,1,0,0,0,0,1
-8362983.363,4862686.409,1964,2020013583,543,1,0,0,0,0,0,0,0,0,4,0,,67,2,2020,3,39.977583,-75.125956,541,6,0,0,0,0,0,0,0,0,,0,0,0,,,0,,1,,39 58:39.298,,0,75 07:33.440,0,0,0,0,67301,0,0,0,N,0,0,0,2,67301,0,,1,,9,N,N,Y,0,,0,0,2,,3,,,3,0,1,0,0,0,0,2,0,3,,,,N,,,,,,,,,,,1,0,1,0,0,0,0,0,0,0,0,0,0,0,0,0,0,0,0,0,0,0,0,0,0,0,0,0,0,0,0,0,0,0,0,0,0,0,0,0,0,0,1,0,0,0,0,0,0,0,0,0,0,0,0,1,0,0,0,0,1,0,0,0,0,0,0,1,0,0,0,0,0,0,1,0,0,0,0,0,0,0,0,0,1,0,0,0,0,0,0,0,0,0,0,0,0,0,0,0,0,0,0,0,0,0,1,1,0,0,0,0,0,0,0,0,0,1,0,0,1,1,0,1,0,0,1,0,0
-8364455.787,4868394.387,1965,2020014828,440,4,0,0,0,0,0,0,0,0,5,0,,67,2,2020,5,40.016864,-75.139183,438,6,0,0,0,0,0,0,0,0,,0,0,0,,,0,N,0,,40 01:00.710,,0,75 08:21.060,0,0,0,0,67301,0,0,0,N,0,0,0,1,67301,0,,6,,9,N,N,N,0,,0,0,0,,0,,,5,0,0,0,0,0,0,2,1,5,,,,N,,,,,,,,,,,0,0,0,0,0,0,0,0,0,0,0,0,0,0,0,0,0,0,0,0,0,0,0,0,0,0,0,0,0,0,0,0,0,0,0,0,0,0,0,0,0,0,1,0,0,1,0,0,0,0,0,0,0,0,0,1,0,0,0,0,0,0,0,0,0,0,0,1,1,0,0,0,0,0,1,0,1,0,0,0,0,0,0,0,1,0,0,0,0,0,0,0,0,0,0,0,0,0,0,0,0,0,0,0,0,0,0,0,0,0,0,0,0,0,0,0,0,0,0,0,0,1,0,1,0,0,1,0,0
-8355315.23,4874326.573,1966,2020012778,230,1,0,0,0,0,0,0,0,0,1,0,,67,2,2020,2,40.057664,-75.057072,211,6,0,0,0,0,0,0,0,0,,0,0,0,,,1,N,0,,40 03:27.590,,0,75 03:25.460,4,0,0,0,67301,0,0,0,N,0,0,0,1,67301,1,,6,,9,N,N,N,0,,0,0,1,,3,,,2,1,0,0,0,0,0,2,0,2,,3,,N,,,,,,,,,,,0,0,0,0,0,0,0,0,0,0,0,0,0,0,0,0,0,0,0,0,0,0,0,0,0,0,0,0,0,0,0,0,0,0,0,0,0,0,0,0,0,0,1,0,0,0,0,0,0,0,0,0,0,0,0,1,0,0,1,1,0,0,0,0,0,0,0,1,1,0,0,0,0,0,1,0,1,0,0,0,0,0,0,1,0,0,0,0,0,1,0,0,0,0,0,0,0,0,0,0,0,0,0,0,0,0,0,0,0,0,0,0,0,0,0,0,0,0,0,0,0,1,0,1,0,0,1,0,0
-8356978.788,4867238.025,1967,2020014063,750,0,0,0,0,0,0,0,0,0,4,0,,67,2,2020,2,40.008908,-75.072016,746,6,0,0,0,0,0,0,0,0,,0,0,0,,,0,,5,,40 00:32.070,,0,75 04:19.257,0,0,0,0,67301,0,0,0,N,0,0,0,2,67301,0,,1,,1,N,N,N,0,,0,0,2,,2,,,2,0,2,0,0,0,0,2,0,2,,3,,N,,,,,,,,,,,1,0,1,0,0,0,0,0,0,0,0,0,0,0,0,0,0,0,0,0,0,0,0,0,0,0,0,0,0,0,0,0,0,0,0,0,0,0,0,0,0,0,0,0,0,0,0,0,0,0,0,0,0,0,0,0,0,0,0,0,1,0,0,0,0,0,0,1,0,0,0,0,0,0,1,0,0,0,0,0,0,0,0,0,1,0,0,0,0,0,0,0,0,0,0,0,0,0,0,1,0,0,0,0,0,0,1,0,0,0,0,0,0,0,0,0,0,1,0,0,0,1,0,1,0,0,0,0,0
-8369696.71,4855817.967,1968,2020014882,1630,2,0,0,0,0,0,0,0,0,4,0,,67,2,2020,2,39.930286,-75.186263,1620,6,0,0,0,0,0,1,0,0,,0,0,0,,,1,,1,,39 55:49.030,,0,75 11:10.546,3,0,0,0,67301,0,0,0,N,0,0,0,2,67301,0,,1,,1,N,N,N,0,,1,0,0,,3,,,2,1,1,0,0,0,0,2,0,2,,3,,N,,,,,,,,,,,0,0,1,0,0,0,0,0,0,0,0,0,0,0,0,0,0,0,0,0,0,0,0,0,1,0,0,0,0,0,0,0,0,0,0,0,0,0,0,0,0,0,0,0,0,0,0,0,0,0,0,0,0,0,0,0,0,0,1,1,1,0,0,0,0,0,0,1,1,0,0,0,0,0,1,0,0,0,0,0,0,0,0,0,0,0,0,0,0,0,0,0,0,0,0,0,0,0,0,0,0,0,0,0,0,0,0,1,0,1,0,0,0,0,0,0,0,1,0,0,1,1,0,0,0,0,0,0,0
-8370348.708,4861135.777,1969,2020042318,1346,2,0,0,0,0,0,0,0,0,4,0,,67,5,2020,4,39.966908,-75.19212,1343,6,0,0,0,0,0,0,0,1,,0,0,0,,,3,,1,,39 58:00.868,,0,75 11:31.632,8,0,0,0,67301,0,0,0,N,0,0,0,5,67301,0,,1,,1,N,N,N,0,,0,0,1,,2,,,3,3,0,0,0,3,0,2,0,3,,3,,N,,,,,,,,,,,1,0,1,0,0,0,0,0,0,0,0,0,0,0,0,0,0,0,0,0,0,0,0,0,0,0,1,0,0,0,0,0,0,0,0,0,0,0,0,0,0,0,0,0,0,0,0,0,0,0,0,0,0,0,0,0,0,0,1,1,1,0,0,0,1,0,0,1,1,0,0,1,0,0,1,0,0,0,0,0,0,0,0,0,0,0,0,0,0,0,0,0,0,0,0,0,0,0,0,1,0,0,0,0,0,0,0,0,0,0,0,0,0,0,0,0,0,0,0,0,0,1,0,1,0,0,0,0,0
-8362669.109,4869714.282,1970,2020016662,2200,2,0,0,0,0,0,0,0,0,4,0,,67,2,2020,2,40.025944,-75.123133,2200,6,0,0,0,0,0,0,0,0,,0,0,0,,,1,,1,,40 01:33.397,,0,75 07:23.277,3,0,0,0,67301,0,0,0,N,0,0,0,3,67301,0,,1,,99,N,N,N,0,,1,0,0,,2,,,2,1,0,0,0,0,2,2,0,2,,,,N,,,,,,,,,,,1,0,1,0,0,0,0,0,0,0,0,0,0,0,0,0,0,0,0,0,0,0,0,0,0,0,0,0,0,0,0,0,0,0,0,0,0,0,0,0,0,0,0,0,0,0,0,0,0,0,0,0,0,0,0,0,0,0,1,1,1,0,0,0,1,0,0,1,0,0,0,0,0,0,1,0,0,0,0,0,0,0,0,0,0,0,0,0,0,0,0,0,0,0,0,0,0,0,0,1,0,0,0,0,0,0,1,0,0,1,0,0,0,0,0,0,0,0,0,0,0,1,0,0,0,0,0,0,0