X,Y,objectid,crn,arrival_tm,automobile_count,belted_death_count,belted_susp_serious_inj_count,bicycle_count,bicycle_death_count,bicycle_susp_serious_inj_count,bus_count,chldpas_death_count,chldpas_susp_serious_inj_count,collision_type,comm_veh_count,cons_zone_spd_lim,county,crash_month,crash_year,day_of_week,dec_latitude,dec_longitude,dispatch_tm,district,driver_count_16yr,driver_count_17yr,driver_count_18yr,driver_count_19yr,driver_count_20yr,driver_count_50_64yr,driver_count_65_74yr,driver_count_75plus,est_hrs_closed,fatal_count,heavy_truck_count,horse_buggy_count,hour_of_day,illumination,injury_count,intersection_related_x,intersect_type,lane_closed,latitude,ln_close_dir,location_type,longitude,max_severity_level,mcycle_death_count,mcycle_susp_serious_inj_count,motorcycle_count,municipality,nonmotr_count,nonmotr_death_count,nonmotr_susp_serious_inj_count,ntfy_hiwy_maint,ped_count,ped_death_count,ped_susp_serious_inj_count,person_count,police_agcy,possible_inj_count,rdwy_surf_type_cd,relation_to_road,roadway_cleared,road_condition,sch_bus_ind,sch_zone_ind,secondary_crash,small_truck_count,spec_juris_cd,susp_minor_inj_count,susp_serious_inj_count,suv_count,tcd_func_cd,tcd_type,tfc_detour_ind,time_of_day,total_units,tot_inj_count,unbelted_occ_count,unb_death_count,unb_susp_serious_inj_count,unk_inj_deg_count,unk_inj_per_count,urban_rural,van_count,vehicle_count,weather1,weather2,workers_pres,work_zone_ind,work_zone_loc,work_zone_type,wz_close_detour,wz_flagger,wz_law_offcr_ind,wz_ln_closure,wz_moving,wz_other,wz_shlder_mdn,wz_workers_inj_killed,aggressive_driving,alcohol_related,angle_crash,atv,atv_route,backup_congestion,backup_nonrecurring,backup_prior,bicycle,cell_phone,child_passenger,comm_vehicle,core_network,cross_median,curved_road,curve_dvr_error,deer_related,distracted,drinking_driver,driver_16yr,driver_17yr,driver_18yr,driver_19yr,driver_20yr,driver_50_64yr,driver_65_74yr,driver_75plus,drugged_driver,drug_related,fatal,fatal_or_susp_serious_inj,fatigue_asleep,federal_aid_route,fire_in_vehicle,hazardous_truck,hit_barrier,hit_bridge,hit_deer,hit_embankment,hit_fixed_object,hit_gdrail,hit_gdrail_end,hit_parked_vehicle,hit_pole,hit_roadway_equipment,hit_run,hit_temp_construction_barrier,hit_traffic_island,hit_tree_shrub,hit_utility_pole,horse_buggy,ho_oppdir_sdswp,hvy_truck_related,icy_road,illegal_drug_related,illumination_dark,impaired_driver,impaired_nonmotorist,injury,injury_or_fatal,intersection,intersection_related_y,interstate,lane_departure,left_turn,limit_65mph,limit_70mph,local_road,local_road_only,marijuana_drugged_driver,marijuana_related,mature_driver,mc_drinking_driver,motorcycle,multiple_vehicle,nhtsa_agg_driving,non_intersection,no_clearance,opioid_related,other_freeway_expressway,overturned,pedestrian,phantom_vehicle,possible_injury,property_damage_only,psp_reported,ramp,ramp_segment,ramp_terminal,rear_end,roundabout,running_red_lt,running_stop_sign,rural,school_bus,school_bus_related,school_bus_unit,school_zone,shldr_related,signalized_int,single_vehicle,snowmobile,snow_slush_road,speeding,speeding_related,speed_change_lane,state_road,stop_controlled_int,sudden_deer,suspected_minor_injury,suspected_serious_injury,sv_run_off_rd,tailgating,train,train_trolley,trolley,turnpike,unbelted,underage_drnk_drv,unlicensed,unsignalized_int,urban,vehicle_failure,vehicle_towed,vulnerable_road_user,vulnerable_road_user_fatal,wet_road,work_zone,young_driver
-8368207.032,4871849.599,3509,2020058318,,1,0,0,0,0,0,0,0,0,8,0,,67,7,2020,4,40.040631,-75.172881,,6,0,0,0,0,0,0,0,0,,0,0,0,,,1,N,0,,40 02:26.270,,0,75 10:22.370,8,0,0,0,67301,1,0,0,N,1,0,0,2,67301,0,,1,,1,N,N,N,0,,0,0,0,,0,,,2,1,0,0,0,1,0,2,0,1,,,,N,,,,,,,,,,,0,0,0,0,0,0,0,0,0,0,0,0,0,0,0,0,0,0,0,0,0,0,0,0,0,0,0,0,0,0,0,0,0,0,0,0,0,0,0,0,0,0,0,0,0,0,0,0,0,0,0,0,0,0,0,0,0,0,1,1,0,0,0,0,0,0,0,1,1,0,0,0,0,0,0,0,1,0,0,0,0,1,0,0,0,0,0,0,0,0,0,0,0,0,0,0,0,0,0,0,1,0,0,0,0,0,0,0,0,0,0,0,0,0,0,0,0,0,0,0,0,1,0,0,1,0,0,0,0
-8376975.56,4862641.23,3510,2020019394,,1,0,0,0,0,0,0,0,0,4,0,,67,2,2020,7,39.977272,-75.25165,,6,0,0,0,0,0,1,0,0,,0,0,0,,,1,N,0,,39 58:38.180,,0,75 15:05.940,3,0,0,0,67301,0,0,0,N,0,0,0,3,67301,0,,1,,1,N,N,N,0,,1,0,1,,0,,,2,1,0,0,0,0,0,2,0,2,,3,,N,,,,,,,,,,,1,0,1,0,0,0,0,0,0,0,0,0,0,0,0,0,0,0,0,0,0,0,0,0,1,0,0,0,0,0,0,0,0,0,0,0,0,0,0,0,0,0,0,0,0,0,0,0,0,0,0,0,0,0,0,1,0,0,1,1,0,0,0,0,0,0,0,1,1,0,0,0,0,0,1,0,1,0,0,0,0,0,0,0,0,0,0,0,0,0,0,0,0,0,0,0,0,0,0,0,0,0,0,0,0,0,0,0,0,1,0,0,0,0,0,0,0,0,0,0,0,1,0,0,0,0,0,0,0
-8362231.957,4867828.688,3511,2020024102,,1,0,0,0,0,0,0,0,0,4,0,,67,2,2020,1,40.012972,-75.119206,,6,0,0,0,0,0,0,0,0,,0,0,0,,,1,N,0,,40 00:46.700,,7,75 07:09.140,2,0,1,1,67301,0,0,0,N,0,0,0,2,67301,0,,1,,99,N,N,N,0,,0,1,0,,0,,,2,1,0,0,0,0,0,2,0,2,,,,N,,,,,,,,,,,0,0,1,0,0,0,0,0,0,0,0,0,0,0,0,0,0,0,0,0,0,0,0,0,0,0,0,0,0,0,1,0,0,0,0,0,0,0,0,0,0,0,0,0,0,1,0,0,0,0,0,0,0,0,0,1,0,0,1,1,0,0,0,0,0,0,0,1,1,0,0,0,0,1,1,0,1,0,0,0,0,0,0,0,0,0,0,0,0,0,0,0,0,0,0,0,0,0,0,0,0,0,0,0,0,0,0,0,0,0,1,0,0,0,0,0,0,0,0,0,0,1,0,0,0,0,0,0,0
-8368150.259,4853121.379,3512,2020058200,,1,0,0,0,0,0,0,0,0,2,0,,67,7,2020,4,39.911708,-75.172371,,6,0,0,0,0,1,1,0,0,,0,0,0,,,1,,1,,39 54:42.148,,0,75 10:20.534,3,0,0,0,67301,0,0,0,N,0,0,0,3,67301,0,,1,,1,N,N,N,1,,1,0,0,,2,,,2,1,1,0,0,0,0,2,0,2,,3,,N,,,,,,,,,,,1,0,0,0,0,0,0,0,0,0,0,0,0,0,0,0,0,0,0,0,0,0,0,1,1,0,0,0,0,0,0,0,0,0,0,0,0,0,0,0,0,0,0,0,0,0,0,0,0,0,0,1,0,0,0,0,0,0,1,1,1,0,0,0,0,0,0,1,0,0,0,0,0,0,1,0,0,0,0,0,0,0,0,0,0,0,0,0,0,0,0,0,0,0,0,0,0,0,0,1,0,0,0,0,0,0,1,0,0,1,0,0,0,0,0,0,0,1,0,0,0,1,0,1,0,0,0,0,1
-8358359.373,4871689.656,3513,2020017013,,2,0,0,0,0,0,0,0,0,4,1,,67,2,2020,5,40.039531,-75.084418,,6,0,0,0,0,0,1,0,0,,0,1,0,,,2,,1,,40 02:22.311,,0,75 05:03.904,3,0,0,0,67301,0,0,0,N,0,0,0,3,67301,0,,1,,9,N,Y,N,0,,2,0,0,,2,,,3,2,3,0,0,0,0,2,0,3,,7,,N,,,,,,,,,,,1,0,1,0,0,0,0,0,0,0,0,1,0,0,0,0,0,0,0,0,0,0,0,0,1,0,0,0,0,0,0,0,0,0,0,0,0,0,0,0,0,0,0,0,0,0,0,0,0,0,0,0,1,0,0,0,0,0,1,1,1,0,0,0,0,0,0,1,1,0,0,0,0,0,1,0,0,0,0,0,0,0,0,0,0,0,0,0,0,0,0,1,0,0,0,0,0,1,0,1,0,0,0,0,0,0,0,0,0,1,0,0,0,0,0,0,0,1,0,0,0,1,0,1,0,0,1,0,0
-8370369.414,4863338.982,3514,2020019330,,0,0,0,0,0,0,0,0,0,7,0,,67,2,2020,5,39.982075,-75.192306,,6,0,0,0,0,0,1,0,0,,0,0,0,,,0,N,0,,39 58:55.470,,0,75 11:32.300,0,0,0,0,67301,0,0,0,N,0,0,0,1,67301,0,,2,,1,N,N,N,1,,0,0,1,,0,,,2,0,0,0,0,0,0,2,0,2,,,,N,,,,,,,,,,,0,0,0,0,0,0,0,0,0,0,0,0,0,0,1,0,0,0,0,0,0,0,0,0,1,0,0,0,0,0,0,0,0,0,0,0,0,0,0,1,0,0,1,0,0,0,0,0,1,0,0,0,0,0,0,0,0,0,0,0,0,0,0,1,0,0,0,1,1,0,0,0,0,0,1,0,1,0,0,0,0,0,0,0,1,0,0,0,0,0,0,0,0,0,0,0,0,0,0,0,0,0,0,0,0,0,0,0,0,0,0,1,0,0,0,0,0,0,0,0,0,1,0,1,0,0,0,0,0
-8350655.395,4883997.686,3515,2020016450,,0,0,0,0,0,0,0,0,0,7,0,,67,2,2020,2,40.124127,-75.015212,,6,0,0,0,0,0,1,0,0,,0,0,0,,,1,N,0,,40 07:26.857,,0,75 00:54.762,3,0,0,0,67301,0,0,0,N,0,0,0,1,67301,0,,4,,9,N,N,N,0,,1,0,1,,0,,,1,1,0,0,0,0,0,2,0,1,,,,N,,,,,,,,,,,0,0,0,0,0,0,0,0,0,0,0,0,0,0,0,0,0,0,0,0,0,0,0,0,1,0,0,0,0,0,0,0,0,0,0,0,0,0,0,1,0,0,0,1,0,0,0,0,0,1,0,0,0,0,0,1,0,0,1,1,0,0,0,1,0,0,0,0,0,0,0,0,0,0,0,0,1,0,0,0,0,0,0,0,0,0,0,0,0,0,0,0,0,0,0,0,0,0,0,0,1,0,0,0,0,0,1,0,0,1,0,1,0,0,0,0,0,0,0,0,0,1,0,1,0,0,1,0,0
-8358173.915,4866932.096,3516,2020016055,,2,0,0,0,0,0,0,0,0,1,0,,67,2,2020,3,40.006803,-75.082752,,6,0,0,0,0,0,1,0,0,,0,0,0,,,1,,1,,40 00:24.490,,0,75 04:57.907,3,0,0,0,67301,0,0,0,N,0,0,0,3,67301,0,,1,,9,N,Y,N,0,,1,0,1,,2,,,3,1,1,0,0,0,0,2,0,3,,5,,N,,,,,,,,,,,0,0,0,0,0,0,0,0,0,0,0,0,0,0,0,0,0,0,0,0,0,0,0,0,1,0,0,0,0,0,0,0,0,0,0,0,0,0,0,0,0,0,0,0,0,0,0,0,0,0,0,0,0,0,0,1,0,0,1,1,1,0,0,0,0,0,0,1,0,0,0,0,0,0,1,0,0,0,0,0,0,0,0,0,0,0,0,0,0,1,0,0,0,0,0,0,0,1,0,1,0,0,0,0,0,0,1,0,0,1,0,0,0,0,0,0,0,1,0,0,0,1,1,1,0,0,1,0,0
-8366086.284,4865483.97,3517,2020016254,,2,0,0,0,0,0,0,0,0,4,0,,67,2,2020,3,39.996838,-75.15383,,6,0,0,0,0,0,0,0,0,,0,0,0,,,1,,1,,39 59:48.618,,0,75 09:13.788,3,0,0,0,67301,0,0,0,N,0,0,0,2,67301,0,,1,,1,N,N,N,0,,1,0,0,,2,,,2,1,0,0,0,0,0,2,0,2,,3,,N,,,,,,,,,,,1,0,1,0,0,0,0,0,0,0,0,0,0,0,0,0,0,0,0,0,0,0,0,0,0,0,0,0,0,0,0,0,0,0,0,0,0,0,0,0,0,0,0,0,0,1,0,0,0,0,0,0,0,0,0,0,0,0,1,1,1,0,0,0,0,0,0,1,0,0,0,0,0,0,1,0,0,0,0,0,0,0,0,0,0,0,0,0,0,0,0,1,0,0,0,0,0,0,0,1,0,0,0,0,0,0,1,0,0,1,0,0,0,0,0,0,0,0,0,0,0,1,0,1,0,0,0,0,0
-8367009.568,4858546.506,3518,2020017361,,2,0,0,0,0,0,0,0,0,4,0,,67,2,2020,2,39.949079,-75.162124,,6,0,0,0,0,0,1,0,0,,0,0,0,,,2,,1,,39 56:56.686,,0,75 09:43.648,4,0,0,0,67301,0,0,0,N,0,0,0,4,67301,2,,1,,99,N,N,N,0,,0,0,0,,2,,,2,2,2,0,0,0,0,2,0,2,,3,,N,,,,,,,,,,,0,0,1,0,0,0,0,0,0,0,0,0,0,0,0,0,0,0,0,0,0,0,0,0,1,0,0,0,0,0,0,0,0,0,0,0,0,0,0,0,0,0,0,0,0,0,0,0,0,0,0,0,0,0,0,1,0,0,1,1,1,0,0,0,0,0,0,1,0,0,0,0,0,0,1,0,0,0,0,0,0,0,0,1,0,0,0,0,0,0,0,0,0,0,0,0,0,0,0,1,0,0,0,0,0,0,1,0,0,0,0,0,0,0,0,0,0,1,0,0,0,1,0,0,0,0,0,0,0
-8366972.498,4858766.21,3519,2020060512,,0,0,0,0,0,0,0,0,0,5,1,,67,7,2020,2,39.950592,-75.161791,,6,0,0,0,0,0,1,0,0,,0,1,0,,,0,,1,,39 57:02.132,7,0,75 09:42.447,0,0,0,0,67301,0,0,0,N,0,0,0,1,67301,0,,4,1148,1,N,N,N,0,,0,0,1,,2,Y,,2,0,0,0,0,0,0,2,0,2,,3,,N,,,,,,,,,,,1,0,0,0,0,0,0,0,0,0,0,1,0,0,0,0,0,0,0,0,0,0,0,0,1,0,0,0,0,0,0,0,0,0,0,0,0,0,0,0,0,0,1,0,0,0,0,0,0,0,0,0,1,0,0,0,0,0,0,0,1,0,0,0,0,0,0,1,0,0,0,0,0,0,1,0,0,0,0,0,0,0,0,0,1,0,0,0,0,0,0,0,0,0,0,0,0,0,0,1,0,0,0,0,0,0,1,0,0,0,0,1,0,0,0,0,0,0,0,0,0,1,0,1,0,0,0,0,0
-8374021.919,4859956.005,3520,2020056930,,2,0,0,0,0,0,0,0,0,4,0,,67,7,2020,6,39.958785,-75.225117,,6,0,0,0,0,0,0,0,0,,0,0,0,,,0,Y,2,,39 57:31.626,,0,75 13:30.421,9,0,0,0,67301,0,0,0,N,0,0,0,4,67301,0,,1,,1,N,N,N,0,,0,0,0,,0,,,2,0,0,0,0,0,3,2,0,2,,,,N,,,,,,,,,,,1,1,1,0,0,0,0,0,0,0,0,0,0,0,0,0,0,0,1,0,0,0,0,0,0,0,0,0,0,0,0,0,0,0,0,0,0,0,0,0,0,0,0,0,0,0,0,0,0,0,0,0,0,0,0,0,1,0,0,0,1,0,0,0,1,0,0,1,0,0,0,0,0,0,1,0,0,0,0,0,0,0,0,0,0,0,0,0,0,0,0,0,0,0,0,0,0,0,0,0,0,0,0,1,1,0,1,0,0,0,0,0,0,0,0,0,0,0,0,0,1,1,0,1,0,0,0,0,0
-8364923.217,4860261.719,3521,2020017362,,1,0,0,0,0,0,0,0,0,4,0,,67,2,2020,5,39.96089,-75.143382,,6,0,0,0,0,0,0,0,0,,0,0,0,,,0,,1,,39 57:39.204,,0,75 08:36.176,0,0,0,0,67301,0,0,0,N,0,0,0,3,67301,0,,1,,9,N,N,N,0,,0,0,1,,2,,,2,0,0,0,0,0,0,2,0,2,,7,,N,,,,,,,,,,,0,0,1,0,0,0,0,0,0,0,0,0,0,0,0,0,0,0,0,0,0,0,0,0,0,0,0,0,0,0,0,0,0,0,0,0,0,0,0,0,0,0,0,0,0,0,0,0,0,0,0,0,0,0,0,1,0,0,0,0,1,0,0,0,0,0,0,1,0,0,0,0,0,0,1,0,0,0,0,0,0,0,0,0,1,0,0,0,0,0,0,0,0,0,0,0,0,0,0,1,0,0,0,0,0,0,1,0,0,0,0,0,0,0,0,0,0,0,0,0,0,1,0,1,0,0,1,0,0
-8373093.736,4856028.029,3522,2020018670,,1,0,0,0,0,0,0,0,0,5,0,,67,2,2020,1,39.931733,-75.216779,,6,0,0,0,0,0,0,0,0,,0,0,0,,,0,N,0,,39 55:54.238,,0,75 13:00.405,0,0,0,0,67301,0,0,0,N,0,0,0,1,67301,0,,6,,1,N,N,N,0,,0,0,1,,1,,,2,0,0,0,0,0,0,2,0,2,,3,,N,,,,,,,,,,,0,0,0,0,0,0,0,0,0,0,0,0,0,0,0,0,0,0,0,0,0,0,0,0,0,0,0,0,0,0,0,0,0,0,0,0,0,0,0,0,0,0,1,0,0,0,0,0,0,0,0,0,0,0,0,0,0,0,0,0,0,0,0,0,0,0,0,0,0,0,0,0,0,0,1,0,1,0,0,0,0,0,0,0,1,0,0,0,0,0,0,0,0,0,0,0,0,0,0,0,0,0,0,0,0,0,1,0,0,0,0,0,0,0,0,0,0,0,0,0,0,1,0,1,0,0,0,0,0
-8364685.327,4858355.123,3523,2020057653,,1,0,0,0,0,0,0,0,0,7,0,,67,7,2020,3,39.947761,-75.141245,,6,0,0,0,0,0,0,0,0,,0,0,0,,,0,N,0,,39 56:51.941,2,0,75 08:28.482,0,0,0,0,67301,0,0,0,N,0,0,0,1,67301,0,,5,100,1,N,N,N,0,,0,0,0,,2,N,,1,0,1,0,0,0,0,2,0,1,,3,,N,,,,,,,,,,,0,0,0,0,0,0,0,0,0,0,0,0,0,0,0,0,0,1,0,0,0,0,0,0,0,0,0,0,0,0,0,0,0,0,0,0,0,0,0,1,0,0,0,0,0,0,0,0,1,0,0,0,0,0,0,0,0,0,0,0,0,0,0,1,0,0,0,0,0,0,0,0,0,0,0,0,1,0,0,0,0,0,0,0,1,0,0,0,0,0,0,0,0,0,0,0,0,0,0,0,1,0,0,0,0,0,1,0,0,0,0,1,0,0,0,0,0,1,0,0,0,1,0,1,0,0,0,0,0
-8374212.943,4858278.889,3524,2020019741,,0,0,0,0,0,0,0,0,0,1,0,,67,2,2020,6,39.947236,-75.226833,,6,0,0,0,0,0,2,0,0,,0,0,0,,,1,,1,,39 56:50.048,4,0,75 13:36.599,3,0,0,0,67301,0,0,0,N,0,0,0,5,67301,0,,1,1145,1,N,N,N,1,,1,0,1,,2,N,,3,1,0,0,0,0,0,2,1,3,,3,,N,,,,,,,,,,,0,0,0,0,0,0,0,0,0,0,0,0,0,0,0,0,0,0,0,0,0,0,0,0,1,0,0,0,0,0,0,0,0,0,0,0,0,0,0,0,0,0,0,0,0,0,0,0,0,0,0,0,0,0,0,0,0,0,1,1,1,0,0,0,0,0,0,1,0,0,0,0,0,0,1,0,0,0,0,0,0,0,0,0,0,0,0,0,0,1,0,0,0,0,0,0,0,0,0,1,0,0,0,0,0,0,1,0,0,1,0,0,0,0,0,0,0,0,0,0,0,1,0,0,0,0,0,0,0
-8366125.913,4856934.671,3525,2020017057,,2,0,0,0,0,0,0,0,0,5,0,,67,2,2020,5,39.937978,-75.154186,,6,0,0,0,0,0,0,0,0,,0,0,0,,,0,N,0,,39 56:16.720,6,0,75 09:15.070,0,0,0,0,67301,0,0,0,N,0,0,0,1,67301,0,,6,745,9,N,N,N,0,,0,0,1,,0,Y,,3,0,0,0,0,0,0,2,0,3,,4,,N,,,,,,,,,,,0,0,0,0,0,0,0,0,0,0,0,0,0,0,0,0,0,1,0,0,0,0,0,0,0,0,0,0,0,0,0,1,0,0,0,0,0,0,0,0,0,0,1,0,0,0,0,0,0,0,0,0,0,0,0,0,0,0,0,0,0,0,0,0,0,0,0,1,1,0,0,0,0,0,1,0,1,0,0,0,0,0,0,0,1,0,0,0,0,0,0,0,0,0,0,0,0,0,0,0,0,0,0,0,0,0,0,0,0,0,0,0,0,0,0,0,0,0,0,0,0,1,0,1,0,0,1,0,0
-8365546.05,4859705.343,3526,2020019020,,2,0,0,0,0,0,0,0,0,4,0,,67,2,2020,3,39.957059,-75.148977,,6,0,0,0,0,0,2,0,0,,0,0,0,,,0,,1,,39 57:25.413,7,2,75 08:56.318,0,0,0,0,67301,0,0,0,N,0,0,0,3,67301,0,,1,200,1,N,N,N,0,,0,0,0,,0,N,,3,0,0,0,0,0,0,2,1,3,,3,,N,,,,,,,,,,,1,0,1,0,0,0,0,0,0,0,0,0,0,0,0,0,0,0,0,0,0,0,0,0,1,0,0,0,0,0,0,0,0,0,0,0,0,0,0,0,0,0,0,0,0,0,0,0,0,0,0,0,0,0,0,0,0,0,0,0,1,0,0,0,1,0,0,1,0,0,0,0,0,0,1,0,0,0,0,0,0,0,0,0,1,0,1,0,1,0,0,0,0,0,0,0,0,0,0,0,0,0,0,0,0,0,1,0,0,0,0,0,0,0,0,0,0,0,0,0,1,1,0,1,0,0,0,0,0
-8368746.932,4877236.24,3527,2020044507,,2,0,0,0,0,0,0,0,0,5,0,,67,6,2020,6,40.077667,-75.177731,,6,0,0,0,1,0,0,0,0,,0,0,0,,,0,N,0,,40 04:39.600,,0,75 10:39.830,0,0,0,0,67301,0,0,0,N,0,0,0,1,67301,0,,9,,9,N,N,N,0,,0,0,0,,0,,,2,0,1,0,0,0,0,2,0,2,,,,N,,,,,,,,,,,0,0,0,0,0,0,0,0,0,0,0,0,0,0,0,0,0,0,0,0,0,0,1,0,0,0,0,0,0,0,0,0,0,0,0,0,0,0,0,0,0,0,1,0,0,0,0,0,0,0,0,0,0,0,0,1,0,0,0,0,0,0,0,0,0,0,0,1,1,0,0,0,0,0,1,0,1,0,0,0,0,0,0,0,1,0,0,0,0,0,0,0,0,0,0,0,0,0,0,0,0,0,0,0,0,0,0,0,0,0,0,0,0,0,0,0,0,1,0,0,0,1,0,1,0,0,1,0,1
-8374881.194,4857982.385,3528,2020016617,,1,0,0,0,0,0,0,0,0,5,0,,67,2,2020,2,39.945194,-75.232836,,6,0,0,0,0,0,0,0,0,,0,0,0,,,0,N,0,,39 56:42.700,,0,75 13:58.210,9,0,0,0,67301,0,0,0,N,0,0,0,1,67301,0,,6,,9,N,N,N,0,,0,0,2,,0,,,3,0,0,0,0,0,1,2,0,3,,7,,N,,,,,,,,,,,0,0,0,0,0,0,0,0,0,0,0,0,0,0,0,0,0,0,0,0,0,0,0,0,0,0,0,0,0,0,0,0,0,0,0,0,0,0,0,0,0,0,1,0,0,1,0,0,0,0,0,0,0,0,0,0,0,0,0,0,0,0,0,0,0,0,0,1,1,0,0,0,0,0,1,0,1,0,0,0,0,0,0,0,0,0,0,0,0,0,0,0,0,0,0,0,0,0,0,0,0,0,0,0,0,0,0,0,0,0,0,0,0,0,0,0,0,0,0,0,0,1,1,1,0,0,1,0,0
-8376009.194,4851831.838,3529,2020057749,,0,0,0,0,0,0,0,0,0,1,2,,67,7,2020,2,39.902822,-75.242969,,6,0,0,0,0,0,0,0,0,,0,2,0,,,0,N,0,,39 54:10.160,1,0,75 14:34.690,9,0,0,0,67301,0,0,0,N,0,0,0,2,67301,0,,1,100,1,N,N,N,0,,0,0,0,,0,N,,2,0,0,0,0,0,1,2,0,2,,,,N,,,,,,,,,,,0,0,0,0,0,0,0,0,0,0,0,1,0,0,0,0,0,0,0,0,0,0,0,0,0,0,0,0,0,0,0,0,0,0,0,0,0,0,0,0,0,0,1,0,0,0,0,0,0,0,0,0,1,0,0,0,0,0,0,0,0,0,0,0,0,0,0,1,1,0,0,0,0,0,1,0,1,0,0,0,0,0,0,0,0,0,0,0,0,1,0,0,0,0,0,0,0,0,0,0,0,0,0,0,0,0,0,0,0,0,0,0,0,0,0,0,0,0,0,0,0,1,0,1,0,0,0,0,0
-8362347.284,4871889.585,3530,2020017712,,1,0,0,0,0,0,0,0,0,6,0,,67,2,2020,6,40.040906,-75.120242,,6,0,0,0,0,0,0,0,0,,0,0,0,,,0,N,0,,40 02:27.260,,0,75 07:12.870,0,0,0,0,67301,0,0,0,N,0,0,0,1,67301,0,,6,,1,N,N,N,0,,0,0,0,,0,,,2,0,0,0,0,0,0,2,1,2,,98,,N,,,,,,,,,,,0,0,0,0,0,0,0,0,0,0,0,0,0,0,0,0,0,0,0,0,0,0,0,0,0,0,0,0,0,0,0,0,0,0,0,0,0,0,0,0,0,0,1,0,0,0,0,0,0,0,0,1,0,0,0,0,0,0,0,0,0,0,0,0,0,0,0,1,1,0,0,0,0,0,1,0,1,0,0,0,0,0,0,0,1,0,0,0,0,0,0,0,0,0,0,0,0,0,0,0,0,0,0,0,0,0,0,0,0,0,0,0,0,0,0,0,0,0,0,0,0,1,0,1,0,0,0,0,0
-8354656.663,4878060.291,3531,2020016613,,1,0,0,0,0,0,0,0,0,5,0,,67,2,2020,3,40.083331,-75.051156,,6,0,0,0,0,0,0,0,0,,0,0,0,,,1,N,0,,40 04:59.990,,0,75 03:04.160,3,0,0,0,67301,0,0,0,N,0,0,0,1,67301,0,,6,,9,N,N,N,1,,1,0,0,,0,,,2,1,1,0,0,0,0,2,0,2,,,,N,,,,,,,,,,,0,0,0,0,0,0,0,0,0,0,0,0,0,0,0,0,0,1,0,0,0,0,0,0,0,0,0,0,0,0,0,1,0,0,0,0,0,0,0,0,0,0,1,0,0,0,0,0,0,0,0,0,0,0,0,1,0,0,1,1,0,0,0,0,0,0,0,1,1,0,0,0,0,0,1,0,1,0,0,0,0,0,0,0,0,0,0,0,0,0,0,0,0,0,0,0,0,0,0,0,0,0,0,0,0,0,0,0,0,1,0,0,0,0,0,0,0,1,0,0,0,1,1,1,0,0,1,0,0
-8353384.17,4880758.864,3532,2020018177,,2,0,0,0,0,0,0,0,0,4,0,,67,2,2020,2,40.101876,-75.039725,,6,0,0,1,0,0,0,1,0,,0,0,0,,,1,,1,,40 06:06.752,,0,75 02:23.010,3,0,0,0,67301,0,0,0,N,0,0,0,3,67301,0,,1,,1,N,N,N,0,,1,0,1,,2,,,3,1,0,0,0,0,0,2,0,3,,,,N,,,,,,,,,,,0,0,1,0,0,0,0,0,0,0,0,0,0,0,0,0,0,0,0,0,0,1,0,0,0,1,0,1,1,0,0,0,0,0,0,0,0,0,0,0,0,0,0,0,0,1,0,0,0,0,0,0,0,0,1,0,1,0,1,1,1,0,0,0,0,0,0,1,0,0,0,1,0,0,1,0,0,0,0,0,0,0,0,0,0,0,0,0,0,0,0,0,0,0,0,0,0,0,0,1,0,0,0,0,0,0,1,0,0,1,0,0,0,0,0,0,0,0,0,0,0,1,1,1,0,0,0,0,1
-8362622.799,4862151.977,3533,2020017018,,1,0,0,0,0,0,0,0,0,8,0,,67,2,2020,2,39.973904,-75.122717,,6,0,0,0,0,0,0,1,0,,0,0,0,,,1,,1,,39 58:26.053,,0,75 07:21.780,8,0,0,0,67301,1,0,0,N,1,0,0,2,67301,0,,1,,99,N,N,N,0,,0,0,0,,3,,,2,1,0,0,0,1,0,2,0,1,,,,N,,,,,,,,,,,0,0,0,0,0,0,0,0,0,0,0,0,0,0,0,0,0,0,0,0,0,0,0,0,0,1,0,0,0,0,0,0,0,0,0,0,0,0,0,0,0,0,0,0,0,0,0,0,0,0,0,0,0,0,0,0,0,0,1,1,1,0,0,0,1,0,0,1,0,0,0,1,0,0,0,0,0,0,0,0,0,1,0,0,0,0,1,0,0,0,0,0,0,0,0,0,0,0,0,0,1,0,0,0,0,0,1,1,0,0,0,0,0,0,0,0,0,0,0,0,1,1,0,0,1,0,0,0,0
-8364411.259,4865717.487,3534,2020043522,,0,0,0,0,0,0,1,0,0,5,1,,67,5,2020,4,39.998445,-75.138783,,6,0,0,0,0,0,0,0,0,,0,0,0,,,2,N,0,,39 59:54.403,,0,75 08:19.617,4,0,0,0,67301,0,0,0,N,0,0,0,4,67508,2,,1,,1,N,N,N,0,,0,0,1,,0,N,,2,2,0,0,0,0,0,2,0,2,,,,N,,,,,,,,,,,0,0,0,0,0,0,0,0,0,0,0,1,0,0,0,0,0,0,0,0,0,0,0,0,0,0,0,0,0,0,0,0,0,0,0,0,0,0,0,0,0,0,0,0,0,0,0,0,0,0,0,0,0,0,0,0,0,0,1,1,0,0,0,0,0,0,0,1,1,0,0,0,0,0,1,0,1,0,0,0,0,0,0,1,0,0,0,0,0,0,0,0,0,0,0,0,0,0,0,0,0,0,0,0,0,0,0,0,0,0,0,0,0,0,0,0,0,0,0,0,0,1,0,0,0,0,0,0,0