X,Y,objectid,crn,arrival_tm,automobile_count,belted_death_count,belted_susp_serious_inj_count,bicycle_count,bicycle_death_count,bicycle_susp_serious_inj_count,bus_count,chldpas_death_count,chldpas_susp_serious_inj_count,collision_type,comm_veh_count,cons_zone_spd_lim,county,crash_month,crash_year,day_of_week,dec_latitude,dec_longitude,dispatch_tm,district,driver_count_16yr,driver_count_17yr,driver_count_18yr,driver_count_19yr,driver_count_20yr,driver_count_50_64yr,driver_count_65_74yr,driver_count_75plus,est_hrs_closed,fatal_count,heavy_truck_count,horse_buggy_count,hour_of_day,illumination,injury_count,intersection_related_x,intersect_type,lane_closed,latitude,ln_close_dir,location_type,longitude,max_severity_level,mcycle_death_count,mcycle_susp_serious_inj_count,motorcycle_count,municipality,nonmotr_count,nonmotr_death_count,nonmotr_susp_serious_inj_count,ntfy_hiwy_maint,ped_count,ped_death_count,ped_susp_serious_inj_count,person_count,police_agcy,possible_inj_count,rdwy_surf_type_cd,relation_to_road,roadway_cleared,road_condition,sch_bus_ind,sch_zone_ind,secondary_crash,small_truck_count,spec_juris_cd,susp_minor_inj_count,susp_serious_inj_count,suv_count,tcd_func_cd,tcd_type,tfc_detour_ind,time_of_day,total_units,tot_inj_count,unbelted_occ_count,unb_death_count,unb_susp_serious_inj_count,unk_inj_deg_count,unk_inj_per_count,urban_rural,van_count,vehicle_count,weather1,weather2,workers_pres,work_zone_ind,work_zone_loc,work_zone_type,wz_close_detour,wz_flagger,wz_law_offcr_ind,wz_ln_closure,wz_moving,wz_other,wz_shlder_mdn,wz_workers_inj_killed,aggressive_driving,alcohol_related,angle_crash,atv,atv_route,backup_congestion,backup_nonrecurring,backup_prior,bicycle,cell_phone,child_passenger,comm_vehicle,core_network,cross_median,curved_road,curve_dvr_error,deer_related,distracted,drinking_driver,driver_16yr,driver_17yr,driver_18yr,driver_19yr,driver_20yr,driver_50_64yr,driver_65_74yr,driver_75plus,drugged_driver,drug_related,fatal,fatal_or_susp_serious_inj,fatigue_asleep,federal_aid_route,fire_in_vehicle,hazardous_truck,hit_barrier,hit_bridge,hit_deer,hit_embankment,hit_fixed_object,hit_gdrail,hit_gdrail_end,hit_parked_vehicle,hit_pole,hit_roadway_equipment,hit_run,hit_temp_construction_barrier,hit_traffic_island,hit_tree_shrub,hit_utility_pole,horse_buggy,ho_oppdir_sdswp,hvy_truck_related,icy_road,illegal_drug_related,illumination_dark,impaired_driver,impaired_nonmotorist,injury,injury_or_fatal,intersection,intersection_related_y,interstate,lane_departure,left_turn,limit_65mph,limit_70mph,local_road,local_road_only,marijuana_drugged_driver,marijuana_related,mature_driver,mc_drinking_driver,motorcycle,multiple_vehicle,nhtsa_agg_driving,non_intersection,no_clearance,opioid_related,other_freeway_expressway,overturned,pedestrian,phantom_vehicle,possible_injury,property_damage_only,psp_reported,ramp,ramp_segment,ramp_terminal,rear_end,roundabout,running_red_lt,running_stop_sign,rural,school_bus,school_bus_related,school_bus_unit,school_zone,shldr_related,signalized_int,single_vehicle,snowmobile,snow_slush_road,speeding,speeding_related,speed_change_lane,state_road,stop_controlled_int,sudden_deer,suspected_minor_injury,suspected_serious_injury,sv_run_off_rd,tailgating,train,train_trolley,trolley,turnpike,unbelted,underage_drnk_drv,unlicensed,unsignalized_int,urban,vehicle_failure,vehicle_towed,vulnerable_road_user,vulnerable_road_user_fatal,wet_road,work_zone,young_driver
-8369919.906,4862336.751,3929,2020062946,,0,0,0,0,0,0,0,0,0,5,1,,67,8,2020,5,39.975176,-75.188268,,6,0,0,0,0,0,1,0,0,,0,1,0,,,1,N,0,,39 58:30.634,,0,75 11:17.764,4,0,0,0,67301,0,0,0,N,0,0,0,2,67301,1,,1,,9,N,N,N,0,,0,0,1,,2,,,2,1,0,0,0,0,0,2,0,2,,4,,N,,,,,,,,,,,0,0,0,0,0,0,0,0,0,0,0,1,0,0,0,0,0,0,0,0,0,0,0,0,1,0,0,0,0,0,0,0,0,0,0,0,0,0,0,0,0,0,0,0,0,1,0,0,0,0,0,0,1,0,0,0,0,0,1,1,0,0,0,0,0,0,0,0,0,0,0,0,0,0,1,0,1,0,0,0,0,0,0,1,0,0,0,0,0,0,0,0,0,0,0,0,0,0,0,0,0,0,0,0,0,0,1,0,0,0,0,0,0,0,0,0,0,0,0,0,0,1,0,1,0,0,1,0,0
-8368226.958,4853850.538,3930,2020025448,,1,0,0,0,0,0,0,0,0,4,0,,67,3,2020,2,39.916732,-75.17306,,6,0,0,0,0,0,0,0,0,,0,0,0,,,1,,1,,39 55:00.236,,0,75 10:23.017,3,0,0,0,67301,0,0,0,N,0,0,0,2,67301,0,,1,,1,N,N,N,0,,1,0,2,,2,,,3,1,0,0,0,0,0,2,0,3,,3,,N,,,,,,,,,,,1,1,1,0,0,0,0,0,0,0,0,0,0,0,0,0,0,0,1,0,0,0,0,0,0,0,0,0,0,0,0,0,0,0,0,0,0,0,0,0,0,0,1,0,0,0,0,0,0,0,0,0,0,0,0,1,1,0,1,1,1,0,0,0,0,0,0,1,0,0,0,0,0,0,1,0,0,0,0,0,0,0,0,0,0,0,0,0,0,0,0,0,0,0,0,0,0,0,0,1,0,0,0,0,1,0,1,0,0,1,0,0,0,0,0,0,0,0,0,0,0,1,0,1,0,0,0,0,0
-8366266.956,4873283.821,3931,2020017714,,2,0,0,0,0,0,0,0,0,4,0,,67,2,2020,7,40.050494,-75.155453,,6,0,0,0,0,0,0,0,0,,0,0,0,,,0,,1,,40 03:01.778,,0,75 09:19.630,9,0,0,0,67301,0,0,0,N,0,0,0,2,67301,0,,1,,1,N,N,N,0,,0,0,0,,3,,,2,0,0,0,0,0,1,2,0,2,,,,N,,,,,,,,,,,0,0,1,0,0,0,0,0,0,0,0,0,0,0,0,0,0,0,0,0,0,0,0,0,0,0,0,0,0,0,0,0,0,0,0,0,0,0,0,0,0,0,0,0,0,1,0,0,0,0,0,0,0,0,0,0,0,0,0,0,1,0,0,0,0,0,0,1,1,0,0,0,0,0,1,0,0,0,0,0,0,0,0,0,0,0,0,0,0,0,0,0,0,0,0,0,0,0,0,0,0,0,0,0,0,0,0,1,0,0,0,0,0,0,0,0,0,0,0,0,1,1,0,1,0,0,0,0,0
-8364707.258,4863962.83,3932,2020065242,,2,0,0,0,0,0,0,0,0,4,0,,67,8,2020,4,39.986369,-75.141442,,6,0,0,0,0,0,0,0,0,,0,0,0,,,0,N,0,,39 59:10.930,,0,75 08:29.190,0,0,0,0,67301,0,0,0,N,0,0,0,2,67301,0,,1,,1,N,N,N,0,,0,0,0,,0,,,2,0,1,0,0,0,0,2,0,2,,3,,N,,,,,,,,,,,0,0,1,0,0,0,0,0,0,0,1,0,0,0,0,0,0,1,0,0,0,0,0,0,0,0,0,0,0,0,0,0,0,0,0,0,0,0,0,0,0,0,1,0,0,0,0,0,0,0,0,0,0,0,0,1,0,0,0,0,0,0,0,0,0,0,0,1,1,0,0,0,0,0,1,0,1,0,0,0,0,0,0,0,1,0,0,0,0,0,0,0,0,0,0,0,0,0,0,0,0,0,0,0,0,0,0,0,0,0,0,0,0,0,0,0,0,1,0,0,0,1,0,1,0,0,0,0,0
-8374756.071,4855402.065,3933,2020059150,,1,0,0,0,0,0,0,0,0,4,0,,67,7,2020,1,39.927421,-75.231712,,6,0,0,0,0,0,0,0,0,,0,0,0,,,1,N,1,,39 55:38.715,,0,75 13:54.163,8,0,0,0,67301,0,0,0,N,0,0,0,3,67508,0,,1,,1,N,N,N,0,,0,0,0,,2,N,,2,1,0,0,0,1,0,2,0,2,,,,N,,,,,,,,,,,1,0,1,0,0,0,0,0,0,0,0,0,0,0,0,0,0,0,0,0,0,0,0,0,0,0,0,0,0,0,0,0,0,0,0,0,0,0,0,0,0,0,0,0,0,1,0,0,0,0,0,0,0,0,0,1,0,0,1,1,1,0,0,0,0,0,0,1,1,0,0,0,0,0,1,0,0,0,0,0,0,0,0,0,0,0,0,0,0,0,0,0,0,0,0,0,0,0,0,1,0,0,0,0,0,0,0,0,0,0,0,0,0,0,1,1,0,0,0,0,0,1,0,0,0,0,0,0,0
-8360977.719,4863351.04,3934,2020023215,,5,0,0,0,0,0,0,0,0,6,0,,67,2,2020,7,39.982158,-75.107939,,6,0,0,0,0,0,0,0,0,,0,0,0,,,0,N,0,,39 58:55.770,,0,75 06:28.580,9,0,0,0,67301,0,0,0,N,0,0,0,1,67301,0,,6,,1,N,N,Y,0,,0,0,1,,0,,,6,0,1,0,0,0,1,2,0,6,,3,,N,,,,,,,,,,,1,0,0,0,0,0,0,0,0,0,0,0,0,0,0,0,0,0,0,0,0,0,0,0,0,0,0,0,0,0,0,0,0,0,0,0,0,0,0,0,0,0,1,0,0,1,0,0,0,0,0,1,0,0,0,1,0,0,0,0,0,0,0,0,0,0,0,1,1,0,0,0,0,0,1,0,1,0,0,0,0,0,0,0,0,0,0,0,0,0,0,0,0,0,0,0,0,0,0,0,0,0,0,1,1,0,0,0,0,0,0,0,0,0,0,0,0,1,0,0,0,1,0,1,0,0,0,0,0
-8377466.256,4850289.428,3935,2020060520,,1,0,0,0,0,0,0,0,0,7,0,,67,7,2020,6,39.892192,-75.256058,,6,0,0,0,0,0,0,0,0,,0,0,0,,,1,N,0,,39 53:31.890,,0,75 15:21.810,3,0,0,0,67301,0,0,0,N,0,0,0,1,67301,0,,9,,1,N,N,N,0,,1,0,0,,9,,,1,1,1,0,0,0,0,2,0,1,,3,,N,,,,,,,,,,,0,0,0,0,0,0,0,0,0,0,0,0,0,0,0,0,0,0,0,0,0,0,0,0,0,0,0,0,0,0,0,0,0,0,0,0,0,0,0,1,0,0,0,0,0,0,0,0,0,0,0,0,0,0,0,0,0,0,1,1,0,0,0,1,0,0,0,1,1,0,0,0,0,0,0,0,1,0,0,0,0,0,0,0,0,0,0,0,0,0,0,0,0,0,0,0,0,0,0,0,1,0,0,0,0,0,0,0,0,1,0,1,0,0,0,0,0,1,0,0,0,1,0,1,0,0,0,0,0
-8369706.84,4863604.991,3936,2020024957,,1,0,0,0,0,0,0,0,0,4,0,,67,3,2020,2,39.983906,-75.186354,,6,0,0,0,0,0,1,0,0,,0,0,0,,,0,,1,,39 59:02.061,,0,75 11:10.874,9,0,0,0,67301,0,0,0,N,0,0,0,2,67301,0,,1,,1,N,N,N,0,,0,0,0,,2,,,2,0,0,0,0,0,1,2,0,2,,3,,N,,,,,,,,,,,1,0,1,0,0,0,0,0,0,0,0,0,0,0,0,0,0,0,0,0,0,0,0,0,1,0,0,0,0,0,0,0,0,0,0,0,0,0,0,0,0,0,0,0,0,1,0,0,0,0,0,0,0,0,0,1,0,0,0,0,1,0,0,0,1,0,0,1,1,0,0,0,0,0,1,0,0,0,0,0,0,0,0,0,0,0,0,0,0,0,0,0,0,0,0,0,0,0,0,1,0,0,0,0,0,0,0,0,0,0,0,0,0,0,0,0,0,0,0,0,0,1,0,1,0,0,0,0,0
-8366517.09,4866264.609,3937,2020019479,,0,0,0,0,0,0,0,0,0,8,0,,67,2,2020,3,40.00221,-75.1577,,6,0,0,0,0,0,0,0,0,,0,0,0,,,1,,1,,40 00:07.957,,0,75 09:27.721,3,0,0,0,67301,1,0,0,N,1,0,0,2,67301,0,,1,,1,N,N,N,0,,1,0,0,,2,,,2,1,0,0,0,0,1,2,0,1,,3,,N,,,,,,,,,,,0,0,0,0,0,0,0,0,0,0,0,0,0,0,0,0,0,0,0,0,0,0,0,0,0,0,0,0,0,0,0,0,0,0,0,0,0,0,0,0,0,0,0,0,0,1,0,0,0,0,0,0,0,0,0,0,0,0,1,1,1,0,0,0,0,0,0,1,0,0,0,0,0,0,0,0,0,0,0,0,0,1,0,0,0,0,0,0,0,0,0,0,0,0,0,0,0,0,0,1,1,0,0,0,0,0,1,0,0,1,0,0,0,0,0,0,0,0,0,0,0,1,0,0,1,0,0,0,0
-8364502.875,4869192.263,3938,2020017859,,2,0,0,0,0,0,0,0,0,1,0,,67,2,2020,7,40.022353,-75.139606,,6,0,0,0,0,0,0,0,0,,0,0,0,,,1,Y,0,,40 01:20.470,,0,75 08:22.580,3,0,0,0,67301,0,0,0,N,0,0,0,2,67301,0,,1,,1,N,N,N,0,,1,0,0,,1,,,2,1,0,0,0,0,0,2,0,2,,3,,N,,,,,,,,,,,0,0,0,0,0,0,0,0,0,0,0,0,0,0,0,0,0,0,0,0,0,0,0,0,0,0,0,0,0,0,0,0,0,0,0,0,0,0,0,0,0,0,0,0,0,1,0,0,0,0,0,0,0,0,0,1,0,0,1,1,0,0,0,0,0,0,0,1,1,0,0,0,0,0,1,0,1,0,0,0,0,0,0,0,0,0,0,0,0,1,0,0,0,0,0,0,0,0,0,0,0,0,0,0,0,0,0,0,0,1,0,0,0,0,0,0,0,0,0,0,0,1,1,0,0,0,0,0,0
-8375683.251,4858087.656,3939,2020024124,,2,0,0,0,0,0,0,0,0,4,0,,67,3,2020,6,39.945919,-75.240041,,6,0,0,0,0,0,0,0,0,,0,0,0,,,1,,1,,39 56:45.307,,0,75 14:24.149,4,0,0,0,67301,0,0,0,N,0,0,0,3,67301,1,,1,,9,N,N,N,0,,0,0,0,,2,,,3,1,0,0,0,0,0,2,0,3,,,,N,,,,,,,,,,,1,0,1,0,0,0,0,0,0,0,0,0,0,0,0,0,0,0,0,0,0,0,0,0,0,0,0,0,0,0,0,0,0,0,0,0,0,0,0,0,0,0,0,0,0,1,0,0,0,0,0,0,0,0,0,1,0,0,1,1,1,0,0,0,0,0,0,1,0,0,0,0,0,0,1,0,0,0,0,0,0,0,0,1,0,0,0,0,0,0,0,1,0,0,0,0,0,0,0,1,0,0,0,0,0,0,1,0,0,0,0,0,0,0,0,0,0,0,0,0,0,1,0,1,0,0,1,0,0
-8353485.359,4871260.877,3940,2020024131,,1,0,0,0,0,0,0,0,0,8,0,,67,3,2020,6,40.036582,-75.040634,,6,0,0,0,0,0,0,0,0,,0,0,0,,,1,N,0,,40 02:11.696,,0,75 02:26.284,8,0,0,0,67301,1,0,0,N,1,0,0,2,67301,0,,1,,9,N,N,N,0,,0,0,0,,0,,,2,1,0,0,0,1,0,2,0,1,,,,N,,,,,,,,,,,0,0,0,0,0,0,0,0,0,0,0,0,0,0,0,0,0,0,0,0,0,0,0,0,0,0,0,0,0,0,0,0,0,0,0,0,0,0,0,0,0,0,0,0,0,0,0,0,0,0,0,0,0,0,0,1,0,0,1,1,0,0,0,0,0,0,0,0,0,0,0,0,0,0,0,0,1,0,0,0,0,1,0,0,0,0,0,0,0,0,0,0,0,0,0,0,0,0,0,0,1,0,0,0,0,0,1,0,0,0,0,0,0,0,0,0,0,0,0,0,0,1,0,0,1,0,1,0,0
-8359554.611,4872564.14,3941,2020019218,,2,0,0,0,0,0,0,0,0,4,0,,67,2,2020,4,40.045545,-75.095155,,6,0,0,0,0,0,0,0,1,,0,0,0,,,1,,1,,40 02:43.962,,0,75 05:42.558,3,0,0,0,67301,0,0,0,N,0,0,0,3,67301,0,,1,,1,N,N,N,0,,1,0,0,,8,,,2,1,0,0,0,0,0,2,0,2,,3,,N,,,,,,,,,,,0,0,1,0,0,0,0,0,0,0,0,0,0,0,0,0,0,0,0,0,0,0,0,0,0,0,1,0,0,0,0,0,0,0,0,0,0,0,0,0,0,0,0,0,0,0,0,0,0,0,0,0,0,0,0,0,0,0,1,1,1,0,0,0,0,0,0,1,1,0,0,1,0,0,1,0,0,0,0,0,0,0,0,0,0,0,0,0,0,0,0,0,0,0,0,0,0,0,0,0,0,0,0,0,0,0,0,0,0,1,0,0,0,0,0,0,0,0,0,0,1,1,0,1,0,0,0,0,0
-8365829.693,4868405.725,3942,2020024348,,0,0,0,0,0,0,0,0,0,7,0,,67,3,2020,6,40.016942,-75.151525,,6,0,0,0,0,0,0,0,0,,0,0,0,,,1,N,0,,40 01:00.990,,0,75 09:05.491,3,0,0,0,67301,0,0,0,N,0,0,0,3,67301,0,,5,,9,N,N,N,0,,1,0,2,,2,,,2,1,0,0,0,0,1,2,0,2,,4,,N,,,,,,,,,,,1,0,0,0,0,0,0,0,0,0,0,0,0,0,0,0,0,0,0,0,0,0,0,0,0,0,0,0,0,0,0,0,0,0,0,0,0,0,0,1,0,0,0,0,0,1,0,0,1,0,0,0,0,0,0,1,0,0,1,1,0,0,0,1,0,0,0,0,0,0,0,0,0,0,1,0,1,0,0,0,0,0,0,0,0,0,0,0,0,0,0,0,0,0,0,0,0,0,0,0,0,0,0,1,1,0,1,0,0,1,0,1,0,0,0,0,0,0,0,0,0,1,0,1,0,0,1,0,0
-8372742.524,4862833.713,3943,2020019345,,0,0,0,0,0,0,0,0,0,7,0,99,67,2,2020,5,39.978597,-75.213624,,6,0,0,0,0,0,0,0,0,,0,0,0,,,2,,1,,39 58:42.950,,0,75 12:49.048,3,0,0,0,67301,0,0,0,N,0,0,0,2,67301,0,,4,,1,N,N,N,0,,2,0,1,,2,,,1,2,0,0,0,0,0,2,0,1,,,Y,Y,2,1,N,N,Y,Y,N,N,N,N,0,0,0,0,0,0,0,0,0,0,0,0,0,0,0,0,0,0,0,0,0,0,0,0,0,0,0,0,0,0,0,1,0,0,0,0,0,0,0,1,0,0,0,1,0,0,0,0,0,1,0,0,0,0,0,0,0,0,1,1,1,0,0,0,0,0,0,1,0,0,0,0,0,0,0,0,0,0,0,0,0,0,0,0,0,0,0,0,0,0,0,0,0,0,0,0,0,0,0,1,1,0,0,0,0,0,1,0,0,1,0,1,0,0,0,0,0,0,0,0,0,1,0,1,0,0,0,1,0
-8366085.504,4854417.037,3944,2020024464,,1,0,0,1,0,0,0,0,0,8,0,,67,3,2020,7,39.920635,-75.153823,,6,0,0,0,0,0,0,0,0,,0,0,0,,,1,,1,,39 55:14.286,,0,75 09:13.762,4,0,0,0,67301,1,0,0,N,0,0,0,2,67301,1,,1,,1,N,N,N,0,,0,0,0,,3,,,2,1,0,0,0,0,0,2,0,1,,,,N,,,,,,,,,,,0,0,0,0,0,0,0,0,1,0,0,0,0,0,0,0,0,0,0,0,0,0,0,0,0,0,0,0,0,0,0,0,0,0,0,0,0,0,0,0,0,0,0,0,0,0,0,0,0,0,0,0,0,0,0,0,0,0,1,1,1,0,0,0,1,0,0,1,1,0,0,0,0,0,0,0,0,0,0,0,0,0,0,1,0,0,0,0,0,0,0,0,0,0,0,0,0,0,0,0,1,0,0,0,0,0,0,1,0,0,0,0,0,0,0,0,0,0,0,0,1,1,0,0,1,0,0,0,0
-8366008.36,4865952.172,3945,2020018181,,0,0,0,0,0,0,0,0,0,4,0,,67,2,2020,1,40.00006,-75.15313,,6,0,0,0,0,0,0,0,0,,0,0,0,,,1,N,0,,40 00:00.217,1,7,75 09:11.267,8,0,0,1,67301,0,0,0,N,0,0,0,2,67301,0,,1,1925,1,N,N,N,1,,0,0,0,,2,Y,,2,1,0,0,0,1,0,2,0,2,,,,N,,,,,,,,,,,1,0,1,0,0,0,0,0,0,0,0,0,0,0,0,0,0,0,0,0,0,0,0,0,0,0,0,0,0,0,0,0,0,0,0,0,0,0,0,0,0,0,0,0,0,0,0,0,0,0,0,0,0,0,0,1,0,0,1,1,0,0,0,0,1,0,0,0,0,0,0,0,0,1,1,0,1,0,0,0,0,0,0,0,0,0,0,0,0,0,0,0,0,0,0,0,0,0,0,0,0,0,0,1,1,0,1,0,0,0,0,0,0,0,0,0,0,0,0,0,0,1,1,1,0,0,0,0,0
-8368186.438,4870936.359,3946,2020022794,,1,0,0,0,0,0,0,0,0,1,0,,67,3,2020,1,40.03435,-75.172696,,6,0,0,1,0,0,1,0,0,,0,0,0,,,3,,1,,40 02:03.660,,0,75 10:21.707,3,0,0,0,67301,0,0,0,N,0,0,0,4,67301,0,,1,,1,N,N,N,1,,1,0,3,,2,,,5,3,1,0,0,2,0,2,0,5,,3,,N,,,,,,,,,,,0,1,0,0,0,0,0,0,0,0,0,0,0,0,0,0,0,0,1,0,0,1,0,0,1,0,0,1,1,0,0,0,0,0,0,0,0,0,0,0,0,0,1,0,0,0,0,0,0,0,0,0,0,0,1,1,1,0,1,1,1,0,0,0,1,0,0,1,0,0,0,0,0,0,1,0,0,0,0,0,0,0,0,0,0,0,0,0,0,1,0,0,0,0,0,0,0,0,0,1,0,0,0,0,0,0,1,0,0,1,0,0,0,0,0,0,0,1,0,0,0,1,0,1,0,0,0,0,1
-8369025.787,4863959.053,3947,2020024956,,2,0,0,0,0,0,0,0,0,1,0,,67,3,2020,2,39.986343,-75.180236,,6,0,0,0,0,0,0,1,0,,0,0,0,,,3,N,1,,39 59:10.834,7,0,75 10:48.850,3,0,0,0,67301,1,0,0,N,1,0,0,4,67301,2,,1,1730,1,N,N,N,0,,1,0,0,,2,Y,,4,3,1,0,0,0,0,2,1,3,,3,,N,,,,,,,,,,,0,0,0,0,0,0,0,0,0,0,0,0,0,0,0,0,0,1,0,0,0,0,0,0,0,1,0,0,0,0,0,0,0,0,0,0,0,0,0,0,0,0,0,0,0,1,0,0,0,0,0,0,0,0,0,0,0,0,1,1,1,0,0,0,0,0,0,1,0,0,0,1,0,0,1,0,0,0,0,0,0,1,0,1,0,0,0,0,0,1,0,0,0,0,0,0,0,0,0,1,0,0,0,0,0,0,1,0,0,1,0,0,0,0,0,0,0,1,0,0,0,1,0,1,1,0,0,0,0
-8366576.201,4862644.862,3948,2020024569,,0,0,0,0,0,0,0,0,0,1,0,,67,3,2020,1,39.977297,-75.158231,,6,0,0,0,0,0,1,0,0,,0,0,0,,,0,,1,,39 58:38.270,,0,75 09:29.632,9,0,0,0,67301,0,0,0,N,0,0,0,3,67301,0,,1,,1,N,N,N,0,,0,0,2,,2,,,2,0,0,0,0,0,1,2,0,2,,3,,N,,,,,,,,,,,1,0,0,0,0,0,0,0,0,0,0,0,0,0,0,0,0,0,0,0,0,0,0,0,1,0,0,0,0,0,0,0,0,0,0,0,0,0,0,0,0,0,0,0,0,0,0,0,0,0,0,0,0,0,0,0,0,0,0,0,1,0,0,0,0,0,0,1,0,0,0,0,0,0,1,0,0,0,0,0,0,0,0,0,0,0,0,0,0,1,0,0,0,0,0,0,0,0,0,1,0,0,0,0,0,0,1,0,0,0,0,0,1,0,0,0,0,0,0,0,0,1,0,1,0,0,0,0,0
-8358976.974,4870195.332,3949,2020025626,,0,0,0,0,0,0,0,0,0,8,0,,67,3,2020,4,40.029253,-75.089966,,6,0,0,0,1,0,0,0,0,,0,0,0,,,1,,1,,40 01:45.310,,0,75 05:23.878,2,0,0,0,67301,1,0,1,N,1,0,1,2,67301,0,,1,,1,N,N,N,0,,0,1,0,,0,,,2,1,0,0,0,0,0,2,1,1,,3,,N,,,,,,,,,,,1,0,0,0,0,0,0,0,0,0,0,0,0,0,0,0,0,0,0,0,0,0,1,0,0,0,0,0,0,0,1,0,0,0,0,0,0,0,0,0,0,0,0,0,0,0,0,0,0,0,0,0,0,0,0,0,0,0,1,1,1,0,0,0,1,0,0,1,0,0,0,0,0,0,0,0,0,0,0,0,0,1,0,0,0,0,0,0,0,0,0,0,0,0,0,0,0,0,0,0,1,0,0,0,0,0,1,0,0,0,1,0,0,0,0,0,0,0,0,0,1,1,0,0,1,0,0,0,1
-8357846.413,4871320.489,3950,2020025860,,0,0,0,0,0,0,0,0,0,4,0,,67,3,2020,5,40.036992,-75.07981,,6,0,0,0,0,0,0,0,0,,0,0,0,,,0,,1,,40 02:13.172,,0,75 04:47.317,0,0,0,0,67301,0,0,0,N,0,0,0,1,67301,0,,5,,1,N,N,N,0,,0,0,1,,2,,,2,0,0,0,0,0,0,2,1,2,,3,,N,,,,,,,,,,,1,0,1,0,0,0,0,0,0,0,0,0,0,0,0,0,0,0,0,0,0,0,0,0,0,0,0,0,0,0,0,0,0,0,0,0,0,0,0,0,0,0,1,0,0,0,0,0,0,0,0,0,0,0,0,1,0,0,0,0,1,0,0,0,0,0,0,1,0,0,0,0,0,0,1,0,0,0,0,0,0,0,0,0,1,0,0,0,0,0,0,0,0,0,0,0,0,0,0,1,0,0,0,0,0,0,1,0,0,0,0,1,0,0,0,0,0,0,0,0,0,1,0,1,0,0,0,0,0
-8359899.256,4864085.455,3951,2020026856,,1,0,0,0,0,0,0,0,0,4,0,,67,3,2020,7,39.987213,-75.098251,,6,0,0,0,0,0,0,0,0,,0,0,0,,,0,,1,,39 59:13.966,,0,75 05:53.703,0,0,0,0,67301,0,0,0,N,0,0,0,2,67301,0,,1,,1,N,N,N,0,,0,0,1,,3,,,2,0,0,0,0,0,0,2,0,2,,,,N,,,,,,,,,,,0,0,1,0,0,0,0,0,0,0,0,0,0,0,0,0,0,0,0,0,0,0,0,0,0,0,0,0,0,0,0,0,0,0,0,0,0,0,0,0,0,0,0,0,0,0,0,0,0,0,0,0,0,0,0,0,0,0,0,0,1,0,0,0,0,0,0,1,1,0,0,0,0,0,1,0,0,0,0,0,0,0,0,0,1,0,0,0,0,0,0,0,0,0,0,0,0,0,0,0,0,0,0,0,0,0,0,1,0,0,0,0,0,0,0,0,0,0,0,0,1,1,0,1,0,0,0,0,0
-8366953.685,4863660.199,3952,2020027683,,2,0,0,0,0,0,0,0,0,1,0,,67,3,2020,1,39.984286,-75.161622,,6,0,0,0,0,0,0,0,0,,0,0,0,,,1,,1,,39 59:03.429,,0,75 09:41.838,4,0,0,0,67301,0,0,0,N,0,0,0,2,67301,1,,1,,1,N,N,N,0,,0,0,0,,3,,,2,1,2,0,0,0,0,2,0,2,,3,,N,,,,,,,,,,,0,0,0,0,0,0,0,0,0,0,0,0,0,0,0,0,0,0,0,0,0,0,0,0,0,0,0,0,0,0,0,0,0,0,0,0,0,0,0,0,0,0,0,0,0,0,0,0,0,0,0,0,0,0,0,1,0,0,1,1,1,0,0,0,0,0,0,1,1,0,0,0,0,0,1,0,0,0,0,0,0,0,0,1,0,0,0,0,0,1,0,0,0,0,0,0,0,0,0,0,0,0,0,0,0,0,0,1,0,0,0,0,0,0,0,0,0,1,0,0,1,1,1,1,0,0,0,0,0
-8374539.22,4857066.936,3953,2020026728,,3,0,0,0,0,0,0,0,0,4,0,,67,3,2020,7,39.938889,-75.229764,,6,0,0,0,0,0,0,0,0,,0,0,0,,,4,,1,,39 56:20.000,,0,75 13:47.150,3,0,0,0,67301,0,0,0,N,0,0,0,4,67301,0,,1,,1,N,N,N,0,,4,0,0,,3,,,3,4,0,0,0,0,0,2,0,3,,3,,N,,,,,,,,,,,0,0,1,0,0,0,0,0,0,0,0,0,0,0,0,0,0,0,0,0,0,0,0,0,0,0,0,0,0,0,0,0,0,0,0,0,0,0,0,0,0,0,1,0,0,0,0,0,0,0,0,0,0,0,0,0,0,0,1,1,1,0,0,0,0,0,0,1,1,0,0,0,0,0,1,0,0,0,0,0,0,0,0,0,0,0,0,0,0,0,0,0,0,0,0,0,0,0,0,0,0,0,0,0,0,0,0,1,0,1,0,0,0,0,0,0,0,0,0,0,1,1,0,1,0,0,0,0,0
-8357230.037,4870872.097,3954,2020022446,,1,0,0,0,0,0,0,0,0,5,0,,67,3,2020,2,40.033908,-75.074273,,6,0,0,0,0,0,0,1,0,,0,0,0,,,0,,1,,40 02:02.069,,0,75 04:27.384,9,0,0,0,67301,0,0,0,N,0,0,0,2,67301,0,,1,,1,N,N,N,0,,0,0,0,,2,,,2,0,0,0,0,0,1,2,0,2,,3,,N,,,,,,,,,,,0,0,0,0,0,0,0,0,0,0,0,0,0,0,0,0,0,0,0,0,0,0,0,0,0,1,0,0,0,0,0,0,0,0,0,0,0,0,0,0,0,0,0,0,0,1,0,0,1,0,0,0,0,0,0,1,0,0,0,0,1,0,0,0,0,0,0,1,0,0,0,1,0,0,1,0,0,0,0,0,0,0,0,0,0,0,0,0,0,0,0,0,0,0,0,0,0,0,0,1,0,0,0,0,0,0,1,0,0,0,0,0,0,0,0,0,0,0,0,0,0,1,0,1,0,0,0,0,0
-8358015.173,4868440.028,3955,2020064964,,2,0,0,0,0,0,0,0,0,4,0,,67,8,2020,3,40.017178,-75.081326,,6,0,0,0,0,0,0,0,0,,0,0,0,,,2,,1,,40 01:01.842,,0,75 04:52.774,3,0,0,0,67301,0,0,0,N,0,0,0,3,67301,0,,1,,1,N,N,N,0,,2,0,0,,3,,,2,2,0,0,0,0,0,2,0,2,,3,,N,,,,,,,,,,,1,0,1,0,0,0,0,0,0,0,0,0,0,0,0,0,0,0,0,0,0,0,0,0,0,0,0,0,0,0,0,0,0,0,0,0,0,0,0,0,0,0,0,0,0,1,0,0,0,0,0,0,0,0,0,1,0,0,1,1,1,0,0,0,0,0,0,1,1,0,0,0,0,0,1,0,0,0,0,0,0,0,0,0,0,0,0,0,0,0,0,0,1,0,0,0,0,0,0,0,0,0,0,0,0,0,0,1,0,1,0,0,0,0,0,0,0,0,0,0,1,1,0,0,0,0,0,0,0