X,Y,objectid,crn,arrival_tm,automobile_count,belted_death_count,belted_susp_serious_inj_count,bicycle_count,bicycle_death_count,bicycle_susp_serious_inj_count,bus_count,chldpas_death_count,chldpas_susp_serious_inj_count,collision_type,comm_veh_count,cons_zone_spd_lim,county,crash_month,crash_year,day_of_week,dec_latitude,dec_longitude,dispatch_tm,district,driver_count_16yr,driver_count_17yr,driver_count_18yr,driver_count_19yr,driver_count_20yr,driver_count_50_64yr,driver_count_65_74yr,driver_count_75plus,est_hrs_closed,fatal_count,heavy_truck_count,horse_buggy_count,hour_of_day,illumination,injury_count,intersection_related_x,intersect_type,lane_closed,latitude,ln_close_dir,location_type,longitude,max_severity_level,mcycle_death_count,mcycle_susp_serious_inj_count,motorcycle_count,municipality,nonmotr_count,nonmotr_death_count,nonmotr_susp_serious_inj_count,ntfy_hiwy_maint,ped_count,ped_death_count,ped_susp_serious_inj_count,person_count,police_agcy,possible_inj_count,rdwy_surf_type_cd,relation_to_road,roadway_cleared,road_condition,sch_bus_ind,sch_zone_ind,secondary_crash,small_truck_count,spec_juris_cd,susp_minor_inj_count,susp_serious_inj_count,suv_count,tcd_func_cd,tcd_type,tfc_detour_ind,time_of_day,total_units,tot_inj_count,unbelted_occ_count,unb_death_count,unb_susp_serious_inj_count,unk_inj_deg_count,unk_inj_per_count,urban_rural,van_count,vehicle_count,weather1,weather2,workers_pres,work_zone_ind,work_zone_loc,work_zone_type,wz_close_detour,wz_flagger,wz_law_offcr_ind,wz_ln_closure,wz_moving,wz_other,wz_shlder_mdn,wz_workers_inj_killed,aggressive_driving,alcohol_related,angle_crash,atv,atv_route,backup_congestion,backup_nonrecurring,backup_prior,bicycle,cell_phone,child_passenger,comm_vehicle,core_network,cross_median,curved_road,curve_dvr_error,deer_related,distracted,drinking_driver,driver_16yr,driver_17yr,driver_18yr,driver_19yr,driver_20yr,driver_50_64yr,driver_65_74yr,driver_75plus,drugged_driver,drug_related,fatal,fatal_or_susp_serious_inj,fatigue_asleep,federal_aid_route,fire_in_vehicle,hazardous_truck,hit_barrier,hit_bridge,hit_deer,hit_embankment,hit_fixed_object,hit_gdrail,hit_gdrail_end,hit_parked_vehicle,hit_pole,hit_roadway_equipment,hit_run,hit_temp_construction_barrier,hit_traffic_island,hit_tree_shrub,hit_utility_pole,horse_buggy,ho_oppdir_sdswp,hvy_truck_related,icy_road,illegal_drug_related,illumination_dark,impaired_driver,impaired_nonmotorist,injury,injury_or_fatal,intersection,intersection_related_y,interstate,lane_departure,left_turn,limit_65mph,limit_70mph,local_road,local_road_only,marijuana_drugged_driver,marijuana_related,mature_driver,mc_drinking_driver,motorcycle,multiple_vehicle,nhtsa_agg_driving,non_intersection,no_clearance,opioid_related,other_freeway_expressway,overturned,pedestrian,phantom_vehicle,possible_injury,property_damage_only,psp_reported,ramp,ramp_segment,ramp_terminal,rear_end,roundabout,running_red_lt,running_stop_sign,rural,school_bus,school_bus_related,school_bus_unit,school_zone,shldr_related,signalized_int,single_vehicle,snowmobile,snow_slush_road,speeding,speeding_related,speed_change_lane,state_road,stop_controlled_int,sudden_deer,suspected_minor_injury,suspected_serious_injury,sv_run_off_rd,tailgating,train,train_trolley,trolley,turnpike,unbelted,underage_drnk_drv,unlicensed,unsignalized_int,urban,vehicle_failure,vehicle_towed,vulnerable_road_user,vulnerable_road_user_fatal,wet_road,work_zone,young_driver
-8346310.705,4877777.598,6886,2020082153,,1,0,0,0,0,0,0,0,0,5,0,,67,10,2020,1,40.081388,-74.976183,2050,6,0,0,1,0,0,0,0,0,,0,0,0,,,2,,1,,40 04:52.997,1,0,74 58:34.259,3,0,0,0,67301,0,0,0,N,0,0,0,2,67301,1,,1,1,1,N,N,N,0,,1,0,1,3,2,Y,,2,2,0,0,0,0,0,2,0,2,,3,,N,,,,,,,,,,,0,0,0,0,0,0,0,0,0,0,0,0,0,0,0,0,0,0,0,0,0,1,0,0,0,0,0,0,0,0,0,0,0,0,0,0,0,0,0,0,0,0,0,0,0,0,0,0,0,0,0,0,0,0,0,1,0,0,1,1,1,0,0,0,0,0,0,1,0,0,0,0,0,0,1,0,0,0,0,0,0,0,0,1,0,0,0,0,0,0,0,0,0,0,0,0,0,0,0,1,0,0,0,0,0,0,1,0,0,1,0,0,0,0,0,0,0,0,0,0,0,1,0,1,0,0,0,0,1
-8357463.362,4865920.784,6887,2020113765,,0,0,0,0,0,0,0,0,0,5,0,,67,12,2020,3,39.999844,-75.076369,16,6,0,0,0,0,0,0,0,0,,0,0,0,,,0,N,0,,39 59:59.440,,0,75 04:34.930,0,0,0,0,67301,0,0,0,N,0,0,0,1,67301,0,,6,,1,N,N,N,1,,0,0,3,0,0,,,4,0,0,0,0,0,0,2,0,4,,,,N,,,,,,,,,,,0,0,0,0,0,0,0,0,0,0,0,0,0,0,0,0,0,0,0,0,0,0,0,0,0,0,0,0,0,0,0,0,0,0,0,0,0,0,0,0,0,0,1,0,0,1,0,0,0,0,0,0,0,0,0,1,0,0,0,0,0,0,0,1,0,0,0,1,1,0,0,0,0,0,1,0,1,0,0,0,0,0,0,0,1,0,0,0,0,0,0,0,0,0,0,0,0,0,0,0,0,0,0,0,1,0,0,0,0,0,0,0,0,0,0,0,0,0,0,0,0,1,0,1,0,0,0,0,0
-8353232.552,4871715.683,6888,2020068794,,1,0,0,0,0,0,0,0,0,4,0,,67,8,2020,2,40.03971,-75.038363,2337,6,0,1,1,0,0,0,0,0,,0,0,0,,,0,,1,,40 02:22.955,1,0,75 02:18.106,9,0,0,0,67301,0,0,0,N,0,0,0,4,67301,0,,1,15,1,N,N,N,0,,0,0,0,3,3,Y,,2,0,0,0,0,0,1,2,1,2,,,,N,,,,,,,,,,,0,0,1,0,0,0,0,0,0,0,0,0,0,0,0,0,0,0,0,0,1,1,0,0,0,0,0,0,0,0,0,0,0,0,0,0,0,0,0,0,0,0,0,0,0,0,0,0,0,0,0,0,0,0,0,1,0,0,0,0,1,0,0,0,0,0,0,1,1,0,0,0,0,0,1,0,0,0,0,0,0,0,0,0,0,0,0,0,0,0,0,0,0,0,0,0,0,0,0,0,0,0,0,0,0,0,0,1,0,0,0,0,0,0,0,0,0,0,0,0,1,1,0,1,0,0,0,0,1
-8351163.679,4875446.09,6889,2020073406,,1,0,0,0,0,0,0,0,0,5,0,,67,9,2020,2,40.065361,-75.019778,1933,6,0,0,0,0,0,0,0,0,,0,0,0,,,1,N,0,,40 03:55.300,,0,75 01:11.200,3,0,0,0,67301,0,0,0,N,0,0,0,1,67301,0,,6,,1,N,N,N,0,,1,0,1,0,0,,,3,1,0,0,0,0,0,2,1,3,,,,N,,,,,,,,,,,0,0,0,0,0,0,0,0,0,0,0,0,0,0,0,0,0,0,0,0,0,0,0,0,0,0,0,0,0,0,0,0,0,0,0,0,0,0,0,0,0,0,1,0,0,0,0,0,0,0,0,0,0,0,0,1,0,0,1,1,0,0,0,0,0,0,0,1,1,0,0,0,0,0,1,0,1,0,0,0,0,0,0,0,0,0,0,0,0,0,0,0,0,0,0,0,0,0,0,0,0,0,0,0,0,0,0,0,0,1,0,0,0,0,0,0,0,0,0,0,0,1,0,1,0,0,0,0,0
-8368364.994,4858433.825,6890,2020109549,,0,0,0,0,0,0,0,0,0,8,0,,67,12,2020,5,39.948303,-75.1743,2203,6,0,0,0,0,0,0,0,0,,0,0,0,,,1,N,0,,39 56:53.890,,0,75 10:27.480,3,0,0,0,67301,1,0,0,N,1,0,0,2,67301,0,,1,,7,N,N,N,0,,1,0,1,0,0,,,2,1,0,0,0,0,1,2,0,1,,10,,N,,,,,,,,,,,0,0,0,0,0,0,0,0,0,0,0,0,0,0,0,0,0,0,0,0,0,0,0,0,0,0,0,0,0,0,0,0,0,0,0,0,0,0,0,0,0,0,0,0,0,1,0,0,0,0,0,0,0,0,0,1,0,0,1,1,0,0,0,0,0,0,0,1,1,0,0,0,0,0,0,0,1,0,0,0,0,1,0,0,0,0,0,0,0,0,0,0,0,0,0,0,0,0,0,0,1,0,1,0,0,0,0,0,0,1,0,0,0,0,0,0,0,0,0,0,0,1,0,0,1,0,0,0,0
-8365601.154,4874084.563,6891,2020102902,,2,0,0,0,0,0,0,0,0,5,0,,67,11,2020,7,40.056,-75.149472,243,6,0,0,0,0,0,1,0,0,,0,0,0,,,3,N,0,,40 03:21.600,,0,75 08:58.100,2,0,0,0,67301,0,0,0,N,0,0,0,5,67301,0,,1,,1,N,N,N,0,,2,1,1,0,0,,,4,3,3,0,1,0,0,2,1,4,,3,,N,,,,,,,,,,,1,0,0,0,0,0,0,0,0,0,0,0,0,0,0,0,0,0,0,0,0,0,0,0,1,0,0,0,0,0,1,0,0,0,0,0,0,0,0,0,0,0,1,0,0,0,0,0,0,0,0,0,0,0,0,1,0,0,1,1,0,0,0,0,0,0,0,1,1,0,0,0,0,0,1,1,1,0,0,0,1,0,0,0,0,0,0,0,0,0,0,0,0,0,0,0,0,0,0,0,0,0,0,0,1,0,0,0,0,1,1,0,0,0,0,0,0,1,0,0,0,1,0,1,0,0,0,0,0
-8365453.21,4861639.216,6892,2020099851,,1,0,0,0,0,0,0,0,0,8,0,,67,11,2020,5,39.970374,-75.148143,2115,6,0,0,0,0,0,1,0,0,,0,0,0,,,1,N,0,,39 58:13.346,,0,75 08:53.315,3,0,0,0,67301,1,0,0,N,1,0,0,2,67301,0,,1,,1,N,N,N,0,,1,0,0,3,2,,,2,1,1,0,0,0,0,2,0,1,,,,N,,,,,,,,,,,0,0,0,0,0,0,0,0,0,0,0,0,0,0,0,0,0,0,0,0,0,0,0,0,1,0,0,0,0,0,0,0,0,0,0,0,0,0,0,0,0,0,0,0,0,0,0,0,0,0,0,0,0,0,0,1,0,0,1,1,0,0,0,0,0,0,0,0,0,0,0,0,0,0,0,0,1,0,0,0,0,1,0,0,0,0,0,0,0,0,0,0,0,0,0,0,0,0,0,0,1,0,0,0,0,0,1,0,0,1,0,0,0,0,0,0,0,1,0,0,0,1,0,1,1,0,0,0,0
-8376018.768,4860232.236,6893,2020068544,,2,0,0,0,0,0,0,0,0,4,0,,67,8,2020,2,39.960687,-75.243055,244,6,0,0,0,0,0,0,0,0,,0,0,0,,,2,,1,,39 57:38.474,,0,75 14:34.999,3,0,0,0,67301,0,0,0,N,0,0,0,3,67301,0,,1,,1,N,N,N,0,,2,0,1,3,2,,,3,2,0,0,0,0,0,2,0,3,,3,,N,,,,,,,,,,,1,0,1,0,0,0,0,0,0,0,0,0,0,0,0,0,0,0,0,0,0,0,0,0,0,0,0,0,0,0,0,0,0,0,0,0,0,0,0,0,0,0,1,0,0,0,0,0,0,0,0,0,0,0,0,1,0,0,1,1,1,0,0,0,0,0,0,1,0,0,0,0,0,0,1,0,0,0,0,0,0,0,0,0,0,0,0,0,0,0,0,1,0,0,0,0,0,0,0,1,0,0,0,0,0,0,1,0,0,1,0,0,0,0,0,0,0,0,0,0,0,1,1,1,0,0,0,0,0
-8356951.738,4867141.522,6894,2020076639,,1,0,0,0,0,0,0,0,0,4,0,,67,9,2020,7,40.008244,-75.071773,1035,6,0,0,0,0,0,0,0,0,,0,0,0,,,1,,2,,40 00:29.677,,0,75 04:18.384,3,0,0,0,67301,0,0,0,N,0,0,0,2,67301,0,,1,,1,N,N,N,0,,1,0,0,3,3,,,2,1,1,0,0,0,0,2,1,2,,,,N,,,,,,,,,,,0,0,1,0,0,0,0,0,0,0,0,0,0,0,0,0,0,0,0,0,0,0,0,0,0,0,0,0,0,0,0,0,0,0,0,0,0,0,0,0,0,0,0,0,0,0,0,0,0,0,0,0,0,0,0,0,0,0,1,1,1,0,0,0,1,0,0,1,0,0,0,0,0,0,1,0,0,0,0,0,0,0,0,0,0,0,0,0,0,0,0,0,0,0,0,0,0,0,0,0,0,0,0,0,0,0,1,1,0,1,0,0,0,0,0,0,0,1,0,0,1,1,0,1,0,0,0,0,0
-8354241.998,4871826.771,6895,2020106183,,1,0,0,0,0,0,0,0,0,4,0,,67,12,2020,2,40.040474,-75.047431,1300,6,0,0,0,0,0,0,0,0,,0,0,0,,,3,,1,,40 02:25.707,,0,75 02:50.752,3,0,0,0,67301,0,0,0,N,0,0,0,4,67301,0,,1,,1,N,N,N,0,,3,0,2,3,2,,,4,3,0,0,0,0,0,2,1,4,,,,N,,,,,,,,,,,0,0,1,0,0,0,0,0,0,0,0,0,0,0,0,0,0,0,0,0,0,0,0,0,0,0,0,0,0,0,0,0,0,0,0,0,0,0,0,0,0,0,1,0,0,0,0,0,0,0,0,0,0,0,0,0,0,0,1,1,1,0,0,0,0,0,0,1,0,0,0,0,0,0,1,0,0,0,0,0,0,0,0,0,0,0,0,0,0,0,0,0,0,0,0,0,0,0,0,1,0,0,0,0,0,0,1,0,0,1,0,0,0,0,0,0,0,0,0,0,0,1,0,1,0,0,0,0,0
-8349665.096,4880749.695,6896,2020111753,,1,0,0,0,0,0,0,0,0,1,0,,67,12,2020,5,40.101813,-75.006316,127,6,0,0,0,0,1,0,0,0,,0,0,0,,,3,N,0,,40 06:06.528,2,7,75 00:22.738,3,0,0,0,67301,0,0,0,N,0,0,0,3,67301,2,,1,236,1,N,N,N,0,,1,0,1,3,2,N,,2,3,0,0,0,0,0,2,0,2,,3,,N,,,,,,,,,,,0,0,0,0,0,0,0,0,0,0,0,0,0,0,0,0,0,0,0,0,0,0,0,1,0,0,0,0,0,0,0,0,0,0,0,0,0,0,0,0,0,0,0,0,0,0,0,0,0,0,0,0,0,0,0,1,0,0,1,1,0,0,0,0,0,0,0,0,0,0,0,0,0,0,1,0,1,0,0,0,0,0,0,1,0,0,0,0,0,1,0,0,0,0,0,0,0,0,0,0,0,0,0,0,0,0,1,0,0,1,0,0,0,0,0,0,0,0,0,0,0,1,0,1,0,0,0,0,1
-8365221.331,4869239.943,6897,2020080061,,0,0,0,0,0,0,0,0,0,8,0,,67,9,2020,6,40.022681,-75.14606,1648,6,0,0,0,0,0,0,0,0,,0,0,0,,,2,,1,,40 01:21.651,,0,75 08:45.815,3,0,0,0,67301,2,0,0,N,2,0,0,3,67301,0,,1,,1,N,N,N,0,,2,0,1,3,3,,,3,2,0,0,0,0,0,2,0,1,,3,,N,,,,,,,,,,,0,0,0,0,0,0,0,0,0,0,0,0,0,0,0,0,0,0,0,0,0,0,0,0,0,0,0,0,0,0,0,0,0,0,0,0,0,0,0,0,0,0,0,0,0,0,0,0,0,0,0,0,0,0,0,0,0,0,1,1,1,0,0,0,0,0,0,1,1,0,0,0,0,0,0,0,0,0,0,0,0,1,0,0,0,0,0,0,0,0,0,0,0,0,0,0,0,0,0,0,1,0,0,0,0,0,0,1,0,1,0,0,0,0,0,0,0,0,0,0,1,1,0,0,1,0,0,0,0
-8374285.189,4859725.529,6898,2020100363,,2,0,0,0,0,0,0,0,0,2,0,,67,11,2020,5,39.957198,-75.227482,520,6,0,0,0,1,0,0,0,0,,0,0,0,,,0,,1,,39 57:25.912,5,0,75 13:38.935,0,0,0,0,67301,0,0,0,N,0,0,0,3,67301,0,,1,705,1,N,N,N,0,,0,0,0,9,2,Y,,2,0,0,0,0,0,0,2,0,2,,3,,N,,,,,,,,,,,1,0,0,0,0,0,0,0,0,0,0,0,0,0,0,0,0,0,0,0,0,0,1,0,0,0,0,0,0,0,0,0,0,0,0,0,0,0,0,0,0,0,0,0,0,0,0,0,0,0,0,1,0,0,0,1,0,0,0,0,1,0,0,0,0,0,0,1,0,0,0,0,0,0,1,0,0,0,0,0,0,0,0,0,1,0,0,0,0,0,0,0,0,0,0,0,0,0,0,1,0,0,0,0,1,0,1,0,0,0,0,0,0,0,0,0,0,0,0,0,0,1,0,1,0,0,0,0,1
-8372201.287,4854067.235,6899,2020109442,,1,0,0,0,0,0,0,0,0,4,0,,67,12,2020,3,39.918225,-75.208762,1732,6,0,0,0,0,0,1,0,0,,0,0,0,,,2,,1,,39 55:05.610,2,0,75 12:31.544,3,0,0,0,67301,0,0,0,N,0,0,0,5,67301,1,,1,100,1,N,N,N,1,,1,0,0,3,2,N,,3,2,1,0,0,0,2,2,1,3,,3,,N,,,,,,,,,,,1,0,1,0,0,0,0,0,0,0,0,0,0,0,0,0,0,0,0,0,0,0,0,0,1,0,0,0,0,0,0,0,0,0,0,0,0,0,0,0,0,0,0,0,0,0,0,0,0,0,0,0,0,0,0,1,0,0,1,1,1,0,0,0,1,0,0,1,0,0,0,0,0,0,1,0,0,0,0,0,0,0,0,1,0,0,0,0,0,0,0,0,0,0,0,0,0,0,0,1,0,0,0,0,0,0,1,0,0,1,0,0,0,0,0,0,0,1,0,0,0,1,0,1,0,0,0,0,0
-8362505.914,4871992.096,6900,2020077074,,2,0,0,0,0,0,0,0,0,5,0,,67,9,2020,7,40.041611,-75.121667,50,6,0,0,0,0,0,0,0,0,,0,0,0,,,0,N,0,,40 02:29.800,,0,75 07:18.000,9,0,0,0,67301,0,0,0,N,0,0,0,4,67301,0,,6,,1,N,N,N,0,,0,0,1,0,0,,,3,0,0,0,0,0,4,2,0,3,,3,,N,,,,,,,,,,,0,0,0,0,0,0,0,0,0,0,0,0,0,0,0,0,0,0,0,0,0,0,0,0,0,0,0,0,0,0,0,0,0,0,0,0,0,0,0,0,0,0,1,0,0,1,0,0,0,0,0,0,0,0,0,1,0,0,0,0,0,0,0,0,0,0,0,1,1,0,0,0,0,0,1,0,1,0,0,0,0,0,0,0,0,0,0,0,0,0,0,0,0,0,0,0,0,0,0,0,0,0,0,0,0,0,0,0,0,0,0,0,0,0,0,0,0,0,0,0,0,1,0,1,0,0,0,0,0
-8374340.182,4872270.988,6901,2020078862,,2,0,0,0,0,0,0,0,0,1,0,,67,9,2020,5,40.043529,-75.227976,1619,6,0,0,0,0,0,1,0,0,,0,0,0,,,0,N,0,,40 02:36.706,5,0,75 13:40.712,0,0,0,0,67301,0,0,0,N,0,0,0,3,67301,0,,1,1651,1,N,N,N,0,,0,0,1,0,0,N,,3,0,3,0,0,0,0,2,0,3,,3,,N,,,,,,,,,,,1,0,0,0,0,0,0,0,0,0,0,0,0,0,0,0,0,0,0,0,0,0,0,0,1,0,0,0,0,0,0,0,0,0,0,0,0,0,0,0,0,0,0,0,0,0,0,0,0,0,0,0,0,0,0,0,0,0,0,0,0,0,0,0,0,0,0,0,0,0,0,0,0,0,1,0,1,0,0,0,0,0,0,0,1,0,0,0,0,1,0,0,0,0,0,0,0,0,0,0,0,0,0,0,0,0,1,0,0,0,0,0,0,0,0,0,0,1,0,0,0,1,0,1,0,0,0,0,0
-8366422.803,4870457.745,6902,2020068364,,1,0,0,0,0,0,0,0,0,7,0,,67,8,2020,1,40.031058,-75.156853,2338,6,0,0,0,0,0,0,0,0,,0,0,0,,,0,N,0,,40 01:51.810,,0,75 09:24.670,9,0,0,0,67301,0,0,0,N,0,0,0,1,67301,0,,5,,1,N,N,N,0,,0,0,0,0,0,,,1,0,0,0,0,0,1,2,0,1,,,,N,,,,,,,,,,,1,0,0,0,0,0,0,0,0,0,0,0,0,1,0,0,0,0,0,0,0,0,0,0,0,0,0,0,0,0,0,0,0,0,0,0,0,0,0,1,0,0,0,0,0,1,0,0,0,0,0,0,0,0,0,1,0,0,0,0,0,0,0,1,0,0,0,1,1,0,0,0,0,0,0,0,1,0,0,0,0,0,0,0,0,0,0,0,0,0,0,0,0,0,0,0,0,0,0,0,1,0,0,0,1,0,0,0,0,0,0,1,0,0,0,0,0,0,0,0,0,1,0,1,0,0,0,0,0
-8357432.415,4867650.497,6903,2020113766,,1,0,0,0,0,0,0,0,0,4,0,,67,12,2020,3,40.011746,-75.076091,2310,6,0,0,0,0,0,0,0,0,,0,0,0,,,1,,2,,40 00:42.286,1,0,75 04:33.927,4,0,0,0,67301,0,0,0,N,0,0,0,3,67301,1,,1,55,1,N,N,N,1,,0,0,0,0,0,N,,2,1,1,0,0,0,0,2,0,2,,3,,N,,,,,,,,,,,1,0,1,0,0,0,0,0,0,0,0,0,0,0,0,0,0,0,0,0,0,0,0,0,0,0,0,0,0,0,0,0,0,0,0,0,0,0,0,0,0,0,0,0,0,0,0,0,0,0,0,0,0,0,0,1,0,0,1,1,1,0,0,0,1,0,0,1,0,0,0,0,0,0,1,0,0,0,0,0,0,0,0,1,0,0,0,0,0,0,0,0,0,0,0,0,0,0,0,0,0,0,0,0,0,0,1,0,0,0,0,0,0,0,0,0,0,1,0,0,1,1,0,1,0,0,0,0,0
-8369484.647,4871016.906,6904,2020080067,,1,0,0,0,0,0,0,0,0,4,0,,67,9,2020,3,40.034904,-75.184358,620,6,0,0,0,0,0,0,0,1,,0,0,0,,,0,,1,,40 02:05.655,,0,75 11:03.688,0,0,0,0,67301,0,0,0,N,0,0,0,2,67301,0,,1,,1,N,N,N,0,,0,0,1,2,2,,,2,0,0,0,0,0,0,2,0,2,,3,,N,,,,,,,,,,,0,0,1,0,0,0,0,0,0,0,0,0,0,0,0,0,0,0,0,0,0,0,0,0,0,0,1,0,0,0,0,0,0,0,0,0,0,0,0,0,0,0,0,0,0,0,0,0,0,0,0,0,0,0,0,0,0,0,0,0,1,0,0,0,0,0,0,1,0,0,0,1,0,0,1,0,0,0,0,0,0,0,0,0,1,0,0,0,0,0,0,0,0,0,0,0,0,0,0,1,0,0,0,0,0,0,1,0,0,0,0,0,0,0,0,0,0,0,0,0,0,1,0,1,0,0,0,0,0
-8354127.45,4874155.101,6905,2020077117,,2,0,0,0,0,0,0,0,0,4,0,,67,9,2020,7,40.056485,-75.046402,806,6,0,0,0,0,0,1,0,0,,0,0,0,,,1,,1,,40 03:23.345,1,0,75 02:47.046,3,0,0,0,67301,0,0,0,N,0,0,0,3,67301,0,,1,930,1,N,N,N,0,,1,0,1,3,2,Y,,3,1,0,0,0,0,0,2,0,3,,3,,N,,,,,,,,,,,1,0,1,0,0,0,0,0,0,0,0,0,0,0,0,0,0,0,0,0,0,0,0,0,1,0,0,0,0,0,0,0,0,0,0,0,0,0,0,0,0,0,0,0,0,0,0,0,0,0,0,0,0,0,0,0,0,0,1,1,1,0,0,0,1,0,0,0,0,0,0,0,0,0,1,0,0,0,0,0,0,0,0,0,0,0,0,0,0,0,0,0,0,0,0,0,0,0,0,1,0,0,0,0,0,0,1,0,0,1,0,0,0,0,0,0,0,0,0,0,0,1,0,1,0,0,0,0,0
-8365761.454,4867429.288,6906,2020073930,,1,0,0,1,0,0,0,0,0,8,0,,67,9,2020,2,40.010224,-75.150912,412,6,0,0,0,0,0,0,0,0,,0,0,0,,,1,N,0,,40 00:36.806,,0,75 09:03.282,3,0,0,0,67301,1,0,0,N,0,0,0,2,67301,0,,1,,1,N,N,N,0,,1,0,0,0,0,,,2,1,0,0,0,0,0,2,0,1,,3,,N,,,,,,,,,,,0,0,0,0,0,0,0,0,1,0,0,0,0,0,0,0,0,0,0,0,0,0,0,0,0,0,0,0,0,0,0,0,0,0,0,0,0,0,0,0,0,0,0,0,0,1,0,0,0,0,0,0,0,0,0,1,0,0,1,1,0,0,0,0,0,0,0,0,0,0,0,0,0,0,0,0,1,0,0,0,0,0,0,0,0,0,0,0,0,0,0,0,0,0,0,0,0,0,0,0,1,0,0,0,0,0,1,0,0,1,0,0,0,0,0,0,0,0,0,0,0,1,0,0,1,0,0,0,0
-8363135.983,4867053.594,6907,2020068257,,1,0,0,0,0,0,0,0,0,1,0,,67,8,2020,6,40.007639,-75.127327,741,6,0,0,0,0,0,1,0,0,,0,0,0,,,1,,1,,40 00:27.502,3,0,75 07:38.377,3,0,0,0,67301,0,0,0,N,0,0,0,2,67301,0,,1,840,1,N,N,N,0,,1,0,1,3,2,N,,2,1,0,0,0,0,0,2,0,2,,3,,N,,,,,,,,,,,0,0,0,0,0,0,0,0,0,0,0,0,0,0,0,0,0,1,0,0,0,0,0,0,1,0,0,1,1,0,0,0,0,0,0,0,0,0,0,0,0,0,0,0,0,0,0,0,0,0,0,0,0,0,1,0,1,0,1,1,1,0,0,0,0,0,0,1,0,1,1,0,0,0,1,0,0,0,0,0,0,0,0,0,0,0,0,0,0,1,0,0,0,0,0,0,0,0,0,1,0,0,0,0,0,0,1,0,0,1,0,0,0,0,0,0,0,0,0,0,0,1,0,1,0,0,0,0,0
-8365713.364,4873221.434,6908,2020075818,,1,0,0,0,0,0,0,0,0,4,0,,67,9,2020,6,40.050065,-75.15048,2134,6,0,0,0,0,0,0,0,0,,0,0,0,,,1,,1,,40 03:00.233,,0,75 09:01.728,3,0,0,0,67301,0,0,0,N,0,0,0,4,67301,0,,1,,1,N,N,N,0,,1,0,0,3,2,,,2,1,2,0,0,0,0,2,0,2,,,,N,,,,,,,,,,,1,0,1,1,0,0,0,0,0,0,0,0,0,0,0,0,0,0,0,0,0,0,0,0,0,0,0,0,0,0,0,0,0,0,0,0,0,0,0,0,0,0,0,0,0,0,0,0,0,0,0,0,0,0,0,1,0,0,1,1,1,0,0,0,1,0,0,1,1,0,0,0,0,0,1,0,0,0,0,0,0,0,0,0,0,0,0,0,0,0,0,0,0,0,0,0,0,0,0,1,0,0,0,0,0,0,0,0,0,1,0,0,0,0,0,0,0,1,0,0,0,1,0,0,0,0,0,0,0
-8370895.287,4860068.559,6909,2020083343,,1,0,0,0,0,0,0,0,0,4,0,90,67,9,2020,4,39.95956,-75.19703,725,6,0,0,0,0,0,0,0,0,,0,0,0,,,1,,1,,39 57:34.415,4,0,75 11:49.307,3,0,0,0,67301,0,0,0,N,0,0,0,2,67301,0,,1,100,1,N,N,Y,1,,1,0,0,3,2,N,,2,1,0,0,0,0,0,2,0,2,,3,N,Y,8,1,N,N,N,N,N,Y,N,N,0,0,1,0,0,0,0,0,0,0,0,0,0,0,0,0,0,0,0,0,0,0,0,0,0,0,0,0,0,0,0,0,0,0,0,0,0,0,0,0,0,0,0,1,0,0,0,1,0,0,0,0,0,0,0,0,0,0,1,1,1,0,0,0,0,0,0,1,0,0,0,0,0,0,1,0,0,0,0,0,0,0,0,0,0,0,0,0,0,0,0,0,0,0,0,0,0,0,0,1,0,0,0,0,1,0,1,0,0,1,0,0,0,0,0,0,0,0,0,0,0,1,0,1,0,0,0,1,0
-8368452.38,4859226.689,6910,2020100887,,0,0,0,0,0,0,0,0,0,8,0,,67,11,2020,2,39.953763,-75.175085,1250,6,0,0,0,0,0,0,0,0,,0,0,0,,,1,,1,,39 57:13.546,,0,75 10:30.306,3,0,0,0,67301,1,0,0,N,1,0,0,2,67301,0,,1,,9,N,N,N,0,,1,0,0,9,9,,,2,1,0,0,0,0,1,2,0,1,,4,,N,,,,,,,,,,,0,0,0,0,0,0,0,0,0,0,0,0,0,0,0,0,0,0,0,0,0,0,0,0,0,0,0,0,0,0,0,0,0,0,0,0,0,0,0,0,0,0,0,0,0,1,0,0,0,0,0,0,0,0,0,0,0,0,1,1,1,0,0,0,0,0,0,1,0,0,0,0,0,0,0,0,0,0,0,0,0,1,0,0,0,0,0,0,0,0,0,0,0,0,0,0,0,0,0,0,1,0,0,0,0,0,1,0,0,1,0,0,0,0,0,0,0,0,0,0,1,1,0,0,1,0,1,0,0
-8367763.313,4866234.237,6911,2020073388,,2,0,0,0,0,0,0,0,0,4,0,,67,9,2020,2,40.002001,-75.168895,1819,6,0,0,0,0,0,0,0,0,,0,0,0,,,1,,2,,40 00:07.203,,0,75 10:08.022,3,0,0,0,67301,0,0,0,N,0,0,0,2,67301,0,,1,,1,N,N,N,0,,1,0,2,3,3,,,4,1,0,0,0,0,0,2,0,4,,3,,N,,,,,,,,,,,0,0,1,0,0,0,0,0,0,0,0,0,0,0,0,0,0,0,0,0,0,0,0,0,0,0,0,0,0,0,0,0,0,0,0,0,0,0,0,0,0,0,1,0,0,1,0,0,0,0,0,0,0,0,0,0,0,0,1,1,1,0,0,0,0,0,0,1,1,0,0,0,0,0,1,0,0,0,0,0,0,0,0,0,0,0,0,0,0,0,0,0,0,0,0,0,0,0,0,0,0,0,0,0,0,0,0,1,0,1,0,0,0,0,0,0,0,0,0,0,1,1,0,1,0,0,0,0,0