X,Y,objectid,crn,arrival_tm,automobile_count,belted_death_count,belted_susp_serious_inj_count,bicycle_count,bicycle_death_count,bicycle_susp_serious_inj_count,bus_count,chldpas_death_count,chldpas_susp_serious_inj_count,collision_type,comm_veh_count,cons_zone_spd_lim,county,crash_month,crash_year,day_of_week,dec_latitude,dec_longitude,dispatch_tm,district,driver_count_16yr,driver_count_17yr,driver_count_18yr,driver_count_19yr,driver_count_20yr,driver_count_50_64yr,driver_count_65_74yr,driver_count_75plus,est_hrs_closed,fatal_count,heavy_truck_count,horse_buggy_count,hour_of_day,illumination,injury_count,intersection_related_x,intersect_type,lane_closed,latitude,ln_close_dir,location_type,longitude,max_severity_level,mcycle_death_count,mcycle_susp_serious_inj_count,motorcycle_count,municipality,nonmotr_count,nonmotr_death_count,nonmotr_susp_serious_inj_count,ntfy_hiwy_maint,ped_count,ped_death_count,ped_susp_serious_inj_count,person_count,police_agcy,possible_inj_count,rdwy_surf_type_cd,relation_to_road,roadway_cleared,road_condition,sch_bus_ind,sch_zone_ind,secondary_crash,small_truck_count,spec_juris_cd,susp_minor_inj_count,susp_serious_inj_count,suv_count,tcd_func_cd,tcd_type,tfc_detour_ind,time_of_day,total_units,tot_inj_count,unbelted_occ_count,unb_death_count,unb_susp_serious_inj_count,unk_inj_deg_count,unk_inj_per_count,urban_rural,van_count,vehicle_count,weather1,weather2,workers_pres,work_zone_ind,work_zone_loc,work_zone_type,wz_close_detour,wz_flagger,wz_law_offcr_ind,wz_ln_closure,wz_moving,wz_other,wz_shlder_mdn,wz_workers_inj_killed,aggressive_driving,alcohol_related,angle_crash,atv,atv_route,backup_congestion,backup_nonrecurring,backup_prior,bicycle,cell_phone,child_passenger,comm_vehicle,core_network,cross_median,curved_road,curve_dvr_error,deer_related,distracted,drinking_driver,driver_16yr,driver_17yr,driver_18yr,driver_19yr,driver_20yr,driver_50_64yr,driver_65_74yr,driver_75plus,drugged_driver,drug_related,fatal,fatal_or_susp_serious_inj,fatigue_asleep,federal_aid_route,fire_in_vehicle,hazardous_truck,hit_barrier,hit_bridge,hit_deer,hit_embankment,hit_fixed_object,hit_gdrail,hit_gdrail_end,hit_parked_vehicle,hit_pole,hit_roadway_equipment,hit_run,hit_temp_construction_barrier,hit_traffic_island,hit_tree_shrub,hit_utility_pole,horse_buggy,ho_oppdir_sdswp,hvy_truck_related,icy_road,illegal_drug_related,illumination_dark,impaired_driver,impaired_nonmotorist,injury,injury_or_fatal,intersection,intersection_related_y,interstate,lane_departure,left_turn,limit_65mph,limit_70mph,local_road,local_road_only,marijuana_drugged_driver,marijuana_related,mature_driver,mc_drinking_driver,motorcycle,multiple_vehicle,nhtsa_agg_driving,non_intersection,no_clearance,opioid_related,other_freeway_expressway,overturned,pedestrian,phantom_vehicle,possible_injury,property_damage_only,psp_reported,ramp,ramp_segment,ramp_terminal,rear_end,roundabout,running_red_lt,running_stop_sign,rural,school_bus,school_bus_related,school_bus_unit,school_zone,shldr_related,signalized_int,single_vehicle,snowmobile,snow_slush_road,speeding,speeding_related,speed_change_lane,state_road,stop_controlled_int,sudden_deer,suspected_minor_injury,suspected_serious_injury,sv_run_off_rd,tailgating,train,train_trolley,trolley,turnpike,unbelted,underage_drnk_drv,unlicensed,unsignalized_int,urban,vehicle_failure,vehicle_towed,vulnerable_road_user,vulnerable_road_user_fatal,wet_road,work_zone,young_driver
-8371004.826,4859648.85,7327,2020112074,47,0,0,0,0,0,0,0,0,0,4,0,,67,12,2020,6,39.95667,-75.198014,46,6,0,0,0,0,0,1,0,0,,0,0,0,,,3,,1,,39 57:24.012,6,0,75 11:52.849,4,0,0,0,67301,0,0,0,N,0,0,0,3,67301,2,,1,355,9,N,N,N,0,,0,0,2,3,2,Y,,2,3,0,0,0,1,0,2,0,2,,8,,N,,,,,,,,,,,1,0,1,0,0,0,0,0,0,0,0,0,0,0,0,0,0,0,0,0,0,0,0,0,1,0,0,0,0,0,0,0,0,0,0,0,0,0,0,0,0,0,0,0,0,0,0,0,0,0,0,0,0,0,0,1,0,0,1,1,1,0,0,0,0,0,0,0,0,0,0,0,0,0,1,0,0,0,0,0,0,0,0,1,0,0,0,0,0,0,0,0,0,0,0,0,0,0,0,1,0,0,0,0,1,0,1,0,0,0,0,0,0,0,0,0,0,0,0,0,0,1,0,1,0,0,1,0,0
-8365125.374,4871313.8,7328,2020084938,2331,1,0,0,0,0,0,0,0,0,4,0,,67,10,2020,2,40.036946,-75.145198,2331,6,0,0,0,0,0,0,0,0,,0,0,0,,,0,,2,,40 02:13.006,,0,75 08:42.711,0,0,0,0,67301,0,0,0,N,0,0,0,3,67301,0,,1,,9,N,N,N,0,,0,0,1,3,2,,,2,0,0,0,0,0,0,2,0,2,,,,N,,,,,,,,,,,1,0,1,0,0,0,0,0,0,0,0,0,0,0,0,0,0,0,0,0,0,0,0,0,0,0,0,0,0,0,0,0,0,0,0,0,0,0,0,0,0,0,0,0,0,0,0,0,0,0,0,0,0,0,0,1,0,0,0,0,1,0,0,0,1,0,0,1,0,0,0,0,0,0,1,0,0,0,0,0,0,0,0,0,1,0,0,0,0,0,0,0,0,0,0,0,0,0,0,1,0,0,0,0,0,0,1,0,0,0,0,0,0,0,0,0,0,0,0,0,0,1,0,1,0,0,1,0,0
-8374303.223,4859729.885,7329,2020084332,220,0,0,0,0,0,0,0,0,0,5,0,,67,10,2020,7,39.957228,-75.227644,215,6,0,0,0,0,0,0,0,0,,0,0,0,,,0,N,0,,39 57:26.021,,0,75 13:39.517,0,0,0,0,67301,0,0,0,N,0,0,0,1,67301,0,,6,,1,N,N,N,0,,0,0,3,0,0,,,3,0,1,0,0,0,0,2,0,3,,3,,N,,,,,,,,,,,1,0,0,0,0,0,0,0,0,0,0,0,0,0,0,0,0,1,0,0,0,0,0,0,0,0,0,0,0,0,0,0,0,0,0,0,0,0,0,0,0,0,1,0,0,1,0,0,0,0,0,0,0,0,0,1,0,0,0,0,0,0,0,0,0,0,0,0,0,0,0,0,0,0,1,0,1,0,0,0,0,0,0,0,1,0,0,0,0,0,0,0,0,0,0,0,0,0,0,0,0,0,0,0,1,0,1,0,0,0,0,0,0,0,0,0,0,1,0,0,0,1,1,1,0,0,0,0,0
-8362477.973,4871070.265,7330,2020084337,1353,2,0,0,0,0,0,0,0,0,4,0,,67,10,2020,6,40.035271,-75.121416,1338,6,0,0,0,0,0,0,0,0,,0,0,0,,,4,,1,,40 02:06.975,,0,75 07:17.097,3,0,0,0,67301,0,0,0,N,0,0,0,4,67301,1,,1,,1,N,N,N,0,,3,0,0,3,2,,,2,4,0,0,0,0,0,2,0,2,,,,N,,,,,,,,,,,1,0,1,0,0,0,0,0,0,0,0,0,0,0,0,0,0,0,0,0,0,0,0,0,0,0,0,0,0,0,0,0,0,0,0,0,0,0,0,0,0,0,0,0,0,0,0,0,0,0,0,0,0,0,0,0,0,0,1,1,1,0,0,0,0,0,0,1,0,0,0,0,0,0,1,0,0,0,0,0,0,0,0,1,0,0,0,0,0,0,0,1,0,0,0,0,0,0,0,1,0,0,0,0,0,0,1,0,0,1,0,0,0,0,0,0,0,0,0,0,0,1,0,0,0,0,0,0,0
-8366939.214,4856817.943,7331,2020100445,9,2,0,1,0,0,0,0,0,0,4,0,,67,11,2020,4,39.937174,-75.161492,2355,6,0,0,0,0,0,0,0,0,,0,0,0,,,1,,1,,39 56:13.826,,0,75 09:41.371,2,0,0,0,67301,0,0,0,N,0,0,0,2,67301,0,,1,,1,N,N,N,0,,0,1,0,3,2,,,2,1,0,0,0,0,1,2,0,2,,3,,N,,,,,,,,,,,1,0,1,0,0,0,0,0,0,0,0,0,0,0,0,0,0,0,0,0,0,0,0,0,0,0,0,0,0,0,1,0,0,0,0,0,0,0,0,0,0,0,0,0,0,1,0,0,0,0,0,0,0,0,0,0,0,0,1,1,1,0,0,0,0,0,0,1,1,0,0,0,0,0,1,0,0,0,0,0,0,0,0,0,0,0,0,0,0,0,0,0,0,0,0,0,0,0,0,1,0,0,0,0,0,0,0,0,0,0,1,0,0,0,0,0,0,0,0,0,0,1,0,1,0,0,0,0,0
-8350009.296,4874708.943,7332,2020111410,253,0,0,0,0,0,0,0,0,0,1,0,,67,12,2020,2,40.060293,-75.009408,248,6,0,0,0,0,0,0,0,0,,0,0,0,,,0,N,0,,40 03:37.054,,0,75 00:33.870,0,0,0,0,67301,0,0,0,N,0,0,0,2,67301,0,,6,,7,N,N,N,0,,0,0,1,0,0,,,2,0,0,0,0,0,0,2,1,2,,,,N,,,,,,,,,,,0,0,0,0,0,0,0,0,0,0,0,0,0,0,0,0,0,0,0,0,0,0,0,0,0,0,0,0,0,0,0,0,0,0,0,0,0,0,0,0,0,0,1,0,0,0,0,0,0,0,0,0,0,0,0,1,0,0,0,0,0,0,0,0,0,0,0,0,0,0,0,0,0,0,1,0,1,0,0,0,0,0,0,0,1,0,0,0,0,1,0,0,0,0,0,0,0,0,0,0,0,0,1,0,0,0,1,0,0,0,0,0,0,0,0,0,0,0,0,0,0,1,0,1,0,0,0,0,0
-8365807.762,4859631.568,7333,2020101678,1010,2,0,0,0,0,0,0,0,0,4,0,,67,11,2020,3,39.956551,-75.151328,1005,6,0,0,0,0,0,1,0,0,,0,0,0,,,2,,1,,39 57:23.583,,0,75 09:04.780,3,0,0,0,67301,0,0,0,N,0,0,0,3,67301,1,,1,,1,N,N,N,0,,1,0,0,3,2,,,2,2,0,0,0,0,0,2,0,2,,3,,N,,,,,,,,,,,1,0,1,0,0,0,0,0,0,0,0,0,0,0,0,0,0,0,0,0,0,0,0,0,1,0,0,0,0,0,0,0,1,0,0,0,0,0,0,0,0,0,0,0,0,0,0,0,0,0,0,0,0,0,0,0,0,0,1,1,1,0,0,0,0,0,0,1,0,0,0,0,0,0,1,0,0,0,0,0,0,0,0,1,0,0,0,0,0,0,0,0,0,0,0,0,0,0,0,1,0,0,0,0,0,0,1,0,0,1,0,0,0,0,0,0,0,0,0,0,0,1,0,1,0,0,0,0,0
-8352618.403,4881236.957,7334,2020084154,1648,0,0,0,0,0,0,0,0,0,8,0,,67,10,2020,5,40.105161,-75.032846,1643,6,0,0,0,0,0,0,1,0,,0,0,0,,,1,,1,,40 06:18.580,,0,75 01:58.246,3,0,0,0,67301,1,0,0,N,1,0,0,2,67301,0,,1,,1,N,N,N,0,,1,0,1,3,2,,,2,1,1,0,0,0,0,2,0,1,,3,,N,,,,,,,,,,,0,0,0,0,0,0,0,0,0,0,0,0,0,0,0,0,0,0,0,0,0,0,0,0,0,1,0,0,0,0,0,0,0,0,0,0,0,0,0,0,0,0,0,0,0,0,0,0,0,0,0,0,0,0,0,0,0,0,1,1,1,0,0,0,0,0,0,1,0,0,0,1,0,0,0,0,0,0,0,0,0,1,0,0,0,0,0,0,0,0,0,0,0,0,0,0,0,0,0,1,1,0,0,0,0,0,1,0,0,1,0,0,0,0,0,0,0,1,0,0,0,1,0,0,1,0,0,0,0
-8367020.366,4862718.804,7335,2020103482,1620,3,0,0,0,0,0,0,0,0,4,0,,67,12,2020,3,39.977806,-75.162221,1618,6,0,0,0,0,0,0,0,0,,0,0,0,,,0,,1,,39 58:40.101,,0,75 09:43.997,9,0,0,0,67301,0,0,0,N,0,0,0,2,67505,0,,1,,1,N,N,Y,0,,0,0,2,3,3,,,6,0,1,0,0,0,1,2,0,6,,3,,N,,,,,,,,,,,0,0,1,0,0,0,0,0,0,0,0,0,0,0,0,0,0,0,0,0,0,0,0,0,0,0,0,1,1,0,0,1,0,0,0,0,0,0,0,0,0,0,1,0,0,1,0,0,0,0,0,0,0,0,1,0,1,0,0,0,1,0,0,0,0,0,0,1,1,0,0,0,0,0,1,0,0,0,0,0,0,0,0,0,0,0,0,0,0,0,0,0,0,0,0,0,0,0,0,0,0,0,0,0,0,0,0,1,0,0,0,0,0,0,0,0,0,1,0,0,1,1,0,1,0,0,0,0,0
-8368304.993,4863264.018,7336,2020108263,1434,1,0,0,0,0,0,0,0,0,7,0,,67,12,2020,7,39.981559,-75.173761,1432,6,0,0,0,0,0,0,1,0,,0,0,0,,,0,N,0,,39 58:53.611,,0,75 10:25.538,0,0,0,0,67301,0,0,0,N,0,0,0,1,67301,0,,4,,1,N,N,N,0,,0,0,0,3,2,,,1,0,1,0,0,0,0,2,0,1,,3,,N,,,,,,,,,,,1,0,0,0,0,0,0,0,0,0,0,0,0,0,0,0,0,0,0,0,0,0,0,0,0,1,0,0,0,0,0,0,0,0,0,0,0,0,0,1,0,0,0,0,0,0,0,0,0,0,0,0,0,0,0,0,0,0,0,0,0,0,0,1,0,0,0,0,0,0,0,1,0,0,0,0,1,0,0,0,0,0,0,0,1,0,0,0,0,0,0,0,0,0,0,0,0,0,0,0,1,0,0,0,0,0,1,0,0,0,0,1,0,0,0,0,0,1,0,0,0,1,0,1,0,0,0,0,0
-8373642.43,4859623.29,7337,2020083561,210,2,0,0,0,0,0,0,0,0,1,0,,67,10,2020,5,39.956494,-75.221708,200,6,0,0,0,0,0,0,0,0,,0,0,0,,,2,N,0,,39 57:23.378,,0,75 13:18.148,4,0,0,0,67301,0,0,0,N,0,0,0,4,67301,2,,6,,1,N,N,N,0,,0,0,0,0,0,,,2,2,0,0,0,0,0,2,0,2,,3,,N,,,,,,,,,,,0,0,0,0,0,0,0,0,0,0,0,0,0,0,0,0,0,0,0,0,0,0,0,0,0,0,0,0,0,0,0,0,0,0,0,0,0,0,0,0,0,0,1,0,0,0,0,0,0,0,0,0,0,0,0,1,0,0,1,1,0,0,0,0,0,0,0,0,0,0,0,0,0,0,1,0,1,0,0,0,0,0,0,1,0,0,0,0,0,1,0,0,0,0,0,0,0,0,0,0,0,0,0,0,0,0,1,0,0,0,0,0,0,0,0,0,0,0,0,0,0,1,0,1,0,0,0,0,0
-8375417.086,4863646.106,7338,2020083351,2210,0,0,0,0,0,0,0,0,0,1,0,,67,10,2020,3,39.984189,-75.23765,2200,6,0,0,0,0,0,0,0,0,,0,0,0,,,1,N,0,,39 59:03.080,,0,75 14:15.540,3,0,0,0,67301,0,0,0,N,0,0,0,2,67301,0,,1,,1,N,N,N,0,,1,0,1,0,0,,,2,1,0,0,0,0,0,2,1,2,,3,,N,,,,,,,,,,,1,0,0,0,0,0,0,0,0,0,0,0,0,0,0,0,0,0,0,0,0,0,0,0,0,0,0,0,0,0,0,0,0,0,0,0,0,0,0,0,0,0,0,0,0,1,0,0,0,0,0,0,0,0,0,0,0,0,1,1,0,0,0,0,0,0,0,1,1,0,0,0,0,0,1,0,1,0,0,0,0,0,0,0,0,0,0,0,0,1,0,0,0,0,0,0,0,0,0,0,0,0,0,0,0,0,0,0,0,1,0,0,1,0,0,0,0,0,0,0,0,1,0,0,0,0,0,0,0
-8367791.699,4869751.497,7339,2020084407,1650,1,0,0,0,0,0,0,0,0,1,0,,67,10,2020,6,40.0262,-75.16915,1649,6,0,0,0,0,0,1,1,0,,0,0,0,,,4,,1,,40 01:34.321,,0,75 10:08.941,2,0,0,0,67301,0,0,0,N,0,0,0,5,67301,0,,1,,1,N,N,N,2,,3,1,0,3,2,,,3,4,2,0,1,0,0,2,0,3,,3,,N,,,,,,,,,,,0,0,0,0,0,0,0,0,0,0,0,0,0,0,0,0,0,0,0,0,0,0,0,0,1,1,0,0,0,0,1,0,0,0,0,0,0,0,0,0,0,0,0,0,0,0,0,0,0,0,0,0,0,0,0,0,0,0,1,1,1,0,0,0,0,0,0,1,0,0,0,1,0,0,1,0,0,0,0,0,0,0,0,0,0,0,0,0,0,1,0,0,0,0,0,0,0,0,0,1,0,0,0,0,0,0,1,0,0,1,1,0,0,0,0,0,0,1,0,0,0,1,0,1,0,0,0,0,0
-8364085.093,4864029.082,7340,2020106646,1548,3,0,0,0,0,0,0,0,0,1,0,,67,12,2020,4,39.986825,-75.135853,1543,6,0,0,0,0,0,1,0,0,,0,0,0,,,0,,1,,39 59:12.570,,0,75 08:09.070,9,0,0,0,67301,0,0,0,N,0,0,0,3,67301,0,,1,,9,N,N,Y,0,,0,0,0,3,2,,,3,0,1,0,0,0,2,2,0,3,,,,N,,,,,,,,,,,0,0,0,0,0,0,0,0,0,0,0,0,0,0,0,0,0,0,0,0,0,0,0,0,1,0,0,0,0,0,0,0,0,0,0,0,0,0,0,0,0,0,0,0,0,1,0,0,0,0,0,0,0,0,0,0,0,0,0,0,1,0,0,0,0,0,0,1,1,0,0,0,0,0,1,0,0,0,0,0,0,0,0,0,0,0,0,0,0,1,0,0,0,0,0,0,0,0,0,1,0,0,0,0,0,0,0,0,0,0,0,0,0,0,0,0,0,1,0,0,0,1,0,1,0,0,1,0,0
-8366257.382,4867825.055,7341,2020112991,1846,1,0,0,0,0,0,0,0,0,8,0,,67,12,2020,2,40.012947,-75.155367,1841,6,0,0,0,0,0,0,0,0,,0,0,0,,,1,,1,,40 00:46.609,,0,75 09:19.321,3,0,0,0,67301,1,0,0,N,1,0,0,2,67301,0,,1,,1,N,N,N,0,,1,0,0,3,3,,,2,1,0,0,0,0,0,2,0,1,,3,,N,,,,,,,,,,,0,0,0,0,0,0,0,0,0,0,0,0,0,0,0,0,0,0,0,0,0,0,0,0,0,0,0,0,0,0,0,0,0,0,0,0,0,0,0,0,0,0,0,0,0,1,0,0,0,0,0,0,0,0,0,1,0,0,1,1,1,0,0,0,0,0,0,1,1,0,0,0,0,0,0,0,0,0,0,0,0,1,0,0,0,0,0,0,0,0,0,0,0,0,0,0,0,0,0,0,1,0,0,0,0,0,0,1,0,1,0,0,0,0,0,0,0,0,0,0,1,1,0,0,1,0,0,0,0
-8369743.13,4864548.359,7342,2020111935,2007,1,0,0,0,0,0,0,0,0,1,0,,67,12,2020,5,39.990399,-75.18668,1959,6,0,0,0,0,0,0,0,0,,0,0,0,,,0,N,0,,39 59:25.437,,0,75 11:12.048,0,0,0,0,67301,0,0,0,N,0,0,0,2,67301,0,,1,,9,N,N,N,0,,0,0,1,0,0,,,2,0,1,0,0,0,0,2,0,2,,7,,N,,,,,,,,,,,0,1,0,0,0,0,0,0,0,0,0,0,0,0,0,0,0,0,1,0,0,0,0,0,0,0,0,0,0,0,0,0,0,0,0,0,0,0,0,0,0,0,0,0,0,0,0,0,0,0,0,0,0,0,0,1,1,0,0,0,0,0,0,0,0,0,0,0,0,0,0,0,0,0,1,0,1,0,0,0,0,0,0,0,1,0,0,0,0,1,0,0,0,0,0,0,0,0,0,0,0,0,0,0,0,0,1,0,0,0,0,0,0,0,0,0,0,1,0,0,0,1,0,1,0,0,1,0,0
-8365544.047,4868811.414,7343,2020090644,1846,2,0,0,0,0,0,0,0,0,2,0,,67,10,2020,2,40.019733,-75.148959,1842,6,0,0,0,0,0,0,0,0,,0,0,0,,,1,N,0,,40 01:11.040,,3,75 08:56.251,3,0,0,0,67301,0,0,0,N,0,0,0,5,67301,0,,1,,9,N,N,N,0,,1,0,0,0,0,,,2,1,0,0,0,0,0,2,0,2,,,,N,,,,,,,,,,,0,0,0,0,0,0,0,0,0,0,1,0,0,0,0,0,0,0,0,0,0,0,0,0,0,0,0,0,0,0,0,0,0,0,0,0,0,0,0,0,0,0,0,0,0,1,0,0,0,0,0,1,0,0,0,1,0,0,1,1,0,0,0,1,0,0,0,0,0,0,0,0,0,0,1,0,1,0,0,0,0,0,0,0,0,0,0,0,0,0,0,0,0,0,0,0,0,0,0,0,0,0,0,0,0,0,1,0,0,1,0,0,0,0,0,0,0,0,0,0,0,1,0,1,0,0,1,0,0
-8357727.412,4865311.488,7344,2020104393,919,1,0,0,0,0,0,0,0,0,4,0,,67,12,2020,5,39.995651,-75.078741,910,6,0,0,0,0,0,1,0,0,,0,0,0,,,1,,1,,39 59:44.343,,0,75 04:43.467,3,0,0,0,67301,0,0,0,N,0,0,0,2,67301,0,,1,,1,N,N,N,1,,1,0,0,3,3,,,2,1,0,0,0,0,0,2,0,2,,,,N,,,,,,,,,,,0,0,1,0,0,0,0,0,0,0,0,0,0,0,0,0,0,0,0,0,0,0,0,0,1,0,0,0,0,0,0,0,0,0,0,0,0,0,0,0,0,0,0,0,0,0,0,0,0,0,0,0,0,0,0,0,0,0,1,1,1,0,0,0,0,0,0,1,1,0,0,0,0,0,1,0,0,0,0,0,0,0,0,0,0,0,0,0,0,0,0,0,0,0,0,0,0,0,0,0,0,0,0,0,0,0,0,1,0,1,0,0,0,0,0,0,0,0,0,0,1,1,0,1,0,0,0,0,0
-8366820.659,4876890.87,7345,2020106886,2145,1,0,0,0,0,0,0,0,0,4,0,,67,12,2020,5,40.075293,-75.160427,2139,6,0,0,0,0,0,1,0,0,,0,0,0,,,1,,1,,40 04:31.053,,0,75 09:37.536,3,0,0,0,67301,0,0,0,N,0,0,0,2,67301,0,,1,,1,N,N,N,0,,1,0,1,3,2,,,2,1,0,0,0,0,0,2,0,2,,3,,N,,,,,,,,,,,0,0,1,0,0,0,0,0,0,0,0,0,0,0,0,0,0,0,0,0,0,0,0,0,1,0,0,0,0,0,0,0,0,0,0,0,0,0,0,0,0,0,0,0,0,0,0,0,0,0,0,0,0,0,0,1,0,0,1,1,1,0,0,0,0,0,0,1,0,0,0,0,0,0,1,0,0,0,0,0,0,0,0,0,0,0,0,0,0,0,0,0,0,0,0,0,0,0,0,1,0,0,0,0,0,0,1,0,0,1,0,0,0,0,0,0,0,0,0,0,0,1,0,1,0,0,0,0,0
-8374445.378,4854476.113,7346,2020099980,820,1,0,0,0,0,0,0,0,0,6,0,,67,11,2020,6,39.921042,-75.228921,808,6,0,0,0,0,0,0,0,0,,0,0,0,,,1,,1,,39 55:15.752,,0,75 13:44.116,3,0,0,0,67301,0,0,0,N,0,0,0,2,67301,0,,1,,1,N,N,N,1,,1,0,1,3,2,,,3,1,1,0,0,0,1,2,0,3,,3,,N,,,,,,,,,,,0,0,0,0,0,0,0,0,0,0,0,0,0,0,0,0,0,0,0,0,0,0,0,0,0,0,0,0,0,0,0,0,0,0,0,0,0,0,0,0,0,0,1,0,0,0,0,0,0,0,0,1,0,0,0,0,0,0,1,1,1,0,0,0,0,0,0,1,0,0,0,0,0,0,1,0,0,0,0,0,0,0,0,0,0,0,0,0,0,0,0,0,0,0,0,0,0,0,0,1,0,0,0,0,0,0,1,0,0,1,0,0,0,0,0,0,0,1,0,0,0,1,1,1,0,0,0,0,0
-8368284.733,4856756.675,7347,2020083696,1635,2,0,0,0,0,0,0,0,0,4,0,,67,10,2020,5,39.936752,-75.173579,1627,6,0,0,0,0,0,0,0,0,,0,0,0,,,0,,1,,39 56:12.307,,0,75 10:24.884,0,0,0,0,67301,0,0,0,N,0,0,0,2,67301,0,,1,,1,N,N,N,0,,0,0,0,3,3,,,2,0,0,0,0,0,0,2,0,2,,3,,N,,,,,,,,,,,1,0,1,0,0,0,0,0,0,0,0,0,0,0,0,0,0,0,0,0,0,0,0,0,0,0,0,0,0,0,0,0,0,0,0,0,0,0,0,0,0,0,0,0,0,1,0,0,0,0,0,0,0,0,0,0,0,0,0,0,1,0,0,0,0,0,0,1,1,0,0,0,0,0,1,1,0,0,0,0,0,0,0,0,1,0,0,0,0,0,0,0,1,0,0,0,0,0,0,0,0,0,0,1,1,0,0,1,0,0,0,0,0,0,0,0,0,0,0,0,1,1,0,1,0,0,0,0,0
-8355059.306,4870393.196,7348,2020106638,859,0,0,0,0,0,0,0,0,0,4,0,,67,12,2020,4,40.030614,-75.054773,855,6,0,0,0,0,0,0,0,0,,0,0,0,,,1,,1,,40 01:50.211,1,0,75 03:17.181,3,0,0,0,67301,0,0,0,N,0,0,0,4,67301,0,,1,35,1,N,N,N,0,,1,0,1,3,2,N,,2,1,0,0,0,0,0,2,1,2,,3,,N,,,,,,,,,,,0,0,1,0,0,0,0,0,0,0,0,0,0,0,0,0,0,0,0,0,0,0,0,0,0,0,0,0,0,0,0,0,0,0,0,0,0,0,0,0,0,0,0,0,0,0,0,0,0,0,0,0,0,0,0,0,0,0,1,1,1,0,0,0,0,0,0,1,0,0,0,0,0,0,1,0,0,0,0,0,0,0,0,0,0,0,0,0,0,0,0,0,0,0,0,0,0,0,0,1,0,0,0,0,0,0,1,0,0,1,0,0,0,0,0,0,0,0,0,0,0,1,0,1,0,0,0,0,0
-8369484.647,4871016.906,7349,2020106817,1908,1,0,0,0,0,0,0,0,0,4,0,,67,12,2020,4,40.034904,-75.184358,1906,6,0,0,0,0,0,1,0,0,,0,0,0,,,1,,1,,40 02:05.655,3,0,75 11:03.688,3,0,0,0,67301,0,0,0,N,0,0,0,2,67301,0,,1,1935,9,N,N,N,0,,1,0,1,3,2,N,,2,1,0,0,0,0,0,2,0,2,,98,,N,,,,,,,,,,,1,0,1,0,0,0,0,0,0,0,0,0,0,0,0,0,0,0,0,0,0,0,0,0,1,0,0,0,0,0,0,1,0,0,0,0,0,0,0,0,0,0,0,0,0,0,0,0,0,0,0,0,0,0,0,1,0,0,1,1,1,0,0,0,0,0,0,1,0,0,0,0,0,0,1,0,0,0,0,0,0,0,0,0,0,0,0,0,0,0,0,0,0,0,0,0,0,0,0,1,0,0,0,1,1,0,1,0,0,1,0,0,0,0,0,0,0,0,0,0,0,1,0,0,0,0,1,0,0
-8364555.084,4866225.373,7350,2020083916,820,2,0,0,0,0,0,0,0,0,4,0,,67,10,2020,4,40.00194,-75.140075,815,6,0,0,0,0,0,1,0,0,,0,0,0,,,0,,1,,40 00:06.984,,0,75 08:24.270,0,0,0,0,67301,0,0,0,N,0,0,0,2,67301,0,,1,,1,N,N,N,0,,0,0,0,3,3,,,2,0,0,0,0,0,0,2,0,2,,3,,N,,,,,,,,,,,1,0,1,0,0,0,0,0,0,0,0,0,0,0,0,0,0,0,0,0,0,0,0,0,1,0,0,0,0,0,0,0,0,0,0,0,0,0,0,0,0,0,0,0,0,0,0,0,0,0,0,0,0,0,0,0,0,0,0,0,1,0,0,0,0,0,0,1,1,0,0,0,0,0,1,0,0,0,0,0,0,0,0,0,1,0,0,0,0,0,0,0,0,0,0,0,0,0,0,0,0,0,0,0,0,0,0,1,0,0,0,0,0,0,0,0,0,0,0,0,1,1,0,1,0,0,0,0,0
-8357907.75,4866674.862,7351,2020086191,1550,2,0,0,0,0,0,0,0,0,4,0,,67,10,2020,2,40.005033,-75.080361,1537,6,0,0,0,1,0,0,0,0,,0,0,0,,,2,,1,,40 00:18.118,,0,75 04:49.299,3,0,0,0,67301,0,0,0,N,0,0,0,3,67301,0,,1,,9,N,N,N,0,,2,0,1,3,3,,,3,2,0,0,0,0,0,2,0,3,,7,,N,,,,,,,,,,,0,0,1,0,0,0,0,0,0,0,1,0,0,0,0,0,0,0,0,0,0,0,1,0,0,0,0,0,0,0,0,0,0,0,0,0,0,0,0,0,0,0,1,0,0,0,0,0,0,0,0,0,0,0,0,0,0,0,1,1,1,0,0,0,0,0,0,1,1,0,0,0,0,0,1,0,0,0,0,0,0,0,0,0,0,0,0,0,0,0,0,0,0,0,0,0,0,0,0,0,0,0,0,0,0,0,0,1,0,1,0,0,0,0,0,0,0,0,0,0,1,1,0,1,0,0,1,0,1
-8371072.842,4859204.325,7352,2020108752,1643,1,0,0,0,0,0,0,0,0,4,0,,67,12,2020,4,39.953609,-75.198625,1643,6,0,0,0,0,0,0,0,0,,0,0,0,,,0,,1,,39 57:12.991,,0,75 11:55.051,0,0,0,0,67301,0,0,0,N,0,0,0,4,67504,0,,1,,7,N,N,N,1,,0,0,0,1,2,N,,2,0,0,0,0,0,0,2,0,2,,2,,N,,,,,,,,,,,1,0,1,0,0,0,0,0,0,0,0,0,0,0,0,0,0,0,0,0,0,0,0,0,0,0,0,0,0,0,0,0,0,0,0,0,0,0,0,0,0,0,0,0,0,0,0,0,0,0,0,0,0,0,0,1,0,0,0,0,1,0,0,0,0,0,0,1,0,0,0,0,0,0,1,0,0,0,0,0,0,0,0,0,1,0,0,0,0,0,0,0,0,0,0,0,0,0,0,1,0,0,1,0,1,0,1,0,0,0,0,0,0,0,0,0,0,0,0,0,0,1,0,1,0,0,0,0,0