X,Y,objectid,crn,arrival_tm,automobile_count,belted_death_count,belted_susp_serious_inj_count,bicycle_count,bicycle_death_count,bicycle_susp_serious_inj_count,bus_count,chldpas_death_count,chldpas_susp_serious_inj_count,collision_type,comm_veh_count,cons_zone_spd_lim,county,crash_month,crash_year,day_of_week,dec_latitude,dec_longitude,dispatch_tm,district,driver_count_16yr,driver_count_17yr,driver_count_18yr,driver_count_19yr,driver_count_20yr,driver_count_50_64yr,driver_count_65_74yr,driver_count_75plus,est_hrs_closed,fatal_count,heavy_truck_count,horse_buggy_count,hour_of_day,illumination,injury_count,intersection_related_x,intersect_type,lane_closed,latitude,ln_close_dir,location_type,longitude,max_severity_level,mcycle_death_count,mcycle_susp_serious_inj_count,motorcycle_count,municipality,nonmotr_count,nonmotr_death_count,nonmotr_susp_serious_inj_count,ntfy_hiwy_maint,ped_count,ped_death_count,ped_susp_serious_inj_count,person_count,police_agcy,possible_inj_count,rdwy_surf_type_cd,relation_to_road,roadway_cleared,road_condition,sch_bus_ind,sch_zone_ind,secondary_crash,small_truck_count,spec_juris_cd,susp_minor_inj_count,susp_serious_inj_count,suv_count,tcd_func_cd,tcd_type,tfc_detour_ind,time_of_day,total_units,tot_inj_count,unbelted_occ_count,unb_death_count,unb_susp_serious_inj_count,unk_inj_deg_count,unk_inj_per_count,urban_rural,van_count,vehicle_count,weather1,weather2,workers_pres,work_zone_ind,work_zone_loc,work_zone_type,wz_close_detour,wz_flagger,wz_law_offcr_ind,wz_ln_closure,wz_moving,wz_other,wz_shlder_mdn,wz_workers_inj_killed,aggressive_driving,alcohol_related,angle_crash,atv,atv_route,backup_congestion,backup_nonrecurring,backup_prior,bicycle,cell_phone,child_passenger,comm_vehicle,core_network,cross_median,curved_road,curve_dvr_error,deer_related,distracted,drinking_driver,driver_16yr,driver_17yr,driver_18yr,driver_19yr,driver_20yr,driver_50_64yr,driver_65_74yr,driver_75plus,drugged_driver,drug_related,fatal,fatal_or_susp_serious_inj,fatigue_asleep,federal_aid_route,fire_in_vehicle,hazardous_truck,hit_barrier,hit_bridge,hit_deer,hit_embankment,hit_fixed_object,hit_gdrail,hit_gdrail_end,hit_parked_vehicle,hit_pole,hit_roadway_equipment,hit_run,hit_temp_construction_barrier,hit_traffic_island,hit_tree_shrub,hit_utility_pole,horse_buggy,ho_oppdir_sdswp,hvy_truck_related,icy_road,illegal_drug_related,illumination_dark,impaired_driver,impaired_nonmotorist,injury,injury_or_fatal,intersection,intersection_related_y,interstate,lane_departure,left_turn,limit_65mph,limit_70mph,local_road,local_road_only,marijuana_drugged_driver,marijuana_related,mature_driver,mc_drinking_driver,motorcycle,multiple_vehicle,nhtsa_agg_driving,non_intersection,no_clearance,opioid_related,other_freeway_expressway,overturned,pedestrian,phantom_vehicle,possible_injury,property_damage_only,psp_reported,ramp,ramp_segment,ramp_terminal,rear_end,roundabout,running_red_lt,running_stop_sign,rural,school_bus,school_bus_related,school_bus_unit,school_zone,shldr_related,signalized_int,single_vehicle,snowmobile,snow_slush_road,speeding,speeding_related,speed_change_lane,state_road,stop_controlled_int,sudden_deer,suspected_minor_injury,suspected_serious_injury,sv_run_off_rd,tailgating,train,train_trolley,trolley,turnpike,unbelted,underage_drnk_drv,unlicensed,unsignalized_int,urban,vehicle_failure,vehicle_towed,vulnerable_road_user,vulnerable_road_user_fatal,wet_road,work_zone,young_driver
-8353205.391,4872140.412,7870,2020090139,1324,1,0,0,0,0,0,0,0,0,1,0,,67,10,2020,2,40.042631,-75.038119,1319,6,0,0,0,0,0,0,0,0,,0,0,0,13,,1,N,0,,40 02:33.470,,0,75 02:17.230,3,0,0,0,67301,0,0,0,N,0,0,0,2,67301,0,,1,,9,N,N,N,0,,1,0,1,,0,,1318,2,1,0,0,0,0,1,2,0,2,,,,N,,,,,,,,,,,1,0,0,0,0,0,0,0,0,0,0,0,0,0,0,0,0,0,0,0,0,0,0,0,0,0,0,0,0,0,0,0,0,0,0,0,0,0,0,0,0,0,0,0,0,1,0,0,0,0,0,0,0,0,0,0,0,0,1,1,0,0,0,1,0,0,0,1,1,0,0,0,0,0,1,0,1,0,0,0,0,0,0,0,0,0,0,0,0,1,0,0,0,0,0,0,0,0,0,0,0,0,0,0,1,0,0,0,0,1,0,0,0,0,0,0,0,0,0,0,0,1,0,0,0,0,1,0,0
-8362351.291,4871971.884,7871,2020065785,530,1,0,0,0,0,0,0,0,0,6,0,,67,8,2020,6,40.041472,-75.120278,511,6,0,0,0,0,0,0,0,0,,0,0,0,4,,0,Y,0,,40 02:29.300,,0,75 07:13.000,0,0,0,0,67301,0,0,0,N,0,0,0,2,67301,0,,1,,1,N,N,N,0,,0,0,0,,2,,433,2,0,0,0,0,0,0,2,1,2,,3,,N,,,,,,,,,,,0,0,0,0,0,0,0,0,0,0,0,0,0,0,0,0,0,0,0,0,0,0,0,0,0,0,0,0,0,0,0,0,0,0,0,0,0,0,0,0,0,0,0,0,0,1,0,0,0,0,0,1,0,0,0,1,0,0,0,0,0,0,0,1,0,0,0,1,1,0,0,0,0,0,1,0,1,0,0,0,0,0,0,0,1,0,0,0,0,0,0,0,0,0,0,0,0,0,0,0,0,0,0,0,0,0,0,0,0,0,0,0,0,0,0,0,0,0,0,0,0,1,1,1,0,0,0,0,0
-8359597.024,4869455.523,7872,2020068789,2200,2,0,0,0,0,0,0,0,0,4,0,,67,8,2020,2,40.024164,-75.095536,2200,6,0,0,0,0,0,0,0,0,,0,0,0,21,,2,,1,,40 01:26.990,,0,75 05:43.929,2,0,1,1,67301,0,0,0,N,0,0,0,5,67301,0,,1,,1,N,N,N,0,,1,1,1,,2,,2155,4,2,0,0,0,0,2,2,0,4,,3,,N,,,,,,,,,,,1,0,1,0,0,0,0,0,0,0,0,0,0,0,0,0,0,0,0,0,0,0,0,0,0,0,0,0,0,0,1,0,0,0,0,0,0,0,0,0,0,0,0,0,0,1,0,0,0,0,0,0,0,0,0,1,0,0,1,1,1,0,0,0,0,0,0,1,1,0,0,0,0,1,1,0,0,0,0,0,0,0,0,0,0,0,0,0,0,0,0,0,0,0,0,0,0,0,0,1,0,0,0,1,1,0,0,0,0,1,1,0,0,0,0,0,0,0,0,0,0,1,0,1,0,0,0,0,0
-8371795.862,4863985.495,7873,2020112993,,1,0,0,0,0,0,0,0,0,4,0,,67,1,2020,5,39.986525,-75.20512,,6,0,0,0,0,0,0,0,0,,0,0,0,15,,0,,2,,39 59:11.490,,0,75 12:18.431,0,0,0,0,67301,0,0,0,N,0,0,0,2,0,0,,1,,1,,,N,0,,0,0,1,,3,,1500,2,0,0,0,0,0,0,2,0,2,,,,N,,,,,,,,,,,1,0,1,0,0,0,0,0,0,0,0,0,0,0,0,0,0,0,0,0,0,0,0,0,0,0,0,0,0,0,0,0,0,0,0,0,0,0,0,0,0,0,0,0,0,0,0,0,0,0,0,0,0,0,0,0,0,0,0,0,1,0,0,0,1,0,0,1,1,0,0,0,0,0,1,0,0,0,0,0,0,0,0,0,1,0,0,0,0,0,0,0,0,0,0,0,0,0,0,0,0,0,0,0,0,0,0,1,0,0,0,0,0,0,0,0,0,0,0,0,1,1,0,1,0,0,0,0,0
-8374030.824,4850439.306,7874,2020092336,12,1,0,0,0,0,0,0,0,0,7,0,,67,10,2020,5,39.893225,-75.225197,8,6,0,0,0,0,0,0,0,0,,0,0,0,22,,0,N,0,,39 53:35.610,3,0,75 13:30.710,0,0,0,0,67301,0,0,0,N,0,0,0,1,67301,0,,4,120,9,N,N,N,0,,0,0,0,,0,N,2223,1,0,0,0,0,0,0,2,0,1,,7,,N,,,,,,,,,,,0,0,0,0,0,0,0,0,0,0,0,0,0,0,0,0,0,0,0,0,0,0,0,0,0,0,0,0,0,0,0,0,0,0,0,0,0,0,0,1,1,0,0,0,0,0,0,0,0,0,0,0,0,0,0,1,0,0,0,0,0,0,0,1,0,0,0,1,1,0,0,0,0,0,0,0,1,0,0,0,0,0,0,0,1,0,0,0,0,0,0,0,0,0,0,0,0,0,0,0,1,0,0,0,0,0,0,0,0,0,0,1,0,0,0,0,0,0,0,0,0,1,0,1,0,0,1,0,0
-8362960.432,4865406.665,7875,2020089009,1230,2,0,0,0,0,0,0,0,0,5,0,,67,10,2020,4,39.996306,-75.12575,1225,6,0,0,0,0,0,0,0,0,,0,0,0,12,,1,N,0,,39 59:46.700,,0,75 07:32.700,2,0,0,0,67301,0,0,0,N,0,0,0,1,67301,0,,1,,1,N,N,Y,0,,0,1,0,,0,,1220,3,1,0,0,0,0,0,2,1,3,,3,,N,,,,,,,,,,,0,0,0,0,0,0,0,0,0,0,0,0,0,0,0,0,0,0,0,0,0,0,0,0,0,0,0,0,0,0,1,0,0,0,0,0,0,0,0,0,0,0,1,0,0,0,0,0,0,0,0,0,0,0,0,0,0,0,1,1,0,0,0,1,0,0,0,1,1,0,0,0,0,0,1,0,1,0,0,0,0,0,0,0,0,0,0,0,0,0,0,0,0,0,0,0,0,0,0,0,0,0,0,0,0,0,0,0,0,0,1,0,0,0,0,0,0,0,0,0,0,1,0,1,0,0,0,0,0
-8366510.745,4858294.717,7876,2020094084,1640,0,0,0,0,0,0,0,0,0,8,0,,67,10,2020,6,39.947345,-75.157643,1635,6,0,0,0,0,0,0,0,0,,0,0,0,22,,1,,1,,39 56:50.441,,0,75 09:27.514,3,0,0,0,67301,1,0,0,N,1,0,0,2,67301,0,,1,,99,N,N,N,0,,1,0,0,,2,,2230,2,1,0,0,0,0,0,2,0,1,,3,,N,,,,,,,,,,,0,0,0,0,0,0,0,0,0,0,0,0,0,0,0,0,0,0,0,0,0,0,0,0,0,0,0,0,0,0,0,0,0,0,0,0,0,0,0,0,0,0,0,0,0,0,0,0,0,0,0,0,0,0,0,1,0,0,1,1,1,0,0,0,0,0,0,1,1,0,0,0,0,0,0,0,0,0,0,0,0,1,0,0,0,0,0,0,0,0,0,0,0,0,0,0,0,0,0,1,1,0,0,0,0,0,0,0,0,1,0,0,0,0,0,0,0,0,0,0,0,1,0,0,1,0,0,0,0
-8365601.153,4863723.543,7877,2020066736,351,1,0,0,0,0,0,0,0,0,7,0,,67,8,2020,4,39.984722,-75.149472,350,6,0,0,0,0,0,0,0,0,,0,0,0,3,,1,N,0,,39 59:05.000,,0,75 08:58.100,8,0,0,0,67301,0,0,0,N,0,0,0,1,67505,0,,4,,1,N,N,N,0,,0,0,0,,0,,349,1,1,0,0,0,1,0,2,0,1,,3,,N,,,,,,,,,,,1,1,0,0,0,0,0,0,0,0,0,0,0,0,0,0,0,0,1,0,0,0,0,0,0,0,0,0,0,0,0,0,0,0,0,0,0,0,0,1,0,0,0,1,0,0,0,0,0,1,0,0,0,0,0,1,1,0,1,1,0,0,0,1,0,0,0,1,1,0,0,0,0,0,0,0,1,0,0,0,0,0,0,0,0,0,0,0,0,0,0,0,0,0,0,0,0,0,0,0,1,0,0,1,1,0,0,0,0,0,0,1,0,0,0,0,0,0,0,0,0,1,0,1,0,0,0,0,0
-8353218.304,4871420.231,7878,2020092342,750,1,0,0,0,0,0,0,0,0,5,0,,67,10,2020,7,40.037678,-75.038235,727,6,0,0,0,0,0,0,0,0,,0,2,0,7,,0,N,0,,40 02:15.639,1,0,75 02:17.645,0,0,0,0,67301,0,0,0,N,0,0,0,1,67301,0,,6,900,1,N,N,N,0,,0,0,0,,0,N,726,3,0,1,0,0,0,0,2,0,3,,3,,N,,,,,,,,,,,0,0,0,0,0,0,0,0,0,0,0,0,0,0,0,0,0,1,0,0,0,0,0,0,0,0,0,0,0,0,0,1,0,0,0,0,0,0,0,0,0,0,1,0,0,0,0,0,0,0,0,0,1,0,0,0,0,0,0,0,0,0,0,0,0,0,0,0,0,0,0,0,0,0,1,0,1,0,0,0,0,0,0,0,1,0,0,0,0,0,0,0,0,0,0,0,0,0,0,0,0,0,0,0,0,0,1,0,0,0,0,0,0,0,0,0,0,1,0,0,0,1,0,1,0,0,0,0,0
-8358572.55,4877341.28,7879,2020066712,1925,2,0,0,0,0,0,0,0,0,4,0,,67,8,2020,2,40.078389,-75.086333,1905,6,0,0,0,0,0,0,1,0,,0,0,0,18,,1,N,0,,40 04:42.200,,7,75 05:10.800,3,0,0,0,67301,0,0,0,N,0,0,0,2,67301,0,,6,,1,N,N,N,1,,1,0,0,,0,,1847,3,1,0,0,0,0,0,2,0,3,,3,,N,,,,,,,,,,,0,0,1,0,0,0,0,0,0,0,0,0,0,0,0,0,0,0,0,0,0,0,0,0,0,1,0,0,0,0,0,0,0,0,0,0,0,0,0,0,0,0,1,0,0,0,0,0,0,0,0,0,0,0,0,0,0,0,1,1,0,0,0,0,0,0,0,1,1,0,0,1,0,0,1,0,1,0,0,0,0,0,0,0,0,0,0,0,0,0,0,0,0,0,0,0,0,0,0,0,0,0,0,0,0,0,0,0,0,1,0,0,0,0,0,0,0,0,0,0,0,1,0,0,0,0,0,0,0
-8367887.99,4856976.63,7880,2020069461,242,2,0,0,0,0,0,0,0,0,4,0,,67,8,2020,4,39.938267,-75.170015,230,6,0,0,0,0,0,0,0,0,,0,0,0,2,,0,,1,,39 56:17.761,1,0,75 10:12.053,0,0,0,1,67301,0,0,0,N,0,0,0,2,67301,0,,1,100,1,N,N,N,0,,0,0,0,,2,N,230,3,0,0,0,0,0,0,2,0,3,,3,,N,,,,,,,,,,,1,0,1,0,0,0,0,0,0,0,0,0,0,0,0,0,0,0,0,0,0,0,0,0,0,0,0,0,0,0,0,0,0,0,0,0,0,0,0,0,0,0,1,0,0,1,0,0,0,0,0,0,0,0,0,1,0,0,0,0,1,0,0,0,0,0,0,1,1,0,0,0,0,1,1,0,0,0,0,0,0,0,0,0,1,0,0,0,0,0,0,1,0,0,0,0,0,0,0,1,0,0,0,0,0,0,0,0,0,0,0,0,0,0,0,0,0,0,0,0,0,1,0,1,0,0,0,0,0
-8363224.704,4870861.774,7881,2020077075,1012,0,0,0,0,0,0,0,0,0,4,0,,67,9,2020,7,40.033837,-75.128124,1010,6,0,0,0,0,0,0,0,0,,0,0,0,8,,0,,1,,40 02:01.813,,0,75 07:41.246,0,0,0,0,67301,0,0,0,N,0,0,0,2,67301,0,,1,,1,N,N,N,1,,0,0,1,,2,,817,2,0,2,0,0,0,0,2,0,2,,3,,N,,,,,,,,,,,1,0,1,0,0,0,0,0,0,0,0,0,0,0,0,0,0,0,0,0,0,0,0,0,0,0,0,0,0,0,0,0,0,0,0,0,0,0,0,0,0,0,0,0,0,0,0,0,0,0,0,0,0,0,0,0,0,0,0,0,1,0,0,0,0,0,0,1,1,0,0,0,0,0,1,0,0,0,0,0,0,0,0,0,1,0,0,0,0,0,0,1,0,0,0,0,0,0,0,1,0,0,0,0,0,0,0,0,0,0,0,0,0,0,0,0,0,1,0,1,0,1,0,1,0,0,0,0,0
-8365042.775,4863271.427,7882,2020086809,954,0,0,0,1,0,0,0,0,0,8,0,,67,10,2020,5,39.98161,-75.144456,954,6,0,0,0,0,0,0,0,0,,0,0,0,9,,1,,1,,39 58:53.796,,0,75 08:40.041,4,0,0,0,67301,1,0,0,N,0,0,0,2,67301,1,,1,,1,N,N,N,0,,0,0,1,,2,,947,2,1,0,0,0,0,0,2,0,1,,,,N,,,,,,,,,,,0,0,0,0,0,0,0,0,1,0,0,0,0,0,0,0,0,0,0,0,0,0,0,0,0,0,0,0,0,0,0,0,0,0,0,0,0,0,0,0,0,0,0,0,0,1,0,0,0,0,0,0,0,0,0,0,0,0,1,1,1,0,0,0,0,0,0,1,1,0,0,0,0,0,0,0,0,0,0,0,0,0,0,1,0,0,0,0,0,0,0,0,0,0,0,0,0,0,0,1,1,0,0,0,0,0,0,0,0,0,0,0,0,0,0,0,0,0,0,0,0,1,0,0,1,0,0,0,0
-8365126.487,4872965.2,7883,2020066458,1210,1,0,0,0,0,0,0,0,0,8,0,,67,8,2020,2,40.048303,-75.145208,2009,6,0,0,0,0,0,0,0,0,,0,0,0,12,,1,N,0,,40 02:53.890,,0,75 08:42.750,2,0,0,0,67301,1,0,1,N,1,0,1,2,67301,0,,6,,1,N,N,N,0,,0,1,0,,0,,1204,2,1,0,0,0,0,0,2,0,1,,3,,N,,,,,,,,,,,0,0,0,0,0,0,0,0,0,0,0,0,0,0,0,0,0,0,0,0,0,0,0,0,0,0,0,0,0,0,1,0,0,0,0,0,0,0,0,0,0,0,0,0,0,0,0,0,0,0,0,0,0,0,0,0,0,0,1,1,0,0,0,0,0,0,0,1,1,0,0,0,0,0,0,0,1,0,0,0,0,1,0,0,0,0,0,0,0,0,0,0,0,0,0,0,0,0,0,0,1,0,0,0,0,0,0,0,0,0,1,0,0,0,0,0,0,0,0,0,0,1,0,0,1,0,0,0,0
-8363821.265,4865633.06,7884,2020097806,1940,1,0,0,0,0,0,0,0,0,5,0,,67,11,2020,6,39.997864,-75.133483,1925,6,0,0,0,0,0,0,0,0,,0,0,0,19,,1,N,0,,39 59:52.310,,0,75 08:00.540,4,0,0,0,67301,0,0,0,N,0,0,0,1,67301,1,,2,,1,N,N,N,0,,0,0,1,,0,,1917,2,1,1,0,0,0,0,2,0,2,,3,,N,,,,,,,,,,,0,1,0,0,0,0,0,0,0,0,0,0,0,0,0,0,0,0,1,0,0,0,0,0,0,0,0,0,0,0,0,0,0,0,0,0,0,0,0,0,0,0,1,0,0,0,0,0,0,0,0,0,0,0,0,1,1,0,1,1,0,0,0,1,0,0,0,1,1,0,0,0,0,0,1,0,1,0,0,0,0,0,0,1,0,0,0,0,0,0,0,0,0,0,0,0,0,0,0,0,0,0,0,0,0,0,0,0,0,0,0,1,0,0,0,0,0,1,0,0,0,1,0,1,0,0,0,0,0
-8375073.554,4857990.08,7885,2020077044,220,2,0,0,0,0,0,0,0,0,5,0,,67,9,2020,7,39.945247,-75.234564,219,6,0,0,0,0,0,1,0,0,,0,0,0,1,,1,N,0,,39 56:42.890,,0,75 14:04.430,3,0,0,0,67301,0,0,0,N,0,0,0,1,67301,0,,6,,1,N,N,N,0,,1,0,0,,0,,150,4,1,0,0,0,0,0,2,2,4,,3,,N,,,,,,,,,,,0,0,0,0,0,0,0,0,0,0,0,0,0,0,0,0,0,0,0,0,0,0,0,0,1,0,0,0,0,0,0,0,0,0,0,0,0,0,0,0,0,0,1,0,0,0,0,0,0,0,0,0,0,0,0,1,0,0,1,1,0,0,0,0,0,0,0,1,1,0,0,0,0,0,1,0,1,0,0,0,0,0,0,0,0,0,0,0,0,0,0,0,0,0,0,0,0,0,0,0,0,0,0,0,0,0,0,0,0,1,0,0,0,0,0,0,0,0,0,0,0,1,1,1,0,0,0,0,0
-8363949.06,4864681.743,7886,2020065783,305,1,0,0,0,0,0,0,0,0,1,0,,67,8,2020,7,39.991317,-75.134631,300,6,0,0,0,0,0,0,0,0,,0,0,0,2,,2,N,0,,39 59:28.741,,0,75 08:04.671,3,0,0,0,67301,0,0,0,N,0,0,0,2,67301,0,,1,,1,N,N,N,0,,2,0,1,,0,,222,2,2,2,0,0,0,0,2,0,2,,3,,N,,,,,,,,,,,0,1,0,0,0,0,0,0,0,0,0,0,0,0,0,0,0,0,1,0,0,0,0,0,0,0,0,0,0,0,0,0,0,0,0,0,0,0,0,0,0,0,0,0,0,0,0,0,0,0,0,0,0,0,0,1,1,0,1,1,0,0,0,0,0,0,0,0,0,0,0,0,0,0,1,0,1,0,0,0,0,0,0,0,0,0,0,0,0,1,0,0,0,0,0,0,0,0,0,0,0,0,0,0,0,0,1,0,0,1,0,0,0,0,0,0,0,1,0,0,0,1,0,1,0,0,0,0,0
-8363495.322,4869515.414,7887,2020069027,1927,2,0,0,0,0,0,0,0,0,1,0,,67,8,2020,4,40.024576,-75.130555,1923,6,0,0,0,0,0,0,1,0,,0,0,0,18,,0,,1,,40 01:28.473,,0,75 07:49.998,0,0,0,0,67301,0,0,0,N,0,0,0,3,67301,0,,1,,1,N,N,N,0,,0,0,0,,2,,1820,3,0,0,0,0,0,0,2,1,3,,,,N,,,,,,,,,,,0,0,0,0,0,0,0,0,0,0,0,0,1,0,0,0,0,0,0,0,0,0,0,0,0,1,0,0,0,0,0,0,0,0,0,0,0,0,0,0,0,0,0,0,0,0,0,0,0,0,0,0,0,0,0,0,0,0,0,0,1,0,0,0,0,0,0,1,0,0,0,1,0,0,1,0,0,0,0,0,0,0,0,0,1,0,0,0,0,1,0,0,0,0,0,0,0,0,0,1,0,0,0,0,0,0,1,0,0,0,0,0,0,0,0,0,0,0,0,0,0,1,0,1,0,0,0,0,0
-8368471.639,4871907.324,7888,2020077119,1044,1,0,0,0,0,0,0,0,0,6,0,,67,9,2020,7,40.041028,-75.175258,1043,6,0,0,0,0,0,0,0,0,,0,0,0,10,,0,N,0,,40 02:27.700,,0,75 10:30.930,0,0,0,0,67301,0,0,0,N,0,0,0,1,67301,0,,6,,1,N,N,N,1,,0,0,0,,0,,1042,2,0,0,0,0,0,0,2,0,2,,3,,N,,,,,,,,,,,0,0,0,0,0,0,0,0,0,0,0,0,0,0,0,0,0,0,0,0,0,0,0,0,0,0,0,0,0,0,0,0,0,0,0,0,0,0,0,0,0,0,1,0,0,0,0,0,0,0,0,1,0,0,0,0,0,0,0,0,0,0,0,0,0,0,0,1,1,0,0,0,0,0,1,0,1,0,0,0,0,0,0,0,1,0,0,0,0,0,0,0,0,0,0,0,0,0,0,0,0,0,0,0,0,0,0,0,0,0,0,0,0,0,0,0,0,0,0,0,0,1,0,1,0,0,0,0,0
-8364813.234,4873107.131,7889,2020066209,2356,1,0,0,0,0,0,0,0,0,5,0,,67,8,2020,1,40.049279,-75.142394,2356,6,0,0,0,0,0,0,0,0,,0,0,0,23,,6,N,0,,40 02:57.404,,0,75 08:32.619,4,0,0,0,67301,0,0,0,N,0,0,0,8,67301,6,,1,,1,N,N,N,0,,0,0,1,,0,,2326,2,6,3,0,0,0,1,2,0,2,,,,N,,,,,,,,,,,0,0,0,0,0,0,0,0,0,0,1,0,0,0,0,0,0,0,0,0,0,0,0,0,0,0,0,1,1,0,0,0,0,0,0,0,0,0,0,0,0,0,0,0,0,0,0,0,0,0,0,0,0,0,1,1,1,0,1,1,0,0,0,0,0,0,0,0,0,0,0,0,0,0,1,0,1,0,0,0,0,0,0,1,0,0,0,0,0,0,0,0,0,0,0,0,0,0,0,0,0,0,0,0,0,0,1,0,0,0,0,0,0,0,0,0,0,1,0,0,0,1,0,1,0,0,0,0,0
-8367660.899,4865029.594,7890,2020079247,1954,2,0,0,0,0,0,0,0,0,6,0,,67,9,2020,3,39.993711,-75.167975,1954,6,0,0,0,0,0,1,0,0,,0,0,0,19,,2,N,0,,39 59:37.360,,0,75 10:04.710,8,0,0,0,67301,0,0,0,N,0,0,0,3,67301,0,,1,,1,N,N,N,0,,0,0,1,,0,,1954,3,2,0,0,0,2,1,2,0,3,,3,,N,,,,,,,,,,,0,0,0,0,0,0,0,0,0,0,0,0,0,1,0,0,0,0,0,0,0,0,0,0,1,0,0,0,0,0,0,0,0,0,0,0,0,0,0,0,0,0,1,0,0,0,0,0,0,0,0,1,0,0,0,1,0,0,1,1,0,0,0,1,0,0,0,1,1,0,0,0,0,0,1,0,1,0,0,0,0,0,0,0,0,0,0,0,0,0,0,0,0,0,0,0,0,0,0,0,0,0,0,0,0,0,0,0,0,0,0,0,0,0,0,0,0,0,0,0,0,1,0,1,0,0,0,0,0
-8363463.707,4866434.492,7891,2020066574,2059,0,0,0,0,0,0,0,0,0,8,0,,67,8,2020,1,40.003379,-75.130271,2055,6,0,0,0,0,0,0,0,0,,0,0,0,20,,1,,1,,40 00:12.164,,0,75 07:48.975,3,0,0,0,67301,1,0,0,N,1,0,0,2,67301,0,,1,,1,N,N,N,0,,1,0,0,,3,,2049,2,1,0,0,0,0,0,2,0,1,,3,,N,,,,,,,,,,,0,0,0,0,0,0,0,0,0,0,0,0,0,0,0,0,0,0,0,0,0,0,0,0,0,0,0,0,0,0,0,0,0,0,0,0,0,0,0,0,0,0,0,0,0,1,0,0,0,0,0,0,0,0,0,1,0,0,1,1,1,0,0,0,0,0,0,1,1,0,0,0,0,0,0,0,0,0,0,0,0,1,0,0,0,0,0,0,0,0,0,0,0,0,0,0,0,0,0,0,1,0,0,0,0,0,0,1,0,1,0,0,0,0,0,0,0,0,0,0,1,1,0,0,1,0,0,0,0
-8375392.15,4853919.189,7892,2020069925,1730,1,0,0,1,0,0,0,0,0,8,0,,67,8,2020,2,39.917205,-75.237426,1725,6,0,0,0,0,0,0,0,0,,0,0,0,14,,1,,1,,39 55:01.939,,0,75 14:14.734,8,0,0,0,67301,1,0,0,N,0,0,0,2,67301,0,,1,,1,N,N,N,0,,0,0,0,,2,,1427,2,1,0,0,0,1,1,2,0,1,,,,N,,,,,,,,,,,1,0,0,0,0,0,0,0,1,0,0,0,0,0,0,0,0,0,0,0,0,0,0,0,0,0,0,0,0,0,0,0,0,0,0,0,0,0,0,0,0,0,0,0,0,1,0,0,0,0,0,0,0,0,0,0,0,0,1,1,1,0,0,0,0,0,0,1,0,0,0,0,0,0,0,0,0,0,0,0,0,0,0,0,0,0,0,0,0,0,0,0,0,0,0,0,0,0,0,1,1,0,0,0,0,0,1,0,0,0,0,0,0,0,0,0,0,0,0,0,0,1,0,0,1,0,0,0,0
-8367446.385,4854892.266,7893,2020089566,2045,1,0,0,0,0,0,0,0,0,4,0,,67,10,2020,6,39.923909,-75.166048,2022,6,0,0,0,0,0,0,0,0,,0,0,0,20,,0,,1,,39 55:26.074,,0,75 09:57.773,0,0,0,0,67301,0,0,0,N,0,0,0,1,67301,0,,1,,1,N,N,N,0,,0,0,2,,2,,2000,3,0,0,0,0,0,0,2,0,3,,3,,N,,,,,,,,,,,0,0,1,0,0,0,0,0,0,0,0,0,0,0,0,0,0,0,0,0,0,0,0,0,0,0,0,0,0,0,0,0,0,0,0,0,0,0,0,0,0,0,1,0,0,0,0,0,0,0,0,0,0,0,0,1,0,0,0,0,1,0,0,0,0,0,0,1,0,0,0,0,0,0,1,0,0,0,0,0,0,0,0,0,1,0,0,0,0,0,0,0,0,0,0,0,0,0,0,1,0,0,0,0,0,0,1,0,0,0,0,0,0,0,0,0,0,0,0,0,0,1,1,1,0,0,0,0,0
-8363107.039,4864739.427,7894,2020067103,1549,0,0,0,0,0,0,0,0,0,4,0,,67,8,2020,4,39.991714,-75.127067,1547,6,0,0,0,0,0,0,0,0,,0,0,0,15,,1,,2,,39 59:30.170,,7,75 07:37.440,2,0,1,1,67301,0,0,0,N,0,0,0,2,67301,0,,1,,1,N,N,N,0,,0,1,0,,3,,1546,2,1,1,0,0,0,0,2,1,2,,3,,N,,,,,,,,,,,1,0,1,0,0,0,0,0,0,0,0,0,0,0,0,0,0,1,0,0,0,0,0,0,0,0,0,0,0,0,1,0,0,0,0,0,0,0,0,0,0,0,0,0,0,0,0,0,0,0,0,0,0,0,0,0,0,0,1,1,1,0,0,0,0,0,0,1,1,0,0,0,0,1,1,0,0,0,0,0,0,0,0,0,0,0,0,0,0,0,0,0,1,0,0,0,0,0,0,0,0,0,0,0,1,0,0,1,0,0,1,0,0,0,0,0,0,1,0,0,1,1,1,0,0,0,0,0,0