X,Y,objectid,crn,arrival_tm,automobile_count,belted_death_count,belted_susp_serious_inj_count,bicycle_count,bicycle_death_count,bicycle_susp_serious_inj_count,bus_count,chldpas_death_count,chldpas_susp_serious_inj_count,collision_type,comm_veh_count,cons_zone_spd_lim,county,crash_month,crash_year,day_of_week,dec_latitude,dec_longitude,dispatch_tm,district,driver_count_16yr,driver_count_17yr,driver_count_18yr,driver_count_19yr,driver_count_20yr,driver_count_50_64yr,driver_count_65_74yr,driver_count_75plus,est_hrs_closed,fatal_count,heavy_truck_count,horse_buggy_count,hour_of_day,illumination,injury_count,intersection_related_x,intersect_type,lane_closed,latitude,ln_close_dir,location_type,longitude,max_severity_level,mcycle_death_count,mcycle_susp_serious_inj_count,motorcycle_count,municipality,nonmotr_count,nonmotr_death_count,nonmotr_susp_serious_inj_count,ntfy_hiwy_maint,ped_count,ped_death_count,ped_susp_serious_inj_count,person_count,police_agcy,possible_inj_count,rdwy_surf_type_cd,relation_to_road,roadway_cleared,road_condition,sch_bus_ind,sch_zone_ind,secondary_crash,small_truck_count,spec_juris_cd,susp_minor_inj_count,susp_serious_inj_count,suv_count,tcd_func_cd,tcd_type,tfc_detour_ind,time_of_day,total_units,tot_inj_count,unbelted_occ_count,unb_death_count,unb_susp_serious_inj_count,unk_inj_deg_count,unk_inj_per_count,urban_rural,van_count,vehicle_count,weather1,weather2,workers_pres,work_zone_ind,work_zone_loc,work_zone_type,wz_close_detour,wz_flagger,wz_law_offcr_ind,wz_ln_closure,wz_moving,wz_other,wz_shlder_mdn,wz_workers_inj_killed,aggressive_driving,alcohol_related,angle_crash,atv,atv_route,backup_congestion,backup_nonrecurring,backup_prior,bicycle,cell_phone,child_passenger,comm_vehicle,core_network,cross_median,curved_road,curve_dvr_error,deer_related,distracted,drinking_driver,driver_16yr,driver_17yr,driver_18yr,driver_19yr,driver_20yr,driver_50_64yr,driver_65_74yr,driver_75plus,drugged_driver,drug_related,fatal,fatal_or_susp_serious_inj,fatigue_asleep,federal_aid_route,fire_in_vehicle,hazardous_truck,hit_barrier,hit_bridge,hit_deer,hit_embankment,hit_fixed_object,hit_gdrail,hit_gdrail_end,hit_parked_vehicle,hit_pole,hit_roadway_equipment,hit_run,hit_temp_construction_barrier,hit_traffic_island,hit_tree_shrub,hit_utility_pole,horse_buggy,ho_oppdir_sdswp,hvy_truck_related,icy_road,illegal_drug_related,illumination_dark,impaired_driver,impaired_nonmotorist,injury,injury_or_fatal,intersection,intersection_related_y,interstate,lane_departure,left_turn,limit_65mph,limit_70mph,local_road,local_road_only,marijuana_drugged_driver,marijuana_related,mature_driver,mc_drinking_driver,motorcycle,multiple_vehicle,nhtsa_agg_driving,non_intersection,no_clearance,opioid_related,other_freeway_expressway,overturned,pedestrian,phantom_vehicle,possible_injury,property_damage_only,psp_reported,ramp,ramp_segment,ramp_terminal,rear_end,roundabout,running_red_lt,running_stop_sign,rural,school_bus,school_bus_related,school_bus_unit,school_zone,shldr_related,signalized_int,single_vehicle,snowmobile,snow_slush_road,speeding,speeding_related,speed_change_lane,state_road,stop_controlled_int,sudden_deer,suspected_minor_injury,suspected_serious_injury,sv_run_off_rd,tailgating,train,train_trolley,trolley,turnpike,unbelted,underage_drnk_drv,unlicensed,unsignalized_int,urban,vehicle_failure,vehicle_towed,vulnerable_road_user,vulnerable_road_user_fatal,wet_road,work_zone,young_driver
-8369861.129,4863843.549,8984,2021015541,,1,0,0,0,0,0,0,0,0,8,0,,67,2,2021,2,39.985548,-75.18774,,6,0,0,0,0,0,0,0,0,,1,0,0,,,0,N,0,,39 59:07.971,,0,75 11:15.865,1,0,0,0,67301,1,1,0,N,1,1,0,2,67301,0,2,1,,1,N,N,N,0,0,0,0,0,,0,,,2,0,0,0,0,0,0,2,0,1,,3,,N,,,,,,,,,,,1,0,0,0,0,0,0,0,0,0,0,0,0,0,0,0,0,0,0,0,0,0,0,0,0,0,0,1,1,1,1,0,0,0,0,0,0,0,0,0,0,0,0,0,0,1,0,0,0,0,0,0,0,0,1,1,1,0,0,1,0,0,0,0,0,0,0,0,0,0,0,0,0,0,0,0,1,0,0,0,0,1,0,0,0,0,0,0,0,0,0,0,0,0,0,0,0,0,0,0,1,0,0,0,0,0,1,0,0,0,0,0,0,0,0,0,0,0,0,0,0,1,0,1,1,1,0,0,0
-8363000.618,4869634.182,8985,2021041967,,2,0,0,0,0,0,0,0,0,4,0,,67,5,2021,1,40.025393,-75.126111,,6,0,0,0,0,0,1,0,0,,0,0,0,,,0,N,0,,40 01:31.414,,0,75 07:33.998,0,0,0,0,67301,0,0,0,N,0,0,0,2,67301,0,,1,,9,N,N,N,0,,0,0,0,,2,,,2,0,0,0,0,0,0,2,0,2,,,,N,,,,,,,,,,,0,0,1,0,0,0,0,0,0,0,0,0,1,0,0,0,0,0,0,0,0,0,0,0,1,0,0,0,0,0,0,0,0,0,0,0,0,0,0,0,0,0,0,0,0,0,0,0,0,0,0,0,0,0,0,1,0,0,0,0,0,0,0,0,0,0,0,0,0,0,0,0,0,0,1,0,1,0,0,0,0,0,0,0,1,0,0,0,0,0,0,0,0,0,0,0,0,0,0,0,0,0,0,0,0,0,1,0,0,0,0,0,0,0,0,0,0,0,0,0,0,1,0,1,0,0,1,0,0
-8373067.91,4860268.835,8986,2021014940,,0,0,0,0,0,0,0,0,0,7,0,,67,2,2021,6,39.960939,-75.216547,,6,0,0,0,0,0,0,0,0,,0,0,0,,,0,N,0,,39 57:39.380,,0,75 12:59.570,0,0,0,0,67301,0,0,0,N,0,0,0,1,67301,0,,6,,2,N,N,N,0,,0,0,1,,0,,,1,0,0,0,0,0,0,2,0,1,,98,,N,,,,,,,,,,,0,0,0,0,0,0,0,0,0,0,0,0,0,0,0,0,0,0,0,0,0,0,0,0,0,0,0,0,0,0,0,0,0,0,0,0,0,0,0,1,0,0,0,0,0,0,0,0,0,0,0,0,0,1,0,0,0,0,0,0,0,0,0,1,0,0,0,1,1,0,0,0,0,0,0,0,1,0,0,0,0,0,0,0,1,0,0,0,0,0,0,0,0,0,0,0,0,0,0,0,1,0,0,0,0,0,0,0,0,0,0,1,0,0,0,0,0,0,0,0,0,1,0,1,0,0,0,0,0
-8356120.404,4871221.911,8987,2021014683,,1,0,0,0,0,0,0,1,0,4,0,,67,2,2021,5,40.036314,-75.064305,,6,0,0,0,0,0,0,0,0,,1,0,0,,,2,N,1,,40 02:10.729,6,0,75 03:51.497,1,0,0,0,67301,0,0,0,N,0,0,0,5,67301,1,2,1,300,1,N,N,N,0,0,0,1,1,,2,Y,,2,2,0,0,0,0,1,2,0,2,,3,,N,,,,,,,,,,,1,0,1,0,0,0,0,0,0,0,1,0,1,0,0,0,0,0,0,0,0,0,0,0,0,0,0,0,0,1,1,0,0,0,0,0,0,0,0,0,0,0,0,0,0,0,0,0,0,0,0,0,0,0,0,1,0,0,1,1,1,0,0,0,1,0,0,0,0,0,0,0,0,0,1,0,0,0,0,0,0,0,0,1,0,0,0,0,0,0,0,1,0,0,0,0,0,0,0,1,0,0,0,0,0,0,1,0,0,0,1,0,0,0,0,0,0,0,0,0,0,1,0,1,0,0,0,0,0
-8370170.486,4866498.29,8988,2021015920,,2,0,0,0,0,0,0,0,0,4,0,,67,1,2021,7,40.003818,-75.190519,,6,0,0,0,0,0,0,0,0,,1,0,0,,,3,N,0,,40 00:13.744,5,0,75 11:25.869,1,0,0,0,67301,0,0,0,N,0,0,0,4,67301,0,2,1,300,1,N,N,N,0,0,1,2,0,,0,Y,,2,3,0,0,0,0,0,2,0,2,,3,,N,,,,,,,,,,,1,0,1,0,0,0,0,0,0,0,0,0,0,0,1,0,0,0,0,0,0,0,0,0,0,0,0,0,0,1,1,0,0,0,0,0,0,0,0,0,0,0,0,0,0,0,0,0,0,0,0,0,0,0,0,1,0,0,1,1,0,0,0,0,0,0,0,0,0,0,0,0,0,0,1,0,1,0,0,0,0,0,0,0,0,0,0,0,0,0,0,0,0,0,0,0,0,0,0,0,0,0,0,1,1,0,1,0,0,1,1,0,0,0,0,0,0,0,0,0,0,1,0,1,0,0,0,0,0
-8365556.069,4867706.018,8989,2021015665,,1,0,0,0,0,0,0,0,0,1,0,,67,2,2021,3,40.012128,-75.149067,,6,0,0,0,0,0,1,0,0,,0,0,0,,,1,N,0,,40 00:43.660,,0,75 08:56.640,2,0,0,0,67301,0,0,0,N,0,0,0,1,67301,0,,1,,2,N,N,N,0,,0,1,1,,0,,,2,1,1,0,1,0,0,2,0,2,,3,,N,,,,,,,,,,,0,0,0,0,0,0,0,0,0,0,0,0,0,0,0,0,0,0,0,0,0,0,0,0,1,0,0,0,0,0,1,0,0,0,0,0,0,0,0,0,0,0,1,0,0,0,0,0,0,0,0,0,0,1,0,0,0,0,1,1,0,0,0,0,0,0,0,1,1,0,0,0,0,0,1,0,1,0,0,0,0,0,0,0,0,0,0,0,0,1,0,0,0,0,0,0,0,0,0,0,0,0,0,0,0,0,0,0,0,0,1,0,0,0,0,0,0,1,0,0,0,1,0,0,0,0,0,0,0
-8354608.796,4879731.151,8990,2021003241,,1,0,0,0,0,0,0,0,0,4,0,,67,1,2021,7,40.094814,-75.050726,,6,0,0,0,0,0,1,0,0,,0,0,0,,,3,,1,,40 05:41.329,2,0,75 03:02.612,3,0,0,0,67301,0,0,0,N,0,0,0,3,67301,0,,1,45,1,N,N,N,0,,3,0,1,,2,N,,2,3,0,0,0,0,0,2,0,2,,3,,N,,,,,,,,,,,0,0,1,0,0,0,0,0,0,0,0,0,0,0,0,0,0,0,0,0,0,0,0,0,1,0,0,0,0,0,0,0,0,0,0,0,0,0,0,0,0,0,0,0,0,0,0,0,0,0,0,0,0,0,0,1,0,0,1,1,1,0,0,0,0,0,0,1,0,0,0,0,0,0,1,0,0,0,0,0,0,0,0,0,0,0,0,0,0,0,0,0,0,0,0,0,0,0,0,1,0,0,0,0,0,0,1,0,0,1,0,0,0,0,0,0,0,0,0,0,0,1,0,1,0,0,0,0,0
-8362791.894,4864561.436,8991,2021016667,,1,0,0,0,0,0,0,0,0,4,0,,67,2,2021,3,39.990489,-75.124236,,6,0,0,0,0,0,0,0,0,,0,0,0,,,1,N,0,,39 59:25.760,,1,75 07:27.250,4,0,0,0,67301,0,0,0,N,0,0,0,1,67301,1,,1,,9,N,N,N,0,,0,0,1,,0,,,2,1,0,0,0,0,0,2,0,2,,7,,N,,,,,,,,,,,0,0,1,0,0,0,0,0,0,0,0,0,0,1,0,0,0,0,0,0,0,0,0,0,0,0,0,0,0,0,0,0,0,0,0,0,0,0,0,0,0,0,0,0,0,1,0,0,0,0,0,0,0,0,0,1,0,0,1,1,0,0,0,0,0,0,0,1,1,0,0,0,0,0,1,0,1,0,0,0,0,0,0,1,0,0,0,0,0,0,0,0,0,0,0,0,0,0,0,0,0,0,0,0,0,0,0,0,0,0,0,0,0,0,0,0,0,0,0,0,0,1,0,0,0,0,1,0,0
-8361639.514,4872268.953,8992,2021015919,,0,0,0,0,0,0,0,0,0,7,1,,67,2,2021,2,40.043515,-75.113884,,6,0,0,0,0,0,0,0,0,,0,1,0,,,0,N,0,,40 02:36.654,6,0,75 06:49.981,0,0,0,0,67301,0,0,0,N,0,0,0,1,67301,0,,3,956,1,N,N,N,0,,0,0,0,,0,Y,,1,0,0,0,0,0,0,2,0,1,,,,N,,,,,,,,,,,1,0,0,0,0,0,0,0,0,0,0,1,0,0,1,1,0,0,0,0,0,0,0,0,0,0,0,0,0,0,0,0,0,0,0,1,0,0,0,1,0,0,0,0,0,0,0,0,0,0,0,0,1,0,0,0,0,0,0,0,0,0,0,1,0,0,0,1,1,0,0,0,0,0,0,0,1,0,0,0,0,0,0,0,1,0,0,0,0,0,0,0,0,0,0,0,0,0,0,0,1,0,0,0,0,0,0,0,0,0,0,1,0,0,0,0,0,0,0,0,0,1,0,1,0,0,0,0,0
-8356849.658,4865747.568,8993,2021028652,,0,0,0,0,0,0,0,0,0,8,0,,67,3,2021,7,39.998652,-75.070856,,6,0,0,0,0,0,0,0,1,,0,0,0,,,1,,1,,39 59:55.146,,0,75 04:15.080,3,0,0,0,67301,1,0,0,N,1,0,0,2,67301,0,,1,,1,N,N,N,0,,1,0,1,,2,,,2,1,0,0,0,0,0,2,0,1,,,,N,,,,,,,,,,,0,0,0,0,0,0,0,0,0,0,0,0,0,0,0,0,0,0,0,0,0,0,0,0,0,0,1,0,0,0,0,0,0,0,0,0,0,0,0,0,0,0,0,0,0,0,0,0,0,0,0,0,0,0,0,0,0,0,1,1,1,0,0,0,1,0,0,1,0,0,0,1,0,0,0,0,0,0,0,0,0,1,0,0,0,0,0,0,0,0,0,0,0,0,0,0,0,0,0,1,1,0,0,0,0,0,1,0,0,1,0,0,0,0,0,0,0,0,0,0,0,1,0,0,1,0,0,0,0
-8374481.557,4853626.879,8994,2021015233,,1,0,0,0,0,0,0,0,0,2,0,,67,2,2021,1,39.915191,-75.229246,,6,0,0,0,0,0,0,0,0,,0,0,0,,,1,,11,,39 54:54.689,,0,75 13:45.286,3,0,0,0,67301,0,0,0,N,0,0,0,3,67301,0,,1,,2,N,N,N,1,,1,0,0,,3,,,2,1,0,0,0,0,0,2,0,2,,9,,N,,,,,,,,,,,0,0,0,0,0,0,0,0,0,0,0,0,0,0,1,0,0,1,0,0,0,0,0,0,0,0,0,0,0,0,0,0,0,0,0,0,0,0,0,0,0,0,1,0,0,0,0,0,0,0,0,1,0,1,0,1,0,0,1,1,1,0,0,0,0,0,0,1,1,0,0,0,0,0,1,0,0,0,0,0,0,0,0,0,0,0,0,0,0,0,0,0,0,0,0,0,0,0,0,0,0,0,0,0,0,0,0,1,0,1,0,0,0,0,0,0,0,0,0,0,1,1,0,1,0,0,0,0,0
-8365874.665,4866842.717,8995,2021015527,,2,0,0,0,0,0,0,0,0,4,0,,67,2,2021,2,40.006188,-75.151929,,6,0,0,0,1,0,0,1,0,,0,0,0,,,2,,1,,40 00:22.276,5,0,75 09:06.943,8,0,0,0,67301,0,0,0,N,0,0,0,2,67505,0,,1,1040,1,N,N,N,0,,0,0,0,,2,Y,,2,2,0,0,0,2,0,2,0,2,,3,,N,,,,,,,,,,,0,0,1,0,0,0,0,0,0,0,0,0,0,0,0,0,0,0,0,0,0,0,1,0,0,1,0,0,0,0,0,0,0,0,0,0,0,0,0,0,0,0,0,0,0,0,0,0,0,0,0,0,0,0,0,0,0,0,1,1,1,0,0,0,1,0,0,1,0,0,0,1,0,0,1,0,0,0,0,0,0,0,0,0,0,0,0,0,0,0,0,0,0,0,0,0,0,0,0,1,0,0,0,0,0,0,1,0,0,0,0,0,0,0,0,0,0,0,0,0,0,1,0,1,0,0,0,0,1
-8373366.692,4864841.573,8996,2021015833,,1,0,0,0,0,0,0,0,0,1,0,,67,2,2021,5,39.992417,-75.219231,,6,0,0,0,0,0,0,0,0,,0,0,0,,,1,N,0,,39 59:32.700,,99,75 13:09.230,4,0,0,0,67301,0,0,0,N,0,0,0,2,67301,1,,4,,6,N,N,N,0,,0,0,1,,0,,,2,1,0,0,0,0,1,2,0,2,,4,,N,,,,,,,,,,,0,0,0,0,0,0,0,0,0,0,0,0,0,0,0,0,0,0,0,0,0,0,0,0,0,0,0,0,0,0,0,0,0,0,0,0,0,0,0,0,0,0,1,0,0,1,0,0,0,0,0,0,0,0,0,0,0,0,1,1,0,0,0,1,0,0,0,1,1,0,0,0,0,0,1,0,1,0,0,0,0,0,0,1,0,0,0,0,0,1,0,0,0,0,0,0,0,0,0,0,0,0,1,0,0,0,0,0,0,0,0,1,0,0,0,0,0,0,0,0,0,1,0,1,0,0,0,0,0
-8368315.68,4871047.293,8997,2021002974,,1,0,0,0,0,0,0,0,0,3,0,,67,1,2021,6,40.035113,-75.173857,,6,0,0,0,0,0,0,0,0,,0,0,0,,,1,Y,0,,40 02:06.405,,0,75 10:25.885,3,0,0,0,67301,0,0,0,N,0,0,0,2,67301,0,,1,,1,N,N,N,0,,1,0,1,,2,,,2,1,0,0,0,0,1,2,0,2,,,,N,,,,,,,,,,,0,0,0,0,0,0,0,0,0,0,0,0,0,0,0,0,0,1,0,0,0,0,0,0,0,0,0,0,0,0,0,0,0,0,0,0,0,0,0,0,0,0,0,0,0,0,0,0,0,0,0,0,0,0,0,1,0,0,1,1,0,0,0,0,0,0,0,0,0,0,0,0,0,0,1,0,1,0,0,0,0,0,0,0,0,0,0,0,0,0,0,0,0,0,0,0,0,0,0,0,0,0,0,0,0,0,1,0,0,1,0,0,0,0,0,0,0,0,0,0,0,1,0,0,0,0,0,0,0
-8371976.868,4877024.71,8998,2021009674,,2,0,0,0,0,0,0,0,0,1,0,,67,1,2021,5,40.076213,-75.206746,,6,0,0,0,0,0,0,0,1,,1,0,0,,,0,N,0,,40 04:34.366,,0,75 12:24.286,1,0,0,0,67301,0,0,0,N,0,0,0,2,67301,0,2,1,,1,N,N,N,0,0,0,0,0,,2,,,2,0,0,0,0,0,0,2,0,2,,3,,N,,,,,,,,,,,0,0,0,0,0,0,0,0,0,0,0,0,0,0,0,0,0,0,0,0,0,0,0,0,0,0,1,0,0,1,1,0,0,0,0,0,0,0,0,0,0,0,0,0,0,0,0,0,0,0,0,0,0,0,0,0,0,0,0,1,0,0,0,0,0,0,0,0,0,0,0,1,0,0,1,0,1,0,0,0,0,0,0,0,0,0,0,0,0,1,0,0,0,0,0,0,0,0,0,0,0,0,0,0,0,0,1,0,0,0,0,0,0,0,0,0,0,0,0,0,0,1,0,0,0,0,0,0,0
-8358552.958,4877282.941,8999,2021013457,,0,0,0,0,0,0,0,0,0,4,0,,67,2,2021,2,40.077988,-75.086157,,6,0,0,1,0,0,0,0,0,,0,0,0,,,0,,2,,40 04:40.758,3,0,75 05:10.164,0,0,0,0,67301,0,0,0,N,0,0,0,4,67301,0,,1,1650,1,N,N,N,0,,0,0,2,,0,N,,2,0,0,0,0,0,0,2,0,2,,,,N,,,,,,,,,,,1,0,1,0,0,0,0,0,0,0,0,0,0,0,0,0,0,0,0,0,0,1,0,0,0,0,0,0,0,0,0,0,0,0,0,0,0,0,0,0,0,0,0,0,0,0,0,0,0,0,0,0,0,0,0,0,0,0,0,0,1,0,0,0,1,0,0,1,0,0,0,0,0,0,1,0,0,1,0,0,0,0,0,0,1,0,0,0,0,0,0,0,0,0,0,0,0,0,0,0,0,0,0,0,0,0,1,0,0,0,0,0,0,0,0,0,0,0,0,0,1,1,0,1,0,0,0,0,1
-8368282.617,4852208.409,9000,2021015472,,1,0,0,0,0,0,0,0,0,1,1,,67,2,2021,7,39.905417,-75.17356,,6,0,0,0,0,0,0,0,0,,0,1,0,,,0,,5,,39 54:19.501,4,0,75 10:24.816,0,0,0,0,67301,0,0,0,N,0,0,0,2,67301,0,,1,100,2,N,N,N,0,,0,0,0,,2,N,,2,0,0,0,0,0,0,2,0,2,,6,,N,,,,,,,,,,,0,0,0,0,0,0,0,0,0,0,0,1,0,0,0,0,0,0,0,0,0,0,0,0,0,0,0,0,0,0,0,0,0,0,0,0,0,0,0,0,0,0,0,0,0,0,0,0,0,0,0,0,1,1,0,1,0,0,0,0,1,0,0,0,0,0,0,1,0,0,0,0,0,0,1,0,0,0,0,0,0,0,0,0,1,0,0,0,0,1,0,0,0,0,0,0,0,0,0,1,0,0,0,0,0,0,1,0,0,0,0,0,0,0,0,0,0,0,0,0,0,1,0,1,0,0,0,0,0
-8358512.994,4874015.918,9001,2021015230,,0,0,0,0,0,0,0,0,0,7,0,,67,2,2021,7,40.055528,-75.085798,,6,0,0,0,0,0,0,0,0,,0,0,0,,,0,,1,,40 03:19.900,3,0,75 05:08.873,0,0,0,0,67301,0,0,0,N,0,0,0,1,67301,0,,5,100,2,N,N,N,0,,0,0,1,,2,N,,1,0,0,0,0,0,0,2,0,1,,,,N,,,,,,,,,,,1,0,0,0,0,0,0,0,0,0,0,0,0,0,0,0,0,0,0,0,0,0,0,0,0,0,0,0,0,0,0,0,0,0,0,0,0,0,0,1,0,0,0,1,0,0,0,0,0,1,0,0,0,1,0,1,0,0,0,0,1,0,0,0,1,0,0,1,0,0,0,0,0,0,0,0,0,0,0,0,0,0,0,0,1,0,0,0,0,0,0,0,0,0,0,0,0,0,0,1,1,0,0,0,1,0,1,0,0,0,0,1,0,0,0,0,0,0,0,0,0,1,0,1,0,0,0,0,0
-8356120.07,4873649.572,9002,2021015324,,1,0,0,0,0,0,0,0,0,2,0,,67,2,2021,1,40.053009,-75.064302,,6,0,0,0,0,0,0,0,0,,0,0,0,,,0,,1,,40 03:10.832,,0,75 03:51.487,0,0,0,0,67301,0,0,0,N,0,0,0,1,67301,0,,5,,2,N,N,N,0,,0,0,0,,2,,,1,0,0,0,0,0,0,2,0,1,,,,N,,,,,,,,,,,0,0,0,0,0,0,0,0,0,0,0,0,0,0,0,0,0,0,0,0,0,0,0,0,0,0,0,0,0,0,0,0,0,0,0,0,0,0,0,0,0,0,0,1,0,0,0,0,0,0,0,1,0,1,0,1,0,0,0,0,1,0,0,0,1,0,0,1,0,0,0,0,0,0,0,0,0,0,0,0,0,0,0,0,1,0,0,0,0,0,0,0,0,0,0,0,0,0,0,1,1,0,0,0,0,0,1,0,0,0,0,1,0,0,0,0,0,0,0,0,0,1,0,1,0,0,0,0,0
-8360063.675,4866317.798,9003,2021016289,,1,0,0,0,0,0,0,0,0,4,1,,67,2,2021,2,40.002576,-75.099728,,6,0,0,0,0,0,0,0,0,,0,1,0,,,2,,5,,40 00:09.273,,0,75 05:59.019,3,0,0,0,67301,0,0,0,N,0,0,0,2,67301,0,,1,,9,N,N,N,0,,2,0,0,,2,,,2,2,0,0,0,0,0,2,0,2,,7,,N,,,,,,,,,,,1,0,1,0,0,0,0,0,0,0,0,1,0,0,0,0,0,0,0,0,0,0,0,0,0,0,0,0,0,0,0,0,0,0,0,0,0,0,0,0,0,0,0,0,0,0,0,0,0,0,0,0,1,0,0,1,0,0,1,1,1,0,0,0,1,0,0,1,0,0,0,0,0,0,1,0,0,0,0,0,0,0,0,0,0,0,0,0,0,0,0,0,0,0,0,0,0,0,0,1,0,0,0,0,0,0,1,0,0,1,0,0,0,0,0,0,0,0,0,0,0,1,0,1,0,0,1,0,0
-8366661.806,4864323.297,9004,2021016746,,2,0,0,0,0,0,0,0,0,5,0,,67,2,2021,2,39.98885,-75.159,,6,0,0,0,0,0,0,0,0,,0,1,0,,,1,N,0,,39 59:19.860,,0,75 09:32.400,3,0,0,0,67301,0,0,0,N,0,0,0,1,67301,0,,1,,9,N,N,Y,0,,1,0,1,,0,,,4,1,0,0,0,0,0,2,0,4,,3,,N,,,,,,,,,,,0,0,0,0,0,0,0,0,0,0,0,0,0,0,0,0,0,0,0,0,0,0,0,0,0,0,0,0,0,0,0,0,0,0,0,0,0,0,0,0,0,0,1,0,0,0,0,0,0,0,0,0,1,0,0,1,0,0,1,1,0,0,0,0,0,0,0,1,1,0,0,0,0,0,1,0,1,0,0,0,0,0,0,0,0,0,0,0,0,0,0,0,0,0,0,0,0,0,0,0,0,0,0,0,0,0,0,0,0,1,0,0,0,0,0,0,0,0,0,0,0,1,1,1,0,0,1,0,0
-8372459.438,4870260.607,9005,2021035508,,1,0,0,0,0,0,0,0,0,7,0,,67,4,2021,4,40.029702,-75.211081,,6,0,0,0,0,0,0,0,0,,0,0,0,,,1,N,0,,40 01:46.927,,0,75 12:39.892,8,0,0,0,67301,0,0,0,N,0,0,0,1,67301,0,,4,,1,N,N,N,0,,0,0,0,,0,,,1,1,0,0,0,1,0,2,0,1,,3,,N,,,,,,,,,,,0,0,0,0,0,0,0,0,0,0,0,0,0,0,0,0,0,1,0,0,0,0,0,0,0,0,0,0,0,0,0,0,0,0,0,0,0,0,0,1,0,0,0,0,0,0,0,0,1,0,0,0,0,0,0,1,0,0,1,1,0,0,0,1,0,0,0,0,0,0,0,0,0,0,0,0,1,0,0,0,0,0,0,0,0,0,0,0,0,0,0,0,0,0,0,0,0,0,0,0,1,0,0,0,0,0,1,0,0,0,0,1,0,0,0,0,0,0,0,0,0,1,0,1,0,0,0,0,0
-8371246.389,4857242.614,9006,2021015335,,1,0,0,0,0,0,0,0,0,4,1,,67,2,2021,7,39.940099,-75.200184,,6,0,0,0,0,0,0,0,0,,0,1,0,,,0,,2,,39 56:24.356,,0,75 12:00.663,0,0,0,0,67301,0,0,0,N,0,0,0,2,67301,0,,1,,2,N,N,N,0,,0,0,0,,3,,,2,0,0,0,0,0,0,2,0,2,,6,,N,,,,,,,,,,,1,0,1,0,0,0,0,0,0,0,0,1,0,0,0,0,0,0,0,0,0,0,0,0,0,0,0,0,0,0,0,0,0,0,0,0,0,0,0,0,0,0,0,0,0,0,0,0,0,0,0,0,1,1,0,1,0,0,0,0,1,0,0,0,0,0,0,1,0,0,0,0,0,0,1,0,0,0,0,0,0,0,0,0,1,0,0,0,0,0,0,0,0,0,0,0,0,0,0,0,0,0,0,0,1,0,1,1,0,0,0,0,0,0,0,0,0,0,0,0,1,1,1,1,0,0,0,0,0
-8370242.176,4859735.695,9007,2021012169,,0,0,0,0,0,0,0,0,0,7,0,,67,2,2021,6,39.957268,-75.191163,,6,0,0,0,0,0,1,0,0,,0,0,0,,,0,,3,,39 57:26.165,2,0,75 11:28.187,0,0,0,0,67301,0,0,0,N,0,0,0,1,67507,0,,4,1730,1,N,N,N,0,,0,0,1,,2,N,,1,0,0,0,0,0,0,2,0,1,,3,,N,,,,,,,,,,,0,0,0,0,0,0,0,0,0,0,0,0,0,0,0,0,0,1,0,0,0,0,0,0,1,0,0,0,0,0,0,0,0,0,0,0,0,0,0,1,0,0,0,1,0,0,0,0,0,0,0,0,0,0,0,0,0,0,0,0,1,0,0,0,0,0,0,1,0,0,0,0,0,0,0,0,0,0,0,0,0,0,0,0,1,0,0,0,0,0,0,0,0,0,0,0,0,0,0,1,1,0,0,0,0,0,1,0,0,0,0,1,0,0,0,0,0,0,0,0,0,1,0,1,0,0,0,0,0
-8368800.032,4873750.791,9008,2021015152,,1,0,0,0,0,0,0,0,0,4,0,,67,2,2021,7,40.053705,-75.178208,,6,0,0,0,0,0,0,0,0,,0,0,0,,,0,N,0,,40 03:13.337,,0,75 10:41.550,0,0,0,0,67301,0,0,0,N,0,0,0,1,67301,0,,1,,1,N,N,N,0,,0,0,1,,0,,,2,0,0,0,0,0,0,2,0,2,,4,,N,,,,,,,,,,,0,0,1,0,0,0,0,0,0,0,0,0,0,0,0,0,0,0,0,0,0,0,0,0,0,0,0,0,0,0,0,0,0,0,0,0,0,0,0,0,0,0,1,0,0,0,0,0,0,0,0,0,0,0,0,0,0,0,0,0,0,0,0,0,0,0,0,0,0,0,0,0,0,0,1,0,1,0,0,0,0,0,0,0,1,0,0,0,0,0,0,0,0,0,0,0,0,0,0,0,0,0,0,0,0,0,1,0,0,0,0,0,0,0,0,0,0,0,0,0,0,1,0,1,0,0,0,0,0
-8352290.121,4869634.764,9009,2021018390,,0,0,0,0,0,0,0,0,0,7,1,,67,2,2021,1,40.025397,-75.029897,,6,0,0,0,0,0,0,0,0,,0,1,0,,,0,N,0,,40 01:31.430,2,0,75 01:47.630,0,0,0,0,67301,0,0,0,N,0,0,0,1,67301,0,,1,200,2,N,N,Y,0,,0,0,1,,0,Y,,2,0,0,0,0,0,0,2,0,2,,,,N,,,,,,,,,,,0,0,0,0,0,0,0,0,0,0,0,1,0,0,0,0,0,0,0,0,0,0,0,0,0,0,0,0,0,0,0,0,0,0,0,0,0,0,0,1,0,0,1,0,0,0,0,0,0,0,0,0,1,1,0,0,0,0,0,0,0,0,0,1,0,0,0,1,1,0,0,0,0,0,1,0,1,0,0,0,1,0,0,0,1,0,0,0,0,0,0,0,0,0,0,0,0,0,0,0,0,0,0,0,0,0,0,0,0,0,0,1,0,0,0,0,0,0,0,0,0,1,0,1,0,0,0,0,0