X,Y,objectid,crn,arrival_tm,automobile_count,belted_death_count,belted_susp_serious_inj_count,bicycle_count,bicycle_death_count,bicycle_susp_serious_inj_count,bus_count,chldpas_death_count,chldpas_susp_serious_inj_count,collision_type,comm_veh_count,cons_zone_spd_lim,county,crash_month,crash_year,day_of_week,dec_latitude,dec_longitude,dispatch_tm,district,driver_count_16yr,driver_count_17yr,driver_count_18yr,driver_count_19yr,driver_count_20yr,driver_count_50_64yr,driver_count_65_74yr,driver_count_75plus,est_hrs_closed,fatal_count,heavy_truck_count,horse_buggy_count,hour_of_day,illumination,injury_count,intersection_related_x,intersect_type,lane_closed,latitude,ln_close_dir,location_type,longitude,max_severity_level,mcycle_death_count,mcycle_susp_serious_inj_count,motorcycle_count,municipality,nonmotr_count,nonmotr_death_count,nonmotr_susp_serious_inj_count,ntfy_hiwy_maint,ped_count,ped_death_count,ped_susp_serious_inj_count,person_count,police_agcy,possible_inj_count,rdwy_surf_type_cd,relation_to_road,roadway_cleared,road_condition,sch_bus_ind,sch_zone_ind,secondary_crash,small_truck_count,spec_juris_cd,susp_minor_inj_count,susp_serious_inj_count,suv_count,tcd_func_cd,tcd_type,tfc_detour_ind,time_of_day,total_units,tot_inj_count,unbelted_occ_count,unb_death_count,unb_susp_serious_inj_count,unk_inj_deg_count,unk_inj_per_count,urban_rural,van_count,vehicle_count,weather1,weather2,workers_pres,work_zone_ind,work_zone_loc,work_zone_type,wz_close_detour,wz_flagger,wz_law_offcr_ind,wz_ln_closure,wz_moving,wz_other,wz_shlder_mdn,wz_workers_inj_killed,aggressive_driving,alcohol_related,angle_crash,atv,atv_route,backup_congestion,backup_nonrecurring,backup_prior,bicycle,cell_phone,child_passenger,comm_vehicle,core_network,cross_median,curved_road,curve_dvr_error,deer_related,distracted,drinking_driver,driver_16yr,driver_17yr,driver_18yr,driver_19yr,driver_20yr,driver_50_64yr,driver_65_74yr,driver_75plus,drugged_driver,drug_related,fatal,fatal_or_susp_serious_inj,fatigue_asleep,federal_aid_route,fire_in_vehicle,hazardous_truck,hit_barrier,hit_bridge,hit_deer,hit_embankment,hit_fixed_object,hit_gdrail,hit_gdrail_end,hit_parked_vehicle,hit_pole,hit_roadway_equipment,hit_run,hit_temp_construction_barrier,hit_traffic_island,hit_tree_shrub,hit_utility_pole,horse_buggy,ho_oppdir_sdswp,hvy_truck_related,icy_road,illegal_drug_related,illumination_dark,impaired_driver,impaired_nonmotorist,injury,injury_or_fatal,intersection,intersection_related_y,interstate,lane_departure,left_turn,limit_65mph,limit_70mph,local_road,local_road_only,marijuana_drugged_driver,marijuana_related,mature_driver,mc_drinking_driver,motorcycle,multiple_vehicle,nhtsa_agg_driving,non_intersection,no_clearance,opioid_related,other_freeway_expressway,overturned,pedestrian,phantom_vehicle,possible_injury,property_damage_only,psp_reported,ramp,ramp_segment,ramp_terminal,rear_end,roundabout,running_red_lt,running_stop_sign,rural,school_bus,school_bus_related,school_bus_unit,school_zone,shldr_related,signalized_int,single_vehicle,snowmobile,snow_slush_road,speeding,speeding_related,speed_change_lane,state_road,stop_controlled_int,sudden_deer,suspected_minor_injury,suspected_serious_injury,sv_run_off_rd,tailgating,train,train_trolley,trolley,turnpike,unbelted,underage_drnk_drv,unlicensed,unsignalized_int,urban,vehicle_failure,vehicle_towed,vulnerable_road_user,vulnerable_road_user_fatal,wet_road,work_zone,young_driver
-8357944.82,4877753.446,9479,2021005968,,1,0,0,0,0,0,0,0,0,4,0,,67,1,2021,5,40.081222,-75.080694,,6,0,0,1,0,0,0,0,0,,0,0,0,,,1,,2,,40 04:52.400,,0,75 04:50.500,3,0,0,0,67301,0,0,0,N,0,0,0,2,67301,0,,1,,1,N,N,N,0,,1,0,1,3,3,,,2,1,2,0,0,0,0,2,0,2,,3,,N,,,,,,,,,,,1,0,1,0,0,0,0,0,0,0,0,0,0,0,0,0,0,0,0,0,0,1,0,0,0,0,0,0,0,0,0,0,0,0,0,0,0,0,0,0,0,0,0,0,0,0,0,0,0,0,0,0,0,0,0,1,0,0,1,1,1,0,0,0,0,0,0,1,1,0,0,0,0,0,1,0,0,1,0,0,0,0,0,0,0,0,0,0,0,0,0,0,0,0,0,0,0,0,0,0,0,0,0,0,0,0,0,1,0,1,0,0,0,0,0,0,0,1,0,0,1,1,0,0,0,0,0,0,1
-8367124.338,4863176.125,9480,2021012477,,1,0,0,0,0,0,0,0,0,4,0,,67,2,2021,7,39.980954,-75.163155,,6,0,0,0,0,0,1,0,0,,0,0,0,,,1,,1,,39 58:51.435,,0,75 09:47.359,3,0,0,0,67301,0,0,0,N,0,0,0,3,67301,0,,1,,1,N,N,N,0,,1,0,1,3,3,,,2,1,0,0,0,0,1,2,0,2,,,,N,,,,,,,,,,,1,0,1,0,0,0,0,0,0,0,0,0,0,0,0,0,0,0,0,0,0,0,0,0,1,0,0,0,0,0,0,0,0,0,0,0,0,0,0,0,0,0,0,0,0,0,0,0,0,0,0,0,0,0,0,0,0,0,1,1,1,0,0,0,0,0,0,1,1,0,0,0,0,0,1,0,0,1,0,0,0,0,0,0,0,0,0,0,0,0,0,0,0,0,0,0,0,0,0,0,0,0,0,0,0,0,0,1,0,1,0,0,0,0,0,0,0,0,0,0,1,1,0,0,0,0,0,0,0
-8367725.241,4862420.133,9481,2021041376,,1,0,0,0,0,0,0,0,0,7,0,,67,5,2021,5,39.97575,-75.168553,,6,0,0,0,0,0,0,0,0,,0,0,0,,,1,,2,,39 58:32.700,,0,75 10:06.789,4,0,0,0,67301,0,0,0,N,0,0,0,2,67301,1,,5,,1,N,N,N,0,,0,0,0,9,2,,,1,1,0,0,0,0,1,2,0,1,,3,,N,,,,,,,,,,,0,0,0,0,0,0,0,0,0,0,0,0,0,0,0,0,0,0,0,0,0,0,0,0,0,0,0,0,0,0,0,0,0,0,0,0,0,0,0,1,0,0,0,0,0,0,0,0,0,0,0,0,0,0,0,0,0,0,1,1,1,0,0,0,1,0,0,1,1,0,0,0,0,0,0,0,0,0,0,0,0,0,0,1,0,0,0,0,0,0,0,0,0,0,0,0,0,0,0,1,1,0,0,0,0,0,0,0,0,0,0,1,0,0,0,0,0,0,0,0,0,1,0,1,0,0,0,0,0
-8357137.753,4866262.285,9482,2021008847,,0,0,0,0,0,0,0,0,0,5,1,,67,1,2021,3,40.002194,-75.073444,,6,0,0,0,0,0,0,0,0,,0,1,0,,,0,N,0,,40 00:07.900,,0,75 04:24.400,0,0,0,0,67301,0,0,0,N,0,0,0,1,67301,0,,6,,9,N,N,N,0,,0,0,1,0,0,,,2,0,0,0,0,0,0,2,0,2,,7,,N,,,,,,,,,,,0,0,0,0,0,0,0,0,0,0,0,1,0,0,0,0,0,0,0,0,0,0,0,0,0,0,0,0,0,0,0,0,0,0,0,0,0,0,0,0,0,0,1,1,0,1,0,0,0,1,0,0,1,0,0,0,0,0,0,0,0,0,0,1,0,0,0,1,1,0,0,0,0,0,1,0,1,0,0,0,0,0,0,0,1,0,0,0,0,0,0,0,0,0,0,0,0,0,0,0,0,0,0,0,0,0,0,0,0,0,0,0,0,0,0,0,0,0,0,0,0,1,0,1,0,0,1,0,0
-8366613.271,4874073.655,9483,2021041071,,2,0,0,0,0,0,0,0,0,2,0,,67,5,2021,5,40.055925,-75.158564,,6,0,0,0,0,0,1,0,0,,0,0,0,,,2,N,0,,40 03:21.330,,7,75 09:30.830,3,0,0,0,67301,0,0,0,N,0,0,0,2,67301,0,,1,,1,N,N,N,0,,2,0,0,0,0,,,2,2,0,0,0,0,0,2,0,2,,,,N,,,,,,,,,,,0,0,0,0,0,0,0,0,0,0,0,0,0,0,0,0,0,0,0,0,0,0,0,0,1,0,0,0,0,0,0,0,0,0,0,0,0,0,0,0,0,0,0,0,0,0,0,0,0,0,0,1,0,0,0,0,0,0,1,1,0,0,0,0,1,0,0,1,1,0,0,0,0,0,1,0,1,0,0,0,0,0,0,0,0,0,0,0,0,0,0,0,0,0,0,0,0,0,0,0,0,0,0,0,0,0,0,0,0,1,0,0,0,0,0,0,0,0,0,0,0,1,1,0,0,0,0,0,0
-8372670.611,4854335.754,9484,2021014699,,1,0,0,0,0,0,0,0,0,1,0,,67,2,2021,5,39.920075,-75.212978,,6,0,0,0,0,0,0,0,0,,0,0,0,,,0,N,0,,39 55:12.270,,7,75 12:46.720,0,0,0,0,67301,0,0,0,N,0,0,0,2,67301,0,,1,,7,N,N,N,1,,0,0,0,0,0,,,2,0,1,0,0,0,0,2,0,2,,4,,N,,,,,,,,,,,0,0,0,0,0,0,0,0,0,0,0,0,0,0,0,0,0,0,0,0,0,0,0,0,0,0,0,0,0,0,0,0,0,0,0,0,0,0,0,0,0,0,0,0,0,0,0,0,0,0,0,0,0,0,0,0,0,0,0,0,0,0,0,0,1,0,0,1,1,0,0,0,0,0,1,0,1,0,0,0,0,0,0,0,1,0,0,0,0,1,0,0,0,0,0,0,0,0,0,0,0,0,1,0,0,0,0,0,0,0,0,0,0,0,0,0,0,1,0,0,0,1,0,1,0,0,0,0,0
-8374284.41,4859726.836,9485,2021010204,,2,0,0,0,0,0,0,0,0,4,0,,67,1,2021,1,39.957207,-75.227475,,6,0,0,0,0,0,1,0,0,,0,0,0,,,0,,1,,39 57:25.946,,0,75 13:38.909,0,0,0,0,67301,0,0,0,N,0,0,0,2,67301,0,,1,,1,N,N,N,0,,0,0,0,3,2,,,2,0,1,0,0,0,0,2,0,2,,4,,N,,,,,,,,,,,1,0,1,0,0,0,0,0,0,0,0,0,0,0,0,0,0,0,0,0,0,0,0,0,1,0,0,0,0,0,0,0,0,0,0,0,0,0,0,0,0,0,0,0,0,1,0,0,0,0,0,0,0,0,0,0,0,0,0,0,1,0,0,0,1,0,0,1,0,0,0,0,0,0,1,0,0,0,0,0,0,0,0,0,1,0,0,0,0,0,0,0,0,0,0,0,0,0,0,1,0,0,0,0,0,0,1,0,0,0,0,0,0,0,0,0,0,1,0,0,0,1,0,1,0,0,0,0,0
-8356826.392,4876929.713,9486,2021003039,,1,0,0,0,0,0,0,0,0,4,0,,67,1,2021,6,40.07556,-75.070647,,6,0,0,0,0,0,0,0,0,,0,0,0,,,0,,1,,40 04:32.016,,0,75 04:14.329,0,0,0,0,67301,0,0,0,N,0,0,0,2,67301,0,,1,,1,N,N,N,1,,0,0,0,3,3,,,2,0,2,0,0,0,0,2,0,2,,3,,N,,,,,,,,,,,1,0,1,0,0,0,0,0,0,0,0,0,0,0,0,0,0,0,0,0,0,0,0,0,0,0,0,0,0,0,0,0,0,0,0,0,0,0,0,0,0,0,0,0,0,0,0,0,0,0,0,0,0,0,0,0,0,0,0,0,1,0,0,0,0,0,0,1,1,0,0,0,0,0,1,0,0,0,0,0,0,0,0,0,1,0,0,0,0,0,0,0,1,0,0,0,0,0,0,0,0,0,0,0,0,0,0,1,0,0,0,0,0,0,0,0,0,1,0,0,1,1,0,1,0,0,0,0,0
-8364864.44,4860626.409,9487,2021020427,,0,0,0,0,0,0,0,0,0,4,0,,67,1,2021,2,39.963401,-75.142854,,6,0,0,0,0,0,0,0,0,,0,0,0,,,1,,1,,39 57:48.243,,0,75 08:34.274,4,0,0,0,67301,0,0,0,N,0,0,0,2,67301,1,,1,,1,N,N,N,0,,0,0,2,3,3,,,2,1,0,0,0,0,0,2,0,2,,3,,N,,,,,,,,,,,1,0,1,0,0,0,0,0,0,0,0,0,0,0,0,0,0,0,0,0,0,0,0,0,0,0,0,0,0,0,0,0,0,0,0,0,0,0,0,0,0,0,0,0,0,1,0,0,0,0,0,0,0,0,0,1,0,0,1,1,1,0,0,0,0,0,0,1,1,0,0,0,0,0,1,0,0,0,0,0,0,0,0,1,0,0,0,0,0,0,0,0,1,0,0,0,0,0,0,0,0,0,0,0,0,0,0,1,0,0,0,0,0,0,0,0,0,0,0,0,1,1,0,1,0,0,0,0,0
-8355866.706,4873044.164,9488,2021005957,,2,0,0,0,0,0,0,0,0,5,0,,67,1,2021,1,40.048846,-75.062026,,6,0,0,1,0,0,0,0,0,,0,0,0,,,0,N,0,,40 02:55.845,,0,75 03:43.295,0,0,0,0,67301,0,0,0,N,0,0,0,1,67301,0,,6,,1,N,N,N,0,,0,0,0,0,0,,,2,0,1,0,0,0,0,2,0,2,,3,,N,,,,,,,,,,,0,0,0,0,0,0,0,0,0,0,0,0,0,0,0,0,0,0,0,0,0,1,0,0,0,0,0,0,0,0,0,0,0,0,0,0,0,0,0,0,0,0,1,0,0,0,0,0,0,0,0,0,0,0,0,1,0,0,0,0,0,0,0,0,0,0,0,0,0,0,0,0,0,0,1,0,1,0,0,0,0,0,0,0,1,0,0,0,0,0,0,0,0,0,0,0,0,0,0,0,0,0,0,0,0,0,1,0,0,0,0,0,0,0,0,0,0,1,0,0,0,1,0,1,0,0,0,0,1
-8367863.612,4871849.163,9489,2021006007,,2,0,0,0,0,0,0,0,0,5,0,,67,1,2021,1,40.040628,-75.169796,,6,0,0,0,0,0,1,0,0,,0,0,0,,,2,,5,,40 02:26.260,4,0,75 10:11.265,3,0,0,0,67301,0,0,0,N,0,0,0,3,67301,0,,1,1020,1,N,N,N,0,,2,0,0,3,2,Y,,2,2,0,0,0,0,0,2,0,2,,3,,N,,,,,,,,,,,1,0,0,0,0,0,0,0,0,0,0,0,0,0,0,0,0,0,0,0,0,0,0,0,1,0,0,0,0,0,0,0,0,0,0,0,0,0,0,0,0,0,0,0,0,0,0,0,0,0,0,0,0,0,0,0,0,0,1,1,1,0,0,0,0,0,0,1,1,0,0,0,0,0,1,0,0,0,0,0,0,0,0,0,0,0,0,0,0,0,0,0,0,0,0,0,0,0,0,1,0,0,0,0,0,0,0,0,0,1,0,0,0,0,0,0,0,0,0,0,0,1,0,0,0,0,0,0,0
-8368723.11,4877047.842,9490,2021006004,,2,0,0,0,0,0,0,0,0,6,0,,67,1,2021,6,40.076372,-75.177517,,6,0,0,0,0,0,0,0,0,,0,0,0,,,1,N,0,,40 04:34.940,,0,75 10:39.060,3,0,0,0,67301,0,0,0,N,0,0,0,2,67301,0,,6,,1,N,N,Y,0,,1,0,2,0,0,,,4,1,0,0,0,0,1,2,0,4,,3,,N,,,,,,,,,,,0,0,0,0,0,0,0,0,0,0,0,0,0,0,0,0,0,0,0,0,0,0,0,0,0,0,0,0,0,0,0,0,0,0,0,0,0,0,0,0,0,0,1,0,0,1,0,0,0,0,0,1,0,0,0,1,0,0,1,1,0,0,0,0,0,0,0,1,1,0,0,0,0,0,1,0,1,0,0,0,0,0,0,0,0,0,0,0,0,0,0,0,0,0,0,0,0,0,0,0,0,0,0,0,0,0,0,0,0,1,0,0,0,0,0,0,0,0,0,0,0,1,0,1,0,0,0,0,0
-8363868.577,4871436.37,9491,2021000790,,1,0,0,0,0,0,0,0,0,5,0,,67,1,2021,1,40.037789,-75.133908,,6,0,0,0,1,0,0,0,0,,0,0,0,,,1,N,0,,40 02:16.040,,0,75 08:02.070,8,0,0,0,67301,0,0,0,N,0,0,0,1,67301,0,,1,,9,N,N,N,0,,0,0,1,0,0,,,2,1,0,0,0,1,0,2,0,2,,7,,N,,,,,,,,,,,0,0,0,0,0,0,0,0,0,0,0,0,0,0,0,0,0,0,0,0,0,0,1,0,0,0,0,0,0,0,0,0,0,0,0,0,0,0,0,0,0,0,1,0,0,0,0,0,0,0,0,0,0,0,0,1,0,0,1,1,0,0,0,0,0,0,0,1,1,0,0,0,0,0,1,0,1,0,0,0,0,0,0,0,0,0,0,0,0,0,0,0,0,0,0,0,0,0,0,0,0,0,0,0,0,0,0,0,0,0,0,0,0,0,0,0,0,0,0,0,0,1,0,0,0,0,1,0,1
-8357802.887,4876038.552,9492,2021007535,,0,0,0,0,0,0,0,0,0,5,0,,67,1,2021,7,40.069434,-75.079419,,6,0,0,0,0,0,0,0,0,,0,0,0,,,2,N,0,,40 04:09.961,5,0,75 04:45.908,8,0,0,0,67301,0,0,0,N,0,0,0,2,67301,0,,6,100,1,N,N,N,1,,0,0,1,0,0,Y,,2,2,0,0,0,2,0,2,0,2,,3,,N,,,,,,,,,,,0,1,0,0,0,0,0,0,0,0,0,0,0,0,0,0,0,0,1,0,0,0,0,0,0,0,0,0,0,0,0,0,0,0,0,0,0,0,0,0,0,0,1,0,0,0,0,0,0,0,0,0,0,0,0,1,1,0,1,1,0,0,0,0,0,0,0,0,0,0,0,0,0,0,1,0,1,0,0,0,1,0,0,0,0,0,0,0,0,0,0,0,0,0,0,0,0,0,0,0,0,0,0,0,0,0,1,0,0,0,0,0,0,0,0,0,0,0,0,0,0,1,0,1,0,0,0,0,0
-8367219.294,4874788.792,9493,2021014464,,0,0,0,0,0,0,0,0,0,5,0,,67,2,2021,4,40.060842,-75.164008,,6,0,0,0,0,0,1,0,0,,0,0,0,,,1,N,0,,40 03:39.030,,0,75 09:50.430,3,0,0,0,67301,0,0,0,N,0,0,0,2,67301,0,,1,,9,N,N,N,1,,1,0,1,0,0,,,2,1,0,0,0,0,0,2,0,2,,,,N,,,,,,,,,,,0,0,0,0,0,0,0,0,0,0,0,0,0,0,0,0,0,0,0,0,0,0,0,0,1,0,0,0,0,0,0,0,0,0,0,0,0,0,0,0,0,0,0,0,0,1,0,0,0,0,0,0,0,0,0,0,0,0,1,1,0,0,0,0,0,0,0,1,1,0,0,0,0,0,1,0,1,0,0,0,0,0,0,0,0,0,0,0,0,0,0,0,0,0,0,0,0,0,0,0,0,0,0,0,0,0,0,0,0,1,0,0,0,0,0,0,0,0,0,0,0,1,0,0,0,0,1,0,0
-8373168.543,4861972.434,9494,2021035580,,1,0,0,0,0,0,0,0,0,7,0,,67,3,2021,4,39.972668,-75.217451,,6,0,0,0,0,0,0,0,0,,1,0,0,,,0,N,2,,39 58:21.603,4,0,75 13:02.823,1,0,0,0,67301,0,0,0,N,0,0,0,1,67301,0,2,5,200,9,N,N,N,0,0,0,0,0,3,2,Y,,1,0,0,0,0,0,0,2,0,1,,4,,N,,,,,,,,,,,0,0,0,0,0,0,0,0,0,0,0,0,1,0,0,0,0,0,0,0,0,0,0,0,0,0,0,0,0,1,1,0,0,1,0,0,0,0,0,1,0,0,0,0,0,0,0,0,0,0,0,0,0,0,0,1,0,0,0,1,1,0,0,0,0,0,0,1,0,0,0,0,0,0,0,0,0,0,0,0,0,0,0,0,0,0,0,0,0,0,0,0,0,0,0,0,0,0,0,1,1,0,0,0,0,0,1,0,0,0,0,1,0,0,0,0,0,0,0,0,0,1,0,1,0,0,1,0,0
-8370458.47,4864971.037,9495,2021011795,,0,0,0,0,0,0,0,0,0,7,0,,67,1,2021,1,39.993308,-75.193106,,6,0,0,0,0,0,0,0,0,,0,0,0,,,1,N,0,,39 59:35.908,,0,75 11:35.183,3,0,0,0,67301,0,0,0,N,0,0,0,1,67301,0,,4,,6,N,N,N,0,,1,0,1,0,0,,,1,1,0,0,0,0,0,2,0,1,,10,,N,,,,,,,,,,,1,0,0,0,0,0,0,0,0,0,0,0,0,0,0,0,0,0,0,0,0,0,0,0,0,0,0,0,0,0,0,0,0,0,0,0,0,0,0,1,0,0,0,1,0,0,0,0,0,0,0,0,0,0,0,1,0,0,1,1,0,0,0,1,0,0,0,0,0,0,0,0,0,0,0,0,1,0,0,0,0,0,0,0,0,0,0,0,0,0,0,0,0,0,0,0,0,0,0,0,1,0,1,0,1,0,1,0,0,1,0,1,0,0,0,0,0,0,0,0,0,1,1,1,0,0,0,0,0
-8363127.745,4869128.012,9496,2021002289,,1,0,0,0,0,0,0,0,0,5,0,,67,1,2021,4,40.021911,-75.127253,,6,0,0,0,0,0,0,0,0,,0,0,0,,,0,N,0,,40 01:18.880,,0,75 07:38.110,0,0,0,0,67301,0,0,0,N,0,0,0,1,67301,0,,6,,1,N,N,N,1,,0,0,1,0,0,,,3,0,0,0,0,0,0,2,0,3,,,,N,,,,,,,,,,,0,0,0,0,0,0,0,0,0,0,0,0,0,0,0,0,0,0,0,0,0,0,0,0,0,0,0,0,0,0,0,0,0,0,0,0,0,0,0,0,0,0,1,0,0,1,0,0,0,0,0,0,0,0,0,1,0,0,0,0,0,0,0,0,0,0,0,1,1,0,0,0,0,0,1,0,1,0,0,0,0,0,0,0,1,0,0,0,0,0,0,0,0,0,0,0,0,0,0,0,0,0,0,0,0,0,0,0,0,0,0,0,0,0,0,0,0,0,0,0,0,1,0,1,0,0,0,0,0
-8371173.363,4856498.253,9497,2021029399,,1,0,0,0,0,0,0,0,0,7,0,,67,1,2021,7,39.934972,-75.199528,,6,0,0,0,0,0,0,0,0,,0,0,0,,,1,N,0,,39 56:05.900,1,0,75 11:58.300,3,0,0,0,67301,0,0,0,N,0,0,0,1,67301,0,,3,200,1,N,N,N,0,,1,0,0,0,0,Y,,1,1,0,0,0,0,0,2,0,1,,3,,N,,,,,,,,,,,0,0,0,0,0,0,0,0,0,0,0,0,0,0,0,0,0,0,0,0,0,0,0,0,0,0,0,0,0,0,0,0,0,0,0,1,0,0,0,1,0,0,0,0,0,0,0,0,0,0,0,0,0,0,0,1,0,0,1,1,0,0,0,1,0,0,0,1,1,0,0,0,0,0,0,0,1,0,0,0,0,0,0,0,0,0,0,0,0,0,0,0,0,0,0,0,0,0,0,0,1,0,0,0,0,0,0,0,0,1,0,1,0,0,0,0,0,0,0,0,0,1,0,1,0,0,0,0,0
-8364400.795,4869801.361,9498,2021014472,,1,0,0,0,0,0,0,0,0,4,0,,67,2,2021,6,40.026543,-75.138689,,6,0,0,1,0,0,0,0,0,,0,0,0,,,0,,1,,40 01:35.554,,0,75 08:19.280,0,0,0,0,67301,0,0,0,N,0,0,0,2,67301,0,,1,,9,N,N,N,1,,0,0,0,3,2,,,2,0,2,0,0,0,0,2,0,2,,98,,N,,,,,,,,,,,1,0,1,0,0,0,0,0,0,0,0,0,0,0,0,0,0,0,0,0,0,1,0,0,0,0,0,0,0,0,0,0,0,0,0,0,0,0,0,0,0,0,0,0,0,0,0,0,0,0,0,0,0,0,0,0,0,0,0,0,1,0,0,0,0,0,0,1,1,0,0,0,0,0,1,0,0,0,0,0,0,0,0,0,1,0,0,0,0,0,0,1,0,0,0,0,0,0,0,1,0,0,0,0,0,0,0,0,0,0,0,0,0,0,0,0,0,1,0,0,0,1,0,1,0,0,1,0,1
-8370314.756,4860890.603,9499,2021007733,,1,0,0,0,0,0,0,0,0,4,0,,67,1,2021,6,39.96522,-75.191815,,6,0,0,0,0,0,0,0,0,,0,0,0,,,0,,1,,39 57:54.791,,0,75 11:30.533,0,0,0,0,67301,0,0,0,N,0,0,0,2,67301,0,,1,,1,N,N,N,0,,0,0,1,3,3,,,2,0,0,0,0,0,0,2,0,2,,3,,N,,,,,,,,,,,0,0,1,0,0,0,0,0,0,0,0,0,0,0,0,0,0,0,0,0,0,0,0,0,0,0,0,0,0,0,0,0,0,0,0,0,0,0,0,0,0,0,0,0,0,0,0,0,0,0,0,0,0,0,0,1,0,0,0,0,1,0,0,0,0,0,0,1,1,0,0,0,0,0,1,0,0,0,0,0,0,0,0,0,1,0,0,0,0,0,0,0,0,0,0,0,0,0,0,0,0,0,0,0,0,0,0,1,0,0,0,0,0,0,0,0,0,0,0,0,1,1,0,1,0,0,0,0,0
-8365789.394,4855335.291,9500,2021014939,,2,0,0,0,0,0,0,0,0,4,0,,67,1,2021,6,39.926961,-75.151163,,6,0,0,0,0,1,0,0,0,,0,0,0,,,1,,1,,39 55:37.059,,0,75 09:04.186,3,0,0,0,67301,0,0,0,N,0,0,0,2,67301,0,,1,,1,N,N,N,0,,1,0,0,3,2,,,2,1,0,0,0,0,0,2,0,2,,3,,N,,,,,,,,,,,1,0,1,0,0,0,0,0,0,0,0,0,0,0,0,0,0,0,0,0,0,0,0,1,0,0,0,0,0,0,0,0,0,0,0,0,0,0,0,0,0,0,0,0,0,0,0,0,0,0,0,0,0,0,0,1,0,0,1,1,1,0,0,0,0,0,0,1,1,0,0,0,0,0,1,0,0,0,0,0,0,0,0,0,0,0,0,0,0,0,0,0,0,0,0,0,0,0,0,1,0,0,0,0,0,0,0,0,0,1,0,0,0,0,0,0,0,0,0,0,0,1,0,1,0,0,0,0,1
-8356961.534,4877116.364,9501,2021013661,,2,0,0,0,0,0,0,0,0,1,0,,67,2,2021,3,40.076843,-75.071861,,6,0,0,0,1,0,0,0,0,,0,0,0,,,0,N,0,,40 04:36.635,,0,75 04:18.701,0,0,0,0,67301,0,0,0,N,0,0,0,3,67301,0,,1,,9,N,N,N,0,,0,0,0,0,0,,,2,0,3,0,0,0,0,2,0,2,,3,,N,,,,,,,,,,,1,0,0,0,0,0,0,0,0,0,0,0,0,0,0,0,0,0,0,0,0,0,1,0,0,0,0,0,0,0,0,0,0,0,0,0,0,0,0,0,0,0,0,0,0,0,0,0,0,0,0,0,0,0,0,1,0,0,0,0,0,0,0,0,0,0,0,0,0,0,0,0,0,0,1,0,1,0,0,0,0,0,0,0,1,0,0,0,0,1,0,0,0,0,0,0,0,0,0,0,0,0,0,0,0,0,1,0,0,0,0,0,0,0,0,0,0,1,0,0,0,1,0,1,0,0,1,0,1
-8350504.111,4884996.868,9502,2021010202,,2,0,0,0,0,0,0,0,0,5,0,,67,1,2021,1,40.13099,-75.013853,,6,0,0,0,0,0,1,0,0,,0,0,0,,,0,N,0,,40 07:51.565,,0,75 00:49.871,0,0,0,0,67301,0,0,0,N,0,0,0,4,67301,0,,1,,7,N,N,Y,0,,0,0,1,0,0,,,4,0,0,0,0,0,0,2,1,4,,6,,N,,,,,,,,,,,0,0,0,0,0,0,0,0,0,0,0,0,0,0,0,0,0,0,0,0,0,0,0,0,1,0,0,0,0,0,0,0,0,0,0,0,0,0,0,0,0,0,0,0,0,0,0,0,0,0,0,0,0,0,0,0,0,0,0,0,0,0,0,0,0,0,0,0,0,0,0,0,0,0,1,0,1,0,0,0,0,0,0,0,1,0,0,0,0,0,0,0,0,0,0,0,0,0,0,0,0,0,1,0,0,0,1,0,0,0,0,0,0,0,0,0,0,0,0,0,0,1,0,1,0,0,0,0,0
-8365540.929,4859745.425,9503,2021002642,,2,0,0,0,0,0,0,0,0,5,0,,67,1,2021,6,39.957335,-75.148931,,6,0,0,0,0,0,0,0,0,,0,0,0,,,0,N,0,,39 57:26.405,,0,75 08:56.153,0,0,0,0,67301,0,0,0,N,0,0,0,2,67301,0,,1,,1,N,N,N,0,,0,0,0,0,0,,,2,0,0,0,0,0,0,2,0,2,,3,,N,,,,,,,,,,,0,0,0,0,0,0,0,0,0,0,0,0,0,0,0,0,0,0,0,0,0,0,0,0,0,0,0,0,0,0,0,0,0,0,0,0,0,0,0,0,0,0,0,0,0,0,0,0,0,0,0,0,0,0,0,0,0,0,0,0,0,0,0,0,0,0,0,0,0,0,0,0,0,0,1,0,1,0,0,0,0,0,0,0,1,0,0,0,0,0,0,0,0,0,0,0,0,0,0,0,0,0,0,0,0,0,1,0,0,0,0,0,0,0,0,0,0,0,0,0,0,1,0,1,0,0,0,0,0
-8371822.356,4860187.795,9504,2021010901,,1,0,0,0,0,0,0,0,0,6,0,,67,1,2021,4,39.960381,-75.205358,,6,0,0,0,0,0,0,0,0,,0,0,0,,,0,N,0,,39 57:37.370,,0,75 12:19.290,0,0,0,0,67301,0,0,0,N,0,0,0,1,67301,0,,6,,1,N,N,N,0,,0,0,2,0,0,,,4,0,1,0,0,0,0,2,1,4,,3,,N,,,,,,,,,,,1,0,0,0,0,0,0,0,0,0,0,0,0,0,0,0,0,0,0,0,0,0,0,0,0,0,0,0,0,0,0,0,0,0,0,0,0,0,0,0,0,0,1,0,0,1,0,0,0,0,0,1,0,0,0,1,0,0,0,0,0,0,0,0,0,0,0,1,1,0,0,0,0,0,1,0,1,0,0,0,0,0,0,0,1,0,0,0,0,0,0,0,0,0,0,0,0,0,0,0,0,0,0,0,0,0,0,0,0,0,0,0,0,0,0,0,0,1,0,0,0,1,0,1,0,0,0,0,0
-8364782.398,4865420.324,9505,2021006506,,2,0,0,0,0,0,0,0,0,5,0,,67,1,2021,2,39.9964,-75.142117,,6,0,0,0,0,0,0,0,0,,0,0,0,,,0,N,0,,39 59:47.040,1,0,75 08:31.620,0,0,0,0,67301,0,0,0,N,0,0,0,1,67301,0,,6,1201,1,N,N,N,0,,0,0,0,0,0,N,,2,0,1,0,0,0,0,2,0,2,,3,,N,,,,,,,,,,,0,0,0,0,0,0,0,0,0,0,0,0,0,0,0,0,0,0,0,0,0,0,0,0,0,0,0,0,0,0,0,0,0,0,0,0,0,0,0,0,0,0,1,0,0,1,0,0,0,0,0,0,0,0,0,1,0,0,0,0,0,0,0,0,0,0,0,1,1,0,0,0,0,0,1,0,1,0,0,0,0,0,0,0,1,0,0,0,0,0,0,0,0,0,0,0,0,0,0,0,0,0,0,0,0,0,0,0,0,0,0,0,0,0,0,0,0,1,0,0,0,1,0,1,0,0,0,0,0