X,Y,objectid,crn,arrival_tm,automobile_count,belted_death_count,belted_susp_serious_inj_count,bicycle_count,bicycle_death_count,bicycle_susp_serious_inj_count,bus_count,chldpas_death_count,chldpas_susp_serious_inj_count,collision_type,comm_veh_count,cons_zone_spd_lim,county,crash_month,crash_year,day_of_week,dec_latitude,dec_longitude,dispatch_tm,district,driver_count_16yr,driver_count_17yr,driver_count_18yr,driver_count_19yr,driver_count_20yr,driver_count_50_64yr,driver_count_65_74yr,driver_count_75plus,est_hrs_closed,fatal_count,heavy_truck_count,horse_buggy_count,hour_of_day,illumination,injury_count,intersection_related_x,intersect_type,lane_closed,latitude,ln_close_dir,location_type,longitude,max_severity_level,mcycle_death_count,mcycle_susp_serious_inj_count,motorcycle_count,municipality,nonmotr_count,nonmotr_death_count,nonmotr_susp_serious_inj_count,ntfy_hiwy_maint,ped_count,ped_death_count,ped_susp_serious_inj_count,person_count,police_agcy,possible_inj_count,rdwy_surf_type_cd,relation_to_road,roadway_cleared,road_condition,sch_bus_ind,sch_zone_ind,secondary_crash,small_truck_count,spec_juris_cd,susp_minor_inj_count,susp_serious_inj_count,suv_count,tcd_func_cd,tcd_type,tfc_detour_ind,time_of_day,total_units,tot_inj_count,unbelted_occ_count,unb_death_count,unb_susp_serious_inj_count,unk_inj_deg_count,unk_inj_per_count,urban_rural,van_count,vehicle_count,weather1,weather2,workers_pres,work_zone_ind,work_zone_loc,work_zone_type,wz_close_detour,wz_flagger,wz_law_offcr_ind,wz_ln_closure,wz_moving,wz_other,wz_shlder_mdn,wz_workers_inj_killed,aggressive_driving,alcohol_related,angle_crash,atv,atv_route,backup_congestion,backup_nonrecurring,backup_prior,bicycle,cell_phone,child_passenger,comm_vehicle,core_network,cross_median,curved_road,curve_dvr_error,deer_related,distracted,drinking_driver,driver_16yr,driver_17yr,driver_18yr,driver_19yr,driver_20yr,driver_50_64yr,driver_65_74yr,driver_75plus,drugged_driver,drug_related,fatal,fatal_or_susp_serious_inj,fatigue_asleep,federal_aid_route,fire_in_vehicle,hazardous_truck,hit_barrier,hit_bridge,hit_deer,hit_embankment,hit_fixed_object,hit_gdrail,hit_gdrail_end,hit_parked_vehicle,hit_pole,hit_roadway_equipment,hit_run,hit_temp_construction_barrier,hit_traffic_island,hit_tree_shrub,hit_utility_pole,horse_buggy,ho_oppdir_sdswp,hvy_truck_related,icy_road,illegal_drug_related,illumination_dark,impaired_driver,impaired_nonmotorist,injury,injury_or_fatal,intersection,intersection_related_y,interstate,lane_departure,left_turn,limit_65mph,limit_70mph,local_road,local_road_only,marijuana_drugged_driver,marijuana_related,mature_driver,mc_drinking_driver,motorcycle,multiple_vehicle,nhtsa_agg_driving,non_intersection,no_clearance,opioid_related,other_freeway_expressway,overturned,pedestrian,phantom_vehicle,possible_injury,property_damage_only,psp_reported,ramp,ramp_segment,ramp_terminal,rear_end,roundabout,running_red_lt,running_stop_sign,rural,school_bus,school_bus_related,school_bus_unit,school_zone,shldr_related,signalized_int,single_vehicle,snowmobile,snow_slush_road,speeding,speeding_related,speed_change_lane,state_road,stop_controlled_int,sudden_deer,suspected_minor_injury,suspected_serious_injury,sv_run_off_rd,tailgating,train,train_trolley,trolley,turnpike,unbelted,underage_drnk_drv,unlicensed,unsignalized_int,urban,vehicle_failure,vehicle_towed,vulnerable_road_user,vulnerable_road_user_fatal,wet_road,work_zone,young_driver
-8373361.682,4859407.488,9794,2021013758,,1,0,0,0,0,0,0,0,0,8,0,,67,2,2021,3,39.955008,-75.219186,,6,0,0,0,0,0,0,0,0,,0,0,0,,,1,N,0,,39 57:18.030,6,0,75 13:09.070,2,0,0,0,67301,1,0,1,N,1,0,1,4,67301,0,,1,145,1,N,N,N,0,,0,1,0,,0,Y,,2,1,0,0,0,0,0,2,0,1,,3,,N,,,,,,,,,,,1,0,0,0,0,0,0,0,0,0,0,0,0,0,0,0,0,0,0,0,0,0,0,0,0,0,0,0,0,0,1,0,0,0,0,0,0,0,0,0,0,0,0,0,0,0,0,0,0,0,0,0,0,0,0,1,0,0,1,1,0,0,0,0,0,0,0,1,1,0,0,0,0,0,0,0,1,0,0,0,0,1,0,0,0,0,0,0,0,0,0,0,0,0,0,0,0,0,0,0,1,0,0,1,1,0,0,0,0,0,1,0,0,0,0,0,0,0,0,0,0,1,0,0,1,0,0,0,0
-8365090.754,4873013.189,9795,2021011953,,2,0,0,0,0,0,0,0,0,4,0,,67,2,2021,5,40.048633,-75.144887,,6,0,0,0,0,0,0,0,0,,0,0,0,,,3,,1,,40 02:55.080,,0,75 08:41.593,3,0,0,0,67301,0,0,0,N,0,0,0,4,67301,0,,1,,2,N,N,N,0,,3,0,0,,2,,,2,3,0,0,0,0,0,2,0,2,,,,N,,,,,,,,,,,0,0,1,0,0,0,0,0,0,0,1,0,0,0,0,0,0,0,0,0,0,0,0,0,0,0,0,0,0,0,0,0,0,0,0,0,0,0,0,0,0,0,0,0,0,0,0,0,0,0,0,0,0,1,0,0,0,0,1,1,1,0,0,0,1,0,0,1,0,0,0,0,0,0,1,0,0,0,0,0,0,0,0,0,0,0,0,0,0,0,0,0,0,0,0,0,0,0,0,1,0,0,0,0,0,0,1,0,0,1,0,0,0,0,0,0,0,0,0,0,0,1,0,1,0,0,0,0,0
-8366999.327,4865202.217,9796,2021007677,,2,0,0,0,0,0,0,0,0,4,0,,67,1,2021,7,39.994899,-75.162032,,6,0,0,0,0,0,1,0,1,,0,0,0,,,2,N,0,,39 59:41.638,,1,75 09:43.314,4,0,0,0,67301,0,0,0,N,0,0,0,3,67301,2,,1,,1,N,N,N,0,,0,0,1,,0,,,3,2,0,0,0,0,1,2,0,3,,,,N,,,,,,,,,,,0,1,1,0,0,0,0,0,0,0,0,0,0,1,0,0,0,0,1,0,0,0,0,0,1,0,1,1,1,0,0,0,0,0,0,0,1,0,0,0,0,0,0,0,0,0,0,0,0,0,0,0,0,0,1,0,1,0,1,1,0,0,0,1,0,0,0,0,0,0,0,1,0,0,1,0,1,0,0,0,0,0,0,1,0,0,0,0,0,0,0,0,0,0,0,0,0,0,0,0,0,0,0,0,0,0,1,0,0,0,0,0,0,0,0,0,0,0,0,0,0,1,0,0,0,0,0,0,0
-8374684.827,4861708.792,9797,2021024540,,1,0,0,0,0,0,0,0,0,5,0,,67,3,2021,7,39.970853,-75.231072,,6,0,0,0,0,0,0,0,0,,0,0,0,,,0,N,0,,39 58:15.070,,0,75 13:51.860,9,0,0,0,67301,0,0,0,N,0,0,0,1,67301,0,,1,,1,N,N,N,0,,0,0,1,,0,,,2,0,0,0,0,0,1,2,0,2,,,,N,,,,,,,,,,,0,0,0,0,0,0,0,0,0,0,0,0,0,0,0,0,0,0,0,0,0,0,0,0,0,0,0,0,0,0,0,0,0,0,0,0,0,0,0,0,0,0,1,0,0,1,0,0,0,0,0,0,0,0,0,1,0,0,0,0,0,0,0,0,0,0,0,1,1,0,0,0,0,0,1,0,1,0,0,0,0,0,0,0,0,0,0,0,0,0,0,0,0,0,0,0,0,0,0,0,0,0,0,0,0,0,0,0,0,0,0,0,0,0,0,0,0,0,0,0,0,1,0,1,0,0,0,0,0
-8364192.627,4864722.717,9798,2021025195,,1,0,0,0,0,0,0,0,0,8,0,,67,3,2021,1,39.991599,-75.136819,,6,0,0,0,0,0,0,0,0,,0,0,0,,,1,N,0,,39 59:29.758,,0,75 08:12.549,3,0,0,0,67301,1,0,0,N,1,0,0,2,67301,0,,1,,1,N,N,N,0,,1,0,0,,0,,,2,1,1,0,0,0,0,2,0,1,,8,,N,,,,,,,,,,,0,0,0,0,0,0,0,0,0,0,0,0,0,0,0,0,0,0,0,0,0,0,0,0,0,0,0,0,0,0,0,0,0,0,0,0,0,0,0,0,0,0,0,0,0,0,0,0,0,0,0,0,0,0,0,0,0,0,1,1,0,0,0,0,0,0,0,0,0,0,0,0,0,0,0,0,1,0,0,0,0,1,0,0,0,0,0,0,0,0,0,0,0,0,0,0,0,0,0,0,1,0,0,0,0,0,1,0,0,1,0,0,0,0,0,0,0,1,0,0,0,1,0,0,1,0,0,0,0
-8369105.937,4859676.443,9799,2021007731,,1,0,0,0,0,0,0,0,0,5,0,,67,1,2021,1,39.95686,-75.180956,,6,0,0,0,0,0,0,0,0,,0,0,0,,,0,,2,,39 57:24.696,,8,75 10:51.443,0,0,0,0,67301,0,0,0,N,0,0,0,2,67301,0,,1,,1,N,N,N,0,,0,0,0,,2,,,2,0,0,0,0,0,0,2,1,2,,,,N,,,,,,,,,,,0,0,0,0,0,0,0,0,0,0,0,0,0,0,0,0,0,0,0,0,0,0,0,0,0,0,0,0,0,0,0,0,0,0,0,0,0,0,0,0,0,0,0,0,0,0,0,0,0,0,0,0,0,0,0,1,0,0,0,0,1,0,0,0,0,0,0,0,0,0,0,0,0,0,1,0,0,0,0,0,0,0,0,0,1,0,1,0,1,0,0,0,0,0,0,0,0,0,0,1,0,0,0,0,0,0,1,0,0,0,0,0,0,0,0,0,0,0,0,0,0,1,0,1,0,0,0,0,0
-8371385.316,4876340.833,9800,2021025364,,0,0,0,0,0,0,0,0,0,7,0,,67,3,2021,3,40.071512,-75.201432,,6,0,0,0,0,0,0,0,0,,0,0,0,,,1,N,0,,40 04:17.442,,0,75 12:05.155,3,0,0,0,67301,0,0,0,N,0,0,0,1,67301,0,,4,,1,N,N,N,1,,1,0,0,,0,,,1,1,0,0,0,0,0,2,0,1,,,,N,,,,,,,,,,,0,0,0,0,0,0,0,0,0,0,0,0,0,0,0,0,0,0,0,0,0,0,0,0,0,0,0,0,0,0,0,0,0,0,0,0,0,0,0,1,0,0,0,0,0,0,0,0,0,0,0,0,0,0,0,0,0,0,1,1,0,0,0,1,0,0,0,0,0,0,0,0,0,0,0,0,1,0,0,0,0,0,0,0,0,0,0,0,0,0,0,0,0,0,0,0,0,0,0,0,1,0,0,0,0,0,1,0,0,1,0,1,0,0,0,0,0,0,0,0,0,1,0,0,0,0,0,0,0
-8361132.231,4868105.284,9801,2021024546,,2,0,0,0,0,0,0,0,0,4,0,,67,3,2021,5,40.014875,-75.109327,,6,0,0,0,0,0,1,0,0,,0,0,0,,,0,,1,,40 00:53.550,,0,75 06:33.577,0,0,0,0,67301,0,0,0,N,0,0,0,2,67301,0,,1,,1,N,N,N,0,,0,0,0,,3,U,,2,0,0,0,0,0,0,2,0,2,,3,,N,,,,,,,,,,,1,0,1,0,0,0,0,0,0,0,0,0,0,0,0,0,0,0,0,0,0,0,0,0,1,0,0,0,0,0,0,0,0,0,0,0,0,0,0,0,0,0,0,0,0,0,0,0,0,0,0,0,0,0,0,0,0,0,0,0,1,0,0,0,1,0,0,1,1,0,0,0,0,0,1,0,0,1,0,0,0,0,0,0,1,0,0,0,0,0,0,0,0,0,0,0,0,0,0,0,0,0,0,0,0,0,0,1,0,0,0,0,0,0,0,0,0,0,0,0,1,1,0,1,0,0,0,0,0
-8376910.438,4863270.264,9802,2021007805,,1,0,0,0,0,0,0,0,0,8,0,,67,1,2021,2,39.981602,-75.251065,,6,0,0,0,0,0,0,0,0,,0,0,0,,,1,,1,,39 58:53.767,,6,75 15:03.834,3,0,0,0,67301,1,0,0,N,1,0,0,2,67301,0,,1,,1,N,N,N,0,,1,0,0,,2,,,2,1,0,0,0,0,0,2,0,1,,3,,N,,,,,,,,,,,0,0,0,0,0,0,0,0,0,0,0,0,0,0,0,0,0,0,0,0,0,0,0,0,0,0,0,0,0,0,0,0,0,0,0,0,0,0,0,0,0,0,0,0,0,0,0,0,0,0,0,0,0,0,0,0,0,0,1,1,1,0,0,0,1,0,0,1,1,0,0,0,0,0,0,0,0,0,0,0,0,1,0,0,0,0,0,0,0,0,0,0,0,0,0,0,0,0,0,1,1,0,0,0,0,0,0,0,0,1,0,0,0,0,0,0,0,0,0,0,0,1,0,0,1,0,0,0,0
-8359467.559,4864002.058,9803,2021023839,,1,0,0,0,0,0,1,0,0,4,1,,67,2,2021,7,39.986639,-75.094373,,6,0,0,0,0,0,0,0,0,,0,0,0,,,2,,1,,39 59:11.900,7,0,75 05:39.743,8,0,0,0,67301,0,0,0,N,0,0,0,3,67508,0,,1,2000,1,N,N,Y,0,,0,0,0,,3,Y,,2,2,0,0,0,2,0,2,0,2,,3,,N,,,,,,,,,,,0,0,1,0,0,0,0,0,0,0,0,1,0,0,0,0,0,0,0,0,0,0,0,0,0,0,0,0,0,0,0,0,0,0,0,0,0,0,0,0,0,0,0,0,0,1,0,0,0,0,0,0,0,0,0,1,0,0,1,1,1,0,0,0,0,0,0,1,0,0,0,0,0,0,1,0,0,0,0,0,0,0,0,0,0,0,0,0,0,0,0,0,0,0,0,0,0,0,0,0,0,0,0,0,0,0,1,1,0,0,0,0,0,0,0,0,0,0,0,0,1,1,0,1,0,0,0,0,0
-8354283.186,4874265.634,9804,2021012559,,1,0,0,0,0,0,0,0,0,1,0,,67,2,2021,6,40.057245,-75.047801,,6,0,0,0,0,0,0,0,0,,0,0,0,,,0,N,1,,40 03:26.081,,0,75 02:52.083,9,0,0,0,67301,0,0,0,N,0,0,0,1,67301,0,,9,,6,N,N,N,0,,0,0,0,,9,,,2,0,0,0,0,0,1,2,0,2,,,,N,,,,,,,,,,,0,0,0,0,0,0,0,0,0,0,0,0,0,0,0,0,0,0,0,0,0,0,0,0,0,0,0,0,0,0,0,0,0,0,0,0,0,0,0,0,0,0,1,0,0,1,0,0,0,0,0,0,0,0,0,1,0,0,0,0,1,0,0,0,0,0,0,1,0,0,0,0,0,0,1,0,0,0,0,0,0,0,0,0,0,0,0,0,0,1,0,0,0,0,0,0,0,0,0,0,0,0,1,0,0,0,1,0,0,0,0,0,0,0,0,0,0,0,0,0,1,1,0,1,0,0,0,0,0
-8369896.083,4855119.292,9805,2021025008,,1,0,0,0,0,0,0,0,0,3,1,,67,3,2021,3,39.925473,-75.188054,,6,0,0,0,0,0,1,0,0,,0,1,0,,,1,,2,,39 55:31.701,1,1,75 11:16.994,8,0,0,0,67301,0,0,0,N,0,0,0,2,67301,0,,1,820,1,N,N,N,0,,0,0,0,,3,N,,2,1,0,0,0,1,0,2,0,2,,,,N,,,,,,,,,,,0,0,0,0,0,0,0,0,0,0,0,1,0,0,0,0,0,0,0,0,0,0,0,0,1,0,0,0,0,0,0,0,0,0,0,0,0,0,0,0,0,0,0,0,0,0,0,0,0,0,0,0,1,0,0,0,0,0,1,1,1,0,0,0,0,0,0,1,1,0,0,0,0,0,1,0,0,0,0,0,0,0,0,0,0,0,0,0,0,0,0,0,0,0,0,0,0,0,0,0,0,0,0,0,0,0,0,1,0,0,0,0,0,0,0,0,0,0,0,0,1,1,0,0,0,0,0,0,0
-8367167.196,4857592.093,9806,2021025210,,0,0,0,0,0,0,0,0,0,8,0,,67,3,2021,3,39.942506,-75.16354,,6,0,0,0,0,0,0,1,0,,0,0,0,,,1,,1,,39 56:33.023,,0,75 09:48.744,4,0,0,0,67301,1,0,0,N,1,0,0,2,67301,1,,1,,99,N,N,N,0,,0,0,1,,3,,,2,1,0,0,0,0,0,2,0,1,,,,N,,,,,,,,,,,1,0,0,0,0,0,0,0,0,0,0,0,0,0,0,0,0,0,0,0,0,0,0,0,0,1,0,0,0,0,0,0,0,0,0,0,0,0,0,0,0,0,0,0,0,0,0,0,0,0,0,0,0,0,0,0,0,0,1,1,1,0,0,0,0,0,0,1,1,0,0,1,0,0,0,0,0,0,0,0,0,1,0,1,0,0,0,0,0,0,0,0,0,0,0,0,0,0,0,0,1,0,0,0,0,0,0,1,0,0,0,0,0,0,0,0,0,0,0,0,1,1,0,0,1,0,0,0,0
-8362284.945,4862021.532,9807,2021022210,,0,0,0,0,0,0,0,0,0,99,0,,67,3,2021,7,39.973006,-75.119682,,6,0,0,0,0,0,0,0,0,,0,0,0,,,0,N,0,,39 58:22.820,,1,75 07:10.856,9,0,0,0,67301,0,0,0,N,0,0,0,1,67301,0,,5,,3,N,N,N,0,,0,0,1,,0,,,1,0,0,0,0,0,1,2,0,1,,3,,N,,,,,,,,,,,0,0,0,0,0,0,0,0,0,0,0,0,0,0,0,0,0,0,0,0,0,0,0,0,0,0,0,0,0,0,0,0,0,0,0,0,0,0,0,0,0,0,0,0,0,1,0,0,0,0,0,0,0,0,0,1,0,0,0,0,0,0,0,0,0,0,0,0,0,0,0,0,0,0,0,0,1,0,0,0,0,0,0,0,0,0,0,0,0,0,0,0,0,0,0,0,0,0,0,0,1,0,0,0,0,0,1,0,0,0,0,1,0,0,0,0,0,0,0,0,0,1,0,1,0,0,0,0,0
-8366010.475,4859137.089,9808,2021024018,,0,0,0,0,0,0,1,0,0,4,1,,67,2,2021,5,39.953146,-75.153149,,6,0,0,0,0,0,0,0,0,,0,0,0,,,1,,1,,39 57:11.325,,0,75 09:11.338,8,0,0,0,67301,0,0,0,N,0,0,0,3,67508,0,,1,,1,N,N,Y,1,,0,0,0,,2,,,2,1,0,0,0,1,0,2,0,2,,3,,N,,,,,,,,,,,1,0,1,0,0,0,0,0,0,0,0,1,0,0,0,0,0,0,0,0,0,0,0,0,0,0,0,0,0,0,0,0,0,0,0,0,0,0,0,0,0,0,0,0,0,0,0,0,0,0,0,0,0,0,0,0,0,0,1,1,1,0,0,0,0,0,0,1,0,0,0,0,0,0,1,0,0,0,0,0,0,0,0,0,0,0,0,0,0,0,0,1,0,0,0,0,0,0,0,1,0,0,0,0,0,0,1,0,0,0,0,0,0,0,0,0,0,0,0,0,0,1,0,0,0,0,0,0,0
-8375046.615,4855133.662,9809,2021024818,,0,0,0,0,0,0,0,0,0,8,0,,67,2,2021,4,39.925572,-75.234322,,6,0,0,0,0,0,0,0,0,,0,0,0,,,1,,2,,39 55:32.060,,0,75 14:03.558,2,0,0,0,67301,1,0,1,N,1,0,1,1,67301,0,,9,,1,N,N,N,0,,0,1,0,,9,U,,2,1,0,0,0,0,0,2,0,1,,3,,N,,,,,,,,,,,0,0,0,0,0,0,0,0,0,0,0,0,0,0,0,0,0,0,0,0,0,0,0,0,0,0,0,0,0,0,1,0,0,0,0,0,0,0,0,0,0,0,0,0,0,0,0,0,0,0,0,0,0,0,0,0,0,0,1,1,1,0,0,0,0,0,0,1,0,0,0,0,0,0,0,0,0,0,0,0,0,1,0,0,0,0,0,0,0,0,0,0,0,0,0,0,0,0,0,0,1,0,0,0,0,0,1,0,0,0,1,0,0,0,0,0,0,0,0,0,1,1,0,0,1,0,0,0,0
-8376040.253,4851958.231,9810,2021022585,,1,0,0,0,0,0,0,0,0,4,0,,67,3,2021,2,39.903693,-75.243248,,6,0,0,0,0,0,1,0,0,,0,0,0,,,0,,1,,39 54:13.293,4,0,75 14:35.691,0,0,0,0,67301,0,0,0,N,0,0,0,2,67301,0,,1,825,1,N,N,N,0,,0,0,1,,2,N,,2,0,0,0,0,0,0,2,0,2,,3,,N,,,,,,,,,,,0,0,1,0,0,0,0,0,0,0,0,0,0,0,0,0,0,0,0,0,0,0,0,0,1,0,0,0,0,0,0,0,0,0,0,0,0,0,0,0,0,0,0,0,0,0,0,0,0,0,0,0,0,0,0,0,0,0,0,0,1,0,0,0,0,0,0,1,1,0,0,0,0,0,1,0,0,0,0,0,0,0,0,0,1,0,0,0,0,0,0,0,0,0,0,0,0,0,0,1,0,0,0,0,0,0,0,0,0,0,0,0,0,0,0,0,0,0,0,0,0,1,0,1,0,0,0,0,0
-8365330.535,4860015.55,9811,2021022708,,1,0,0,0,0,0,0,0,0,5,1,,67,3,2021,1,39.959195,-75.147041,,6,0,0,0,0,0,0,0,0,,0,1,0,,,1,N,0,,39 57:33.101,1,0,75 08:49.349,8,0,0,0,67301,0,0,0,N,0,0,0,3,67301,0,,1,1859,1,N,N,Y,0,,0,0,1,,0,Y,,3,1,0,0,0,1,1,2,0,3,,3,,N,,,,,,,,,,,1,0,0,0,0,0,0,0,0,0,0,1,0,0,0,0,0,0,0,0,0,0,0,0,0,0,0,0,0,0,0,0,0,0,0,0,0,0,0,0,0,0,1,0,0,0,0,0,0,0,0,0,1,0,0,0,0,0,1,1,0,0,0,0,0,0,0,0,0,0,0,0,0,0,1,0,1,0,0,0,0,0,0,0,0,0,0,0,0,0,0,0,0,0,0,0,0,0,0,0,0,0,0,0,0,0,1,0,0,0,0,0,0,0,0,0,0,0,0,0,0,1,0,1,0,0,0,0,0
-8347032.612,4875328.998,9812,2021025009,,0,0,0,1,1,0,1,0,0,8,1,,67,2,2021,4,40.064556,-74.982668,,6,0,0,0,0,0,0,0,0,,1,0,0,,,0,N,0,,40 03:52.402,1,0,74 58:57.606,1,0,0,0,67301,1,1,0,N,0,0,0,2,67301,0,2,4,2230,1,N,N,N,0,0,0,0,0,,0,Y,,2,0,0,0,0,0,0,2,0,1,,3,,N,,,,,,,,,,,0,0,0,0,0,0,0,0,1,0,0,1,0,0,0,0,0,1,0,0,0,0,0,0,0,0,0,0,0,1,1,0,0,0,0,0,0,0,0,0,0,0,0,0,0,1,0,0,0,0,0,0,0,0,0,1,0,0,0,1,0,0,0,1,0,0,0,0,0,0,0,0,0,0,0,0,1,0,0,0,0,0,0,0,0,0,0,0,0,0,0,0,0,0,0,0,0,0,0,0,1,0,0,0,0,0,1,0,0,0,0,1,0,0,0,0,0,0,0,0,0,1,0,0,1,1,0,0,0
-8369994.601,4862349.68,9813,2021023781,,1,0,0,0,0,0,1,0,0,5,1,,67,2,2021,5,39.975265,-75.188939,,6,0,0,0,0,0,0,0,0,,0,0,0,,,1,N,0,,39 58:30.953,,0,75 11:20.181,4,0,0,0,67301,0,0,0,N,0,0,0,2,67508,1,,1,,1,N,N,Y,0,,0,0,0,,0,,,2,1,0,0,0,0,0,2,0,2,,3,,N,,,,,,,,,,,0,0,0,0,0,0,0,0,0,0,0,1,0,0,0,0,0,0,0,0,0,0,0,0,0,0,0,0,0,0,0,0,0,0,0,0,0,0,0,0,0,0,0,0,0,0,0,0,0,0,0,0,0,0,0,1,0,0,1,1,0,0,0,0,0,0,0,0,0,0,0,0,0,0,1,0,1,0,0,0,0,0,0,1,0,0,0,0,0,0,0,0,0,0,0,0,0,0,0,0,0,0,0,0,0,0,1,0,0,0,0,0,0,0,0,0,0,0,0,0,0,1,0,1,0,0,0,0,0
-8366353.339,4865093.964,9814,2021021968,,2,0,0,0,0,0,0,0,0,1,1,,67,2,2021,7,39.994154,-75.156229,,6,0,0,0,0,0,2,0,0,,0,1,0,,,0,,1,,39 59:38.956,4,0,75 09:22.424,0,0,0,0,67301,0,0,0,N,0,0,0,4,67301,0,,1,1025,2,N,N,N,0,,0,0,1,,2,N,,4,0,0,0,0,0,0,2,0,4,,10,,N,,,,,,,,,,,0,0,0,0,0,0,0,0,0,0,0,1,0,0,0,0,0,0,0,0,0,0,0,0,1,0,0,0,0,0,0,0,0,0,0,0,0,0,0,0,0,0,0,0,0,0,0,0,0,0,0,0,1,1,0,0,0,0,0,0,1,0,0,0,0,0,0,1,0,0,0,0,0,0,1,0,0,0,0,0,0,0,0,0,1,0,0,0,0,1,0,0,0,0,0,0,0,0,0,1,0,0,0,0,0,0,1,0,0,0,0,0,0,0,0,0,0,0,0,0,0,1,0,1,0,0,0,0,0
-8361986.386,4865148.309,9815,2021007497,,2,0,0,0,0,0,0,0,0,1,0,,67,1,2021,6,39.994528,-75.117,,6,0,0,0,0,0,0,0,0,,0,0,0,,,1,N,0,,39 59:40.300,,0,75 07:01.200,3,0,0,0,67301,0,0,0,N,0,0,0,4,67301,0,,1,,1,N,N,N,0,,1,0,0,,0,,,2,1,0,0,0,0,3,2,0,2,,3,,N,,,,,,,,,,,0,1,0,0,0,0,0,0,0,0,0,0,0,0,0,0,0,0,1,0,0,0,0,0,0,0,0,0,0,0,0,0,0,0,0,0,0,0,0,0,0,0,0,0,0,1,0,0,0,0,0,0,0,0,0,1,1,0,1,1,0,0,0,0,0,0,0,1,1,0,0,0,0,0,1,0,1,0,0,0,0,0,0,0,0,0,0,0,0,1,0,0,0,0,0,0,0,0,0,0,0,0,0,0,0,0,0,0,0,1,0,0,0,0,0,0,0,0,0,0,0,1,0,0,0,0,0,0,0
-8363775.958,4865798.863,9816,2021007739,,2,0,0,0,0,0,0,0,0,2,0,,67,1,2021,7,39.999005,-75.133076,,6,0,0,0,0,0,0,0,0,,0,0,0,,,3,N,0,,39 59:56.419,,7,75 07:59.075,2,0,0,0,67301,0,0,0,N,0,0,0,3,67301,1,,1,,1,N,N,N,0,,1,1,0,,2,,,2,3,3,0,1,0,0,2,0,2,,3,,N,,,,,,,,,,,0,0,0,0,0,0,0,0,0,0,0,0,0,0,0,0,0,1,0,0,0,0,0,0,0,0,0,0,0,0,1,0,0,0,0,0,0,0,0,0,0,0,0,0,0,0,0,0,0,0,0,1,0,0,0,1,0,0,1,1,0,0,0,0,1,0,0,0,0,0,0,0,0,0,1,0,1,0,0,0,0,0,0,1,0,0,0,0,0,0,0,0,0,0,0,0,0,0,0,0,0,0,0,0,0,0,1,0,0,1,1,0,0,0,0,0,0,1,0,0,0,1,0,1,0,0,0,0,0
-8360035.734,4866776.447,9817,2021009969,,1,0,0,0,0,0,0,0,0,5,1,,67,1,2021,6,40.005732,-75.099477,,6,0,0,0,0,0,0,0,0,,0,1,0,,,1,N,0,,40 00:20.636,,0,75 05:58.118,3,0,0,0,67301,0,0,0,N,0,0,0,3,67301,0,,1,,1,N,N,N,0,,1,0,0,,0,,,2,1,2,0,0,0,0,2,0,2,,3,,N,,,,,,,,,,,0,0,0,0,0,0,0,0,0,0,0,1,0,0,0,0,0,0,0,0,0,0,0,0,0,0,0,0,0,0,0,0,0,0,0,0,0,0,0,0,0,0,0,0,0,0,0,0,0,0,0,0,1,0,0,0,0,0,1,1,0,0,0,0,0,0,0,0,0,0,0,0,0,0,1,0,1,0,0,0,0,0,0,0,0,0,0,0,0,0,0,0,0,0,0,0,0,0,0,0,0,0,0,0,0,0,1,0,0,1,0,0,0,0,0,0,0,1,0,0,0,1,0,0,0,0,0,0,0
-8375600.541,4851622.736,9818,2021007929,,1,0,0,0,0,0,0,0,0,4,1,,67,1,2021,1,39.901381,-75.239298,,6,0,0,0,0,0,1,0,0,,0,1,0,,,1,,2,,39 54:04.971,,0,75 14:21.471,3,0,0,0,67301,0,0,0,N,0,0,0,2,67301,0,,1,,1,N,N,N,0,,1,0,0,,2,,,2,1,0,0,0,0,0,2,0,2,,3,,N,,,,,,,,,,,0,0,1,0,0,0,0,0,0,0,0,1,0,0,0,0,0,0,0,0,0,0,0,0,1,0,0,0,0,0,0,1,0,0,0,0,0,0,0,0,0,0,0,0,0,0,0,0,0,0,0,0,1,0,0,0,0,0,1,1,1,0,0,0,1,0,0,1,0,0,0,0,0,0,1,0,0,0,0,0,0,0,0,0,0,0,0,0,0,0,0,0,0,0,0,0,0,0,0,1,0,0,0,0,0,0,1,0,0,1,0,0,0,0,0,0,0,0,0,0,0,1,0,1,0,0,0,0,0
-8371829.481,4858428.888,9819,2021022324,,3,0,0,0,0,0,0,0,0,1,0,,67,3,2021,6,39.948269,-75.205422,,6,0,0,0,0,0,1,0,0,,0,0,0,,,1,N,0,,39 56:53.770,,0,75 12:19.520,3,0,0,0,67301,0,0,0,N,0,0,0,3,67301,0,,1,,1,N,N,N,0,,1,0,0,,0,,,3,1,2,0,0,0,0,2,0,3,,3,,N,,,,,,,,,,,1,0,0,0,0,0,0,0,0,0,0,0,0,0,0,0,0,1,0,0,0,0,0,0,1,0,0,0,0,0,0,0,0,0,0,0,0,0,0,0,0,0,0,0,0,0,0,0,0,0,0,0,0,0,0,0,0,0,1,1,0,0,0,0,0,0,0,1,1,0,0,0,0,0,1,0,1,0,0,0,0,0,0,0,0,0,0,0,0,1,0,0,0,0,0,0,0,0,0,0,0,0,0,0,0,0,0,0,0,1,0,0,0,0,0,0,0,1,0,0,0,1,0,1,0,0,0,0,0