X,Y,objectid,crn,arrival_tm,automobile_count,belted_death_count,belted_susp_serious_inj_count,bicycle_count,bicycle_death_count,bicycle_susp_serious_inj_count,bus_count,chldpas_death_count,chldpas_susp_serious_inj_count,collision_type,comm_veh_count,cons_zone_spd_lim,county,crash_month,crash_year,day_of_week,dec_latitude,dec_longitude,dispatch_tm,district,driver_count_16yr,driver_count_17yr,driver_count_18yr,driver_count_19yr,driver_count_20yr,driver_count_50_64yr,driver_count_65_74yr,driver_count_75plus,est_hrs_closed,fatal_count,heavy_truck_count,horse_buggy_count,hour_of_day,illumination,injury_count,intersection_related_x,intersect_type,lane_closed,latitude,ln_close_dir,location_type,longitude,max_severity_level,mcycle_death_count,mcycle_susp_serious_inj_count,motorcycle_count,municipality,nonmotr_count,nonmotr_death_count,nonmotr_susp_serious_inj_count,ntfy_hiwy_maint,ped_count,ped_death_count,ped_susp_serious_inj_count,person_count,police_agcy,possible_inj_count,rdwy_surf_type_cd,relation_to_road,roadway_cleared,road_condition,sch_bus_ind,sch_zone_ind,secondary_crash,small_truck_count,spec_juris_cd,susp_minor_inj_count,susp_serious_inj_count,suv_count,tcd_func_cd,tcd_type,tfc_detour_ind,time_of_day,total_units,tot_inj_count,unbelted_occ_count,unb_death_count,unb_susp_serious_inj_count,unk_inj_deg_count,unk_inj_per_count,urban_rural,van_count,vehicle_count,weather1,weather2,workers_pres,work_zone_ind,work_zone_loc,work_zone_type,wz_close_detour,wz_flagger,wz_law_offcr_ind,wz_ln_closure,wz_moving,wz_other,wz_shlder_mdn,wz_workers_inj_killed,aggressive_driving,alcohol_related,angle_crash,atv,atv_route,backup_congestion,backup_nonrecurring,backup_prior,bicycle,cell_phone,child_passenger,comm_vehicle,core_network,cross_median,curved_road,curve_dvr_error,deer_related,distracted,drinking_driver,driver_16yr,driver_17yr,driver_18yr,driver_19yr,driver_20yr,driver_50_64yr,driver_65_74yr,driver_75plus,drugged_driver,drug_related,fatal,fatal_or_susp_serious_inj,fatigue_asleep,federal_aid_route,fire_in_vehicle,hazardous_truck,hit_barrier,hit_bridge,hit_deer,hit_embankment,hit_fixed_object,hit_gdrail,hit_gdrail_end,hit_parked_vehicle,hit_pole,hit_roadway_equipment,hit_run,hit_temp_construction_barrier,hit_traffic_island,hit_tree_shrub,hit_utility_pole,horse_buggy,ho_oppdir_sdswp,hvy_truck_related,icy_road,illegal_drug_related,illumination_dark,impaired_driver,impaired_nonmotorist,injury,injury_or_fatal,intersection,intersection_related_y,interstate,lane_departure,left_turn,limit_65mph,limit_70mph,local_road,local_road_only,marijuana_drugged_driver,marijuana_related,mature_driver,mc_drinking_driver,motorcycle,multiple_vehicle,nhtsa_agg_driving,non_intersection,no_clearance,opioid_related,other_freeway_expressway,overturned,pedestrian,phantom_vehicle,possible_injury,property_damage_only,psp_reported,ramp,ramp_segment,ramp_terminal,rear_end,roundabout,running_red_lt,running_stop_sign,rural,school_bus,school_bus_related,school_bus_unit,school_zone,shldr_related,signalized_int,single_vehicle,snowmobile,snow_slush_road,speeding,speeding_related,speed_change_lane,state_road,stop_controlled_int,sudden_deer,suspected_minor_injury,suspected_serious_injury,sv_run_off_rd,tailgating,train,train_trolley,trolley,turnpike,unbelted,underage_drnk_drv,unlicensed,unsignalized_int,urban,vehicle_failure,vehicle_towed,vulnerable_road_user,vulnerable_road_user_fatal,wet_road,work_zone,young_driver
-8365778.93,4859716.525,10135,2021031022,,0,0,0,0,0,0,0,0,0,4,0,,67,4,2021,2,39.957136,-75.151069,,6,0,0,0,0,0,0,1,0,,0,0,0,,,1,,5,,39 57:25.688,,2,75 09:03.847,8,0,0,0,67301,0,0,0,N,0,0,0,4,67301,0,,1,,1,N,N,N,0,,0,0,2,,2,,,2,1,0,0,0,1,2,2,0,2,,3,,N,,,,,,,,,,,1,0,1,0,0,0,0,0,0,0,0,0,0,0,0,0,0,0,0,0,0,0,0,0,0,1,0,0,0,0,0,0,0,0,0,0,0,0,0,0,0,0,0,0,0,0,0,0,0,0,0,0,0,0,0,0,0,0,1,1,1,0,0,0,0,0,0,1,0,0,0,1,0,0,1,0,0,0,0,0,0,0,0,0,0,0,1,0,1,0,0,1,0,0,0,0,0,0,0,1,0,0,0,0,0,0,1,0,0,0,0,0,0,0,0,0,0,0,0,0,0,1,0,1,0,0,0,0,0
-8367349.872,4862218.797,10136,2021049072,,1,0,0,0,0,0,0,0,0,5,1,,67,5,2021,7,39.974364,-75.165181,,6,0,0,0,0,0,0,0,0,,0,1,0,,,0,N,0,,39 58:27.710,,0,75 09:54.650,9,0,0,0,67301,0,0,0,N,0,0,0,1,67301,0,,6,,1,N,N,N,0,,0,0,1,,0,,,3,0,0,0,0,0,1,2,0,3,,3,,N,,,,,,,,,,,0,1,0,0,0,0,0,0,0,0,0,1,0,0,0,0,0,0,1,0,0,0,0,0,0,0,0,1,1,0,0,0,0,0,0,0,0,0,0,0,0,0,1,0,0,0,0,0,0,0,0,0,1,0,1,0,1,0,0,0,0,0,0,0,0,0,0,1,1,0,0,0,0,0,1,0,1,0,0,0,0,0,0,0,0,0,0,0,0,0,0,0,0,0,0,0,0,0,0,0,0,0,0,0,0,0,0,0,0,0,0,0,0,0,0,0,0,0,0,0,0,1,0,1,0,0,0,0,0
-8373391.405,4860268.4,10137,2021030129,,2,0,0,0,0,0,0,0,0,4,0,,67,4,2021,5,39.960936,-75.219453,,6,0,0,0,0,0,0,0,0,,0,0,0,,,4,,2,,39 57:39.369,,0,75 13:10.030,3,0,0,0,67301,0,0,0,N,0,0,0,4,67301,3,,1,,1,N,N,N,0,,1,0,0,,3,,,2,4,0,0,0,0,0,2,0,2,,,,N,,,,,,,,,,,1,0,1,0,0,0,0,0,0,0,1,0,0,0,0,0,0,0,0,0,0,0,0,0,0,0,0,0,0,0,0,0,0,0,0,0,0,0,0,0,0,0,0,0,0,0,0,0,0,0,0,0,0,0,0,0,0,0,1,1,1,0,0,0,1,0,0,1,1,0,0,0,0,0,1,0,0,0,0,0,0,0,0,1,0,0,0,0,0,0,0,0,1,0,0,0,0,0,0,0,0,0,0,0,0,0,0,1,0,1,0,0,0,0,0,0,0,0,0,0,1,1,0,1,0,0,0,0,0
-8375160.272,4859980.404,10138,2021030131,,1,0,0,0,0,0,0,0,0,4,0,,67,4,2021,5,39.958953,-75.235343,,6,0,0,0,0,0,0,0,0,,0,0,0,,,3,,1,,39 57:32.230,,0,75 14:07.234,3,0,0,0,67301,0,0,0,N,0,0,0,3,67301,1,,1,,1,N,N,N,0,,2,0,1,,3,,,2,3,0,0,0,0,0,2,0,2,,3,,N,,,,,,,,,,,1,0,1,0,0,0,0,0,0,0,1,0,0,0,0,0,0,0,0,0,0,0,0,0,0,0,0,0,0,0,0,0,0,0,0,0,0,0,0,0,0,0,0,0,0,0,0,0,0,0,0,0,0,0,0,0,0,0,1,1,1,0,0,0,0,0,0,1,1,0,0,0,0,0,1,0,0,1,0,0,0,0,0,1,0,0,0,0,0,0,0,0,0,0,0,0,0,0,0,0,0,0,0,0,0,0,0,1,0,1,0,0,0,0,0,0,0,0,0,0,1,1,1,1,0,0,0,0,1
-8369431.101,4854856.557,10139,2021030879,,3,0,0,0,0,0,0,0,0,4,0,,67,4,2021,7,39.923663,-75.183877,,6,0,0,0,0,0,0,0,0,,0,0,0,,,1,,1,,39 55:25.186,,0,75 11:01.957,8,0,0,0,67301,0,0,0,N,0,0,0,2,67301,0,,1,,1,N,N,N,0,,0,0,0,,3,,,3,1,0,0,0,1,0,2,0,3,,3,,N,,,,,,,,,,,1,0,1,0,0,0,0,0,0,0,0,0,0,0,0,0,0,0,0,0,0,0,0,0,0,0,0,0,0,0,0,0,0,0,0,0,0,0,0,0,0,0,1,0,0,0,0,0,0,0,0,0,0,0,0,0,0,0,1,1,1,0,0,0,0,0,0,1,1,0,0,0,0,0,1,0,0,1,0,0,0,0,0,0,0,0,0,0,0,0,0,0,0,0,0,0,0,0,0,0,0,0,0,0,0,0,0,1,0,0,0,0,0,0,0,0,0,0,0,0,1,1,0,1,0,0,0,0,0
-8357046.805,4872391.243,10140,2021029394,,2,0,0,0,0,0,0,0,0,4,0,,67,3,2021,2,40.044356,-75.072627,,6,0,0,0,0,0,0,0,0,,0,0,0,,,0,,1,,40 02:39.682,,0,75 04:21.458,9,0,0,0,67301,0,0,0,N,0,0,0,3,67301,0,,1,,1,N,N,N,0,,0,0,0,,2,,,2,0,2,0,0,0,1,2,0,2,,3,,N,,,,,,,,,,,0,0,1,0,0,0,0,0,0,0,0,0,0,0,0,0,0,0,0,0,0,0,0,0,0,0,0,0,0,0,0,0,0,0,0,0,0,0,0,0,0,0,0,0,0,1,0,0,0,0,0,0,0,0,0,1,0,0,0,0,1,0,0,0,0,0,0,1,0,0,0,0,0,0,1,0,0,0,0,0,0,0,0,0,0,0,0,0,0,0,0,0,0,0,0,0,0,0,0,1,0,0,0,0,0,0,1,0,0,0,0,0,0,0,0,0,0,1,0,0,0,1,0,1,0,0,0,0,0
-8365535.586,4861661.439,10141,2021048656,,1,0,0,0,0,0,0,0,0,4,0,,67,5,2021,5,39.970527,-75.148883,,6,0,0,0,0,0,0,0,0,,0,1,0,,,5,,1,,39 58:13.897,7,0,75 08:55.980,3,0,0,0,67301,0,0,0,N,0,0,0,5,67301,0,,1,2000,1,N,N,Y,0,,4,0,1,,2,N,,3,5,0,0,0,1,0,2,0,3,,,,N,,,,,,,,,,,1,0,1,0,0,0,0,0,0,0,0,0,0,0,0,0,0,0,0,0,0,0,0,0,0,0,0,0,0,0,0,0,0,0,0,0,0,0,0,0,0,0,1,0,0,0,0,0,0,0,0,0,1,0,0,0,0,0,1,1,1,0,0,0,1,0,0,1,0,0,0,0,0,0,1,0,0,0,0,0,0,0,0,0,0,0,0,0,0,0,0,0,0,0,0,0,0,0,0,1,0,0,0,0,0,0,1,0,0,1,0,0,0,0,0,0,0,0,0,0,0,1,0,1,0,0,0,0,0
-8373217.301,4856815.329,10142,2021038595,,1,0,0,0,0,0,0,0,0,5,0,,67,4,2021,7,39.937156,-75.217889,,6,0,0,0,0,0,0,0,0,,0,0,0,,,2,N,0,,39 56:13.760,,0,75 13:04.400,3,0,0,0,67301,0,0,0,N,0,0,0,3,67301,0,,1,,9,N,N,N,0,,2,0,2,,0,,,3,2,0,0,0,0,0,2,0,3,,,,N,,,,,,,,,,,0,0,0,0,0,0,0,0,0,0,0,0,0,0,0,0,0,0,0,0,0,0,0,0,0,0,0,0,0,0,0,0,0,0,0,0,0,0,0,0,0,0,0,0,0,1,0,0,0,0,0,0,0,0,0,1,0,0,1,1,0,0,0,0,0,0,0,1,1,0,0,0,0,0,1,0,1,0,0,0,0,0,0,0,0,0,0,0,0,0,0,0,0,0,0,0,0,0,0,0,0,0,0,0,0,0,0,0,0,1,0,0,0,0,0,0,0,0,0,0,0,1,0,1,0,0,1,0,0
-8361670.016,4868894.415,10143,2021049079,,1,0,0,0,0,0,0,0,0,4,0,,67,5,2021,1,40.020304,-75.114158,,6,0,0,0,0,0,0,0,0,,0,0,0,,,1,,1,,40 01:13.096,2,0,75 06:50.969,2,0,1,1,67301,0,0,0,N,0,0,0,2,67301,0,,1,1720,1,N,N,N,0,,0,1,0,,2,Y,,2,1,0,0,0,0,0,2,0,2,,4,,N,,,,,,,,,,,1,0,1,0,0,0,0,0,0,0,0,0,0,0,0,0,0,0,0,0,0,0,0,0,0,0,0,0,0,0,1,0,0,0,0,0,0,0,0,0,0,0,0,0,0,0,0,0,0,0,0,0,0,0,0,0,0,0,1,1,1,0,0,0,1,0,0,1,0,0,0,0,0,1,1,0,0,0,0,0,0,0,0,0,0,0,0,0,0,0,0,0,0,0,0,0,0,0,0,1,0,0,0,0,1,0,1,0,0,0,1,0,0,0,0,0,0,0,0,0,0,1,0,0,0,0,0,0,0
-8356880.493,4868134.79,10144,2021032827,,2,0,0,0,0,0,0,0,0,6,0,,67,4,2021,2,40.015078,-75.071133,,6,0,0,0,0,0,0,0,0,,0,0,0,,,0,N,0,,40 00:54.280,,0,75 04:16.080,0,0,0,0,67301,0,0,0,N,0,0,0,1,67301,0,,6,,1,N,N,N,0,,0,0,1,,0,,,3,0,0,0,0,0,0,2,0,3,,3,,N,,,,,,,,,,,1,0,0,0,0,0,0,0,0,0,0,0,0,0,0,0,0,0,0,0,0,0,0,0,0,0,0,0,0,0,0,0,0,0,0,0,0,0,0,0,0,0,1,0,0,1,0,0,0,0,0,1,0,0,0,1,0,0,0,0,0,0,0,0,0,0,0,0,0,0,0,0,0,0,1,0,1,0,0,0,0,0,0,0,1,0,0,0,0,0,0,0,0,0,0,0,0,0,0,0,0,0,0,1,1,0,1,0,0,0,0,0,0,0,0,0,0,0,0,0,0,1,0,1,0,0,0,0,0
-8372761.225,4866991.973,10145,2021031576,,1,0,0,0,0,0,0,0,0,4,0,,67,3,2021,3,40.007215,-75.213792,,6,0,0,1,0,0,0,0,0,,0,0,0,,,1,,1,,40 00:25.975,,0,75 12:49.652,8,0,0,0,67301,0,0,0,N,0,0,0,3,67301,0,,1,,1,N,N,N,0,,0,0,1,,2,,,2,1,0,0,0,1,2,2,0,2,,4,,N,,,,,,,,,,,1,0,1,0,0,0,0,0,0,0,0,0,1,0,0,0,0,0,0,0,0,1,0,0,0,0,0,0,0,0,0,0,0,0,0,0,0,0,0,0,0,0,0,0,0,0,0,0,0,0,0,0,0,0,0,1,0,0,1,1,1,0,0,0,0,0,0,1,0,0,0,0,0,0,1,0,0,0,0,0,0,0,0,0,0,0,0,0,0,0,0,0,0,0,0,0,0,0,0,1,0,0,0,0,0,0,1,0,0,0,0,0,0,0,0,0,0,0,0,0,0,1,0,0,0,0,0,0,1
-8365078.619,4855390.017,10146,2021032122,,2,0,0,0,0,0,0,0,0,5,0,,67,4,2021,6,39.927338,-75.144778,,6,0,0,0,0,0,0,0,0,,0,0,0,,,0,,1,,39 55:38.416,,0,75 08:41.201,0,0,0,0,67301,0,0,0,N,0,0,0,2,67301,0,,1,,1,N,N,N,0,,0,0,0,,2,,,2,0,0,0,0,0,0,2,0,2,,,,N,,,,,,,,,,,1,0,0,0,0,0,0,0,0,0,0,0,0,0,0,0,0,0,0,0,0,0,0,0,0,0,0,0,0,0,0,0,0,0,0,0,0,0,0,0,0,0,0,0,0,0,0,0,0,0,0,0,0,0,0,1,0,0,0,0,1,0,0,0,0,0,0,1,0,0,0,0,0,0,1,0,0,0,0,0,0,0,0,0,1,0,0,0,0,0,0,0,0,0,0,0,0,0,0,1,0,0,0,0,0,0,1,0,0,0,0,0,0,0,0,0,0,0,0,0,0,1,0,1,0,0,0,0,0
-8365219.439,4870751.57,10147,2021032536,,2,0,0,0,0,0,0,0,0,1,0,,67,4,2021,3,40.033079,-75.146043,,6,0,0,0,0,0,0,0,0,,0,0,0,,,2,N,0,,40 01:59.084,,0,75 08:45.754,8,0,0,0,67301,0,0,0,N,0,0,0,2,67301,0,,6,,99,N,N,N,0,,0,0,0,,0,,,2,2,2,0,0,2,0,2,0,2,,3,,N,,,,,,,,,,,0,0,0,0,0,0,0,0,0,0,0,0,0,0,0,0,0,0,0,0,0,0,0,0,0,0,0,0,0,0,0,0,0,0,0,0,0,0,0,0,0,0,1,0,0,0,0,0,0,0,0,0,0,0,0,1,0,0,1,1,0,0,0,0,0,0,0,0,0,0,0,0,0,0,1,0,1,0,0,0,0,0,0,0,0,0,0,0,0,1,0,0,0,0,0,0,0,0,0,0,0,0,0,0,0,0,1,0,0,0,0,0,0,0,0,0,0,1,0,0,0,1,0,1,0,0,0,0,0
-8373872.861,4849035.217,10148,2021030232,,0,0,0,0,0,0,0,0,0,7,0,,67,4,2021,6,39.883547,-75.223778,,6,0,0,0,0,0,0,0,0,,0,0,0,,,0,N,0,,39 53:00.770,,0,75 13:25.600,0,0,0,0,67301,0,0,0,N,0,0,0,1,67301,0,,4,,1,N,N,N,0,,0,0,0,,0,,,1,0,0,0,0,0,0,2,1,1,,3,,N,,,,,,,,,,,1,0,0,0,0,0,0,0,0,0,0,0,0,0,0,0,0,0,0,0,0,0,0,0,0,0,0,0,0,0,0,0,0,0,0,0,0,0,0,1,0,0,0,1,0,1,0,0,0,1,0,0,0,0,0,1,0,0,0,0,0,0,0,1,0,0,0,1,1,0,0,0,0,0,0,0,1,0,0,0,0,0,0,0,1,0,0,0,0,0,0,0,0,0,0,0,0,0,0,0,1,0,0,0,0,0,0,0,0,0,0,1,0,0,0,0,0,0,0,0,0,1,0,1,0,0,0,0,0
-8375787.112,4861783.454,10149,2021055771,,0,0,0,0,0,0,0,0,0,4,0,,67,6,2021,5,39.971367,-75.240974,,6,0,0,0,1,0,0,0,0,,0,0,0,,,2,,1,,39 58:16.921,,0,75 14:27.506,3,0,0,0,67301,0,0,0,N,0,0,0,2,67301,0,,1,,1,N,N,Y,1,,2,0,2,,3,,,3,2,0,0,0,0,0,2,0,3,,3,,N,,,,,,,,,,,1,0,1,0,0,0,0,0,0,0,0,0,0,0,0,0,0,0,0,0,0,0,1,0,0,0,0,0,0,0,0,0,0,0,0,0,0,0,0,0,0,0,1,0,0,0,0,0,0,0,0,0,0,0,0,0,0,0,1,1,1,0,0,0,0,0,0,1,1,0,0,0,0,0,1,0,0,0,0,0,0,0,0,0,0,0,0,0,0,0,0,0,1,0,0,0,0,0,0,0,0,0,0,0,0,0,0,1,0,1,0,0,0,0,0,0,0,0,0,0,1,1,0,1,0,0,0,0,1
-8371975.199,4876948.479,10150,2021032328,,1,0,0,0,0,0,0,0,0,5,0,,67,4,2021,2,40.075689,-75.206731,,6,0,0,0,0,0,0,0,1,,0,0,0,,,0,N,0,,40 04:32.480,,0,75 12:24.230,0,0,0,0,67301,0,0,0,N,0,0,0,1,67301,0,,6,,1,N,N,N,0,,0,0,1,,0,,,2,0,0,0,0,0,0,2,0,2,,3,,N,,,,,,,,,,,0,0,0,0,0,0,0,0,0,0,0,0,0,0,0,0,0,0,0,0,0,0,0,0,0,0,1,0,0,0,0,0,0,0,0,0,0,0,0,0,0,0,1,0,0,0,0,0,0,0,0,0,0,0,0,0,0,0,0,0,0,0,0,0,0,0,0,1,1,0,0,1,0,0,1,0,1,0,0,0,0,0,0,0,1,0,0,0,0,0,0,0,0,0,0,0,0,0,0,0,0,0,0,0,0,0,0,0,0,0,0,0,0,0,0,0,0,0,0,0,0,1,0,1,0,0,0,0,0
-8365990.327,4866147.045,10151,2021030792,,0,0,0,0,0,0,0,0,0,5,0,,67,4,2021,1,40.001401,-75.152968,,6,0,0,0,0,0,1,0,0,,0,0,0,,,1,N,0,,40 00:05.042,,0,75 09:10.685,4,0,0,0,67301,0,0,0,N,0,0,0,2,67301,1,,6,,1,N,N,N,0,,0,0,0,,0,,,2,1,0,0,0,0,0,2,2,2,,3,,N,,,,,,,,,,,0,1,0,0,0,0,0,0,0,0,0,0,0,0,0,0,0,0,1,0,0,0,0,0,1,0,0,0,0,0,0,0,0,0,0,0,0,0,0,0,0,0,1,0,0,0,0,0,0,0,0,0,0,0,0,1,1,0,1,1,0,0,0,0,0,0,0,0,0,0,0,0,0,0,1,0,1,0,0,0,0,0,0,1,0,0,0,0,0,0,0,0,0,0,0,0,0,0,0,0,0,0,0,0,0,0,1,0,0,0,0,0,0,0,0,0,0,0,0,0,0,1,0,1,0,0,0,0,0
-8364662.396,4861070.706,10152,2021030389,,3,0,0,0,0,0,0,0,0,4,0,,67,4,2021,6,39.96646,-75.141039,,6,0,0,1,0,0,0,0,0,,0,0,0,,,0,,1,,39 57:59.256,,0,75 08:27.740,0,0,0,0,67301,0,0,0,N,0,0,0,5,67301,0,,1,,1,N,N,N,0,,0,0,3,,3,,,6,0,0,0,0,0,0,2,0,6,,3,,N,,,,,,,,,,,0,0,1,0,0,0,0,0,0,0,0,0,0,0,0,0,0,0,0,0,0,1,0,0,0,0,0,0,0,0,0,0,0,0,0,0,0,0,0,0,0,0,1,0,0,0,0,0,0,0,0,0,0,0,0,1,0,0,0,0,1,0,0,0,0,0,0,1,1,0,0,0,0,0,1,0,0,0,0,0,0,0,0,0,1,0,0,0,0,0,0,0,0,0,0,0,0,0,0,0,0,0,0,0,0,0,0,1,0,0,0,0,0,0,0,0,0,0,0,0,1,1,0,1,0,0,0,0,1
-8349651.626,4880728.011,10153,2021030416,,1,0,0,0,0,0,0,0,0,1,0,,67,3,2021,4,40.101664,-75.006195,,6,0,0,0,0,0,0,0,0,,0,0,0,,,0,,1,,40 06:05.989,,0,75 00:22.303,0,0,0,0,67301,0,0,0,N,0,0,0,3,67301,0,,1,,1,N,N,N,0,,0,0,0,,2,,,2,0,0,0,0,0,0,2,1,2,,3,,N,,,,,,,,,,,0,0,0,0,0,0,0,0,0,0,0,0,1,0,0,0,0,0,0,0,0,0,0,0,0,0,0,0,0,0,0,1,0,0,0,0,0,0,0,0,0,0,0,0,0,0,0,0,0,0,0,0,0,0,0,1,0,0,0,0,1,0,0,0,0,0,0,1,0,0,0,0,0,0,1,0,0,0,0,0,0,0,0,0,1,0,0,0,0,1,0,0,0,0,0,0,0,0,0,1,0,0,0,0,0,0,1,0,0,0,0,0,0,0,0,0,0,0,0,0,0,1,0,1,0,0,0,0,0
-8365094.093,4865022.329,10154,2021032241,,1,0,0,0,0,0,0,0,0,5,0,,67,3,2021,3,39.993661,-75.144917,,6,0,0,0,0,0,0,1,0,,0,0,0,,,0,N,0,,39 59:37.180,,0,75 08:41.700,0,0,0,0,67301,0,0,0,N,0,0,0,1,67301,0,,6,,1,N,N,N,0,,0,0,1,,0,,,2,0,0,0,0,0,0,2,0,2,,3,,N,,,,,,,,,,,0,1,0,0,0,0,0,0,0,0,0,0,0,0,0,0,0,0,1,0,0,0,0,0,0,1,0,0,0,0,0,0,0,0,0,0,0,0,0,0,0,0,1,0,0,0,0,0,0,0,0,0,0,0,0,1,1,0,0,0,0,0,0,0,0,0,0,1,1,0,0,1,0,0,1,0,1,0,0,0,0,0,0,0,1,0,0,0,0,0,0,0,0,0,0,0,0,0,0,0,0,0,0,0,0,0,0,0,0,0,0,0,0,0,0,0,0,0,0,0,0,1,0,1,0,0,0,0,0
-8366780.361,4862887.464,10155,2021030491,,0,0,0,0,0,0,0,0,0,5,0,,67,4,2021,7,39.978967,-75.160065,,6,0,0,0,0,0,0,0,0,,0,0,0,,,0,N,0,,39 58:44.281,4,0,75 09:36.235,0,0,0,0,67301,0,0,0,N,0,0,0,1,67505,0,,6,1130,1,N,N,N,1,,0,0,1,,0,Y,,2,0,0,0,0,0,0,2,0,2,,3,,N,,,,,,,,,,,0,0,0,0,0,0,0,0,0,0,0,0,0,0,0,0,0,0,0,0,0,0,0,0,0,0,0,0,0,0,0,0,0,0,0,0,0,0,0,0,0,0,1,0,0,0,0,0,0,0,0,0,0,0,0,0,0,0,0,0,0,0,0,0,0,0,0,0,0,0,0,0,0,0,1,0,1,0,0,0,0,0,0,0,1,0,0,0,0,0,0,0,0,0,0,0,0,0,0,0,0,0,0,0,0,0,1,0,0,0,0,0,0,0,0,0,0,0,0,0,0,1,1,1,0,0,0,0,0
-8365781.157,4853803.948,10156,2021030231,,3,0,0,0,0,0,0,0,0,1,0,,67,4,2021,6,39.916411,-75.151089,,6,0,0,0,0,0,0,0,0,,0,0,0,,,1,N,0,,39 54:59.080,,0,75 09:03.920,3,0,0,0,67301,0,0,0,N,0,0,0,2,67301,0,,6,,1,N,N,N,0,,1,0,0,,0,,,4,1,1,0,0,0,0,2,1,4,,3,,N,,,,,,,,,,,0,0,0,0,0,0,0,0,0,0,0,0,0,0,0,0,0,1,0,0,0,0,0,0,0,0,0,0,0,0,0,0,0,0,0,0,0,0,0,0,0,0,1,0,0,0,0,0,0,0,0,0,0,0,0,1,0,0,1,1,0,0,0,0,0,0,0,1,1,0,0,0,0,0,1,0,1,0,0,0,0,0,0,0,0,0,0,0,0,1,0,0,0,0,0,0,0,0,0,0,0,0,0,0,0,0,0,0,0,1,0,0,0,0,0,0,0,1,0,0,0,1,0,1,0,0,0,0,0
-8366269.182,4864394.927,10157,2021054207,,1,0,0,0,0,0,1,0,0,5,1,,67,6,2021,7,39.989343,-75.155473,,6,0,0,0,0,0,0,0,0,,0,0,0,,,2,N,1,,39 59:21.634,,0,75 09:19.704,8,0,0,0,67301,0,0,0,N,0,0,0,3,67505,0,,1,,1,N,Y,Y,0,,0,0,0,,2,,,2,2,0,0,0,2,0,2,0,2,,3,,N,,,,,,,,,,,1,0,0,0,0,0,0,0,0,0,0,1,0,0,0,0,0,0,0,0,0,0,0,0,0,0,0,0,0,0,0,0,0,0,0,0,0,0,0,0,0,0,0,0,0,1,0,0,0,0,0,0,0,0,0,1,0,0,1,1,1,0,0,0,0,0,0,1,0,0,0,0,0,0,1,0,0,0,0,0,0,0,0,0,0,0,0,0,0,0,0,0,0,0,0,0,0,1,0,1,0,0,0,0,0,0,1,0,0,0,0,0,0,0,0,0,0,0,0,0,0,1,0,0,0,0,0,0,0
-8366156.638,4865061.561,10158,2021054721,,1,0,0,1,1,0,0,0,0,8,0,,67,6,2021,4,39.993931,-75.154462,,6,0,0,0,0,0,0,0,0,,1,0,0,,,1,,1,,39 59:38.150,5,0,75 09:16.063,1,0,0,0,67301,1,1,0,N,0,0,0,3,67301,0,2,1,2245,1,N,N,Y,0,0,1,0,1,,2,Y,,3,1,1,0,0,0,0,2,0,2,,3,,N,,,,,,,,,,,0,0,0,0,0,0,0,0,1,0,0,0,0,0,0,0,0,0,0,0,0,0,0,0,0,0,0,0,0,1,1,0,0,0,0,0,0,0,0,0,0,0,0,0,0,0,0,0,0,0,0,0,0,0,0,1,0,0,1,1,1,0,0,0,0,0,0,0,0,0,0,0,0,0,1,0,0,0,0,0,0,0,0,0,0,0,0,0,0,0,0,0,0,0,0,0,0,0,0,1,0,0,0,0,0,0,1,0,0,1,0,0,0,0,0,0,0,1,0,0,0,1,0,1,1,1,0,0,0
-8368548.449,4871346.078,10159,2021030680,,0,0,0,0,0,0,0,0,0,8,0,,67,3,2021,3,40.037168,-75.175948,,6,0,0,0,0,0,0,1,0,,0,0,0,,,1,N,0,,40 02:13.804,,0,75 10:33.412,3,0,0,0,67301,1,0,0,N,1,0,0,2,67301,0,,1,,9,N,N,N,0,,1,0,0,,0,,,2,1,0,0,0,0,0,2,0,1,,7,,N,,,,,,,,,,,0,0,0,0,0,0,0,0,0,0,0,0,0,0,0,0,0,0,0,0,0,0,0,0,0,1,0,0,0,0,0,0,0,0,0,0,0,0,0,0,0,0,0,0,0,0,0,0,0,0,0,0,0,0,0,0,0,0,1,1,0,0,0,0,0,0,0,0,0,0,0,1,0,0,0,0,1,0,0,0,0,1,0,0,0,0,0,0,0,0,0,0,0,0,0,0,0,0,0,0,1,0,0,0,0,0,1,0,0,1,0,0,0,0,0,0,0,0,0,0,0,1,0,0,1,0,1,0,0
-8366710.119,4867884.065,10160,2021053674,,1,0,0,0,0,0,0,0,0,8,0,,67,6,2021,1,40.013353,-75.159434,,6,0,0,0,0,0,0,0,0,,1,0,0,,,0,,2,,40 00:48.070,,0,75 09:33.962,1,0,0,0,67301,1,1,0,N,1,1,0,2,67301,0,2,1,,1,N,N,N,0,0,0,0,0,,0,,,2,0,0,0,0,0,1,2,0,1,,,,N,,,,,,,,,,,0,0,0,0,0,0,0,0,0,0,0,0,0,0,0,0,0,0,0,0,0,0,0,0,0,0,0,0,1,1,1,0,0,0,0,0,0,0,0,0,0,0,0,0,0,1,0,0,0,0,0,0,0,0,1,1,0,0,0,1,1,0,0,0,0,0,0,1,0,0,0,0,0,0,0,0,0,0,0,0,0,1,0,0,0,0,0,0,0,0,0,0,0,0,0,0,0,0,0,0,1,0,0,0,0,0,1,0,0,0,0,0,0,0,0,0,0,0,0,0,1,1,0,0,1,1,0,0,0
-8374649.427,4856094.808,10161,2021031763,,1,0,0,0,0,0,0,0,0,4,0,,67,4,2021,2,39.932193,-75.230754,,6,0,0,0,0,0,0,0,0,,0,0,0,,,2,N,0,,39 55:55.895,,0,75 13:50.714,3,0,0,0,67301,0,0,0,N,0,0,0,2,67301,0,,1,,1,N,N,N,0,,2,0,2,,0,,,4,2,0,0,0,0,0,2,1,4,,3,,N,,,,,,,,,,,1,0,1,0,0,0,0,0,0,0,0,0,0,0,0,0,0,0,0,0,0,0,0,0,0,0,0,0,0,0,0,0,0,0,0,0,0,0,0,0,0,0,1,0,0,0,0,0,0,0,0,0,0,0,0,1,0,0,1,1,0,0,0,0,0,0,0,0,0,0,0,0,0,0,1,0,1,0,0,0,0,0,0,0,0,0,0,0,0,0,0,0,0,0,0,0,0,0,0,0,0,0,0,0,1,0,1,0,0,1,0,0,0,0,0,0,0,0,0,0,0,1,0,1,0,0,0,0,0