X,Y,objectid,crn,arrival_tm,automobile_count,belted_death_count,belted_susp_serious_inj_count,bicycle_count,bicycle_death_count,bicycle_susp_serious_inj_count,bus_count,chldpas_death_count,chldpas_susp_serious_inj_count,collision_type,comm_veh_count,cons_zone_spd_lim,county,crash_month,crash_year,day_of_week,dec_latitude,dec_longitude,dispatch_tm,district,driver_count_16yr,driver_count_17yr,driver_count_18yr,driver_count_19yr,driver_count_20yr,driver_count_50_64yr,driver_count_65_74yr,driver_count_75plus,est_hrs_closed,fatal_count,heavy_truck_count,horse_buggy_count,hour_of_day,illumination,injury_count,intersection_related_x,intersect_type,lane_closed,latitude,ln_close_dir,location_type,longitude,max_severity_level,mcycle_death_count,mcycle_susp_serious_inj_count,motorcycle_count,municipality,nonmotr_count,nonmotr_death_count,nonmotr_susp_serious_inj_count,ntfy_hiwy_maint,ped_count,ped_death_count,ped_susp_serious_inj_count,person_count,police_agcy,possible_inj_count,rdwy_surf_type_cd,relation_to_road,roadway_cleared,road_condition,sch_bus_ind,sch_zone_ind,secondary_crash,small_truck_count,spec_juris_cd,susp_minor_inj_count,susp_serious_inj_count,suv_count,tcd_func_cd,tcd_type,tfc_detour_ind,time_of_day,total_units,tot_inj_count,unbelted_occ_count,unb_death_count,unb_susp_serious_inj_count,unk_inj_deg_count,unk_inj_per_count,urban_rural,van_count,vehicle_count,weather1,weather2,workers_pres,work_zone_ind,work_zone_loc,work_zone_type,wz_close_detour,wz_flagger,wz_law_offcr_ind,wz_ln_closure,wz_moving,wz_other,wz_shlder_mdn,wz_workers_inj_killed,aggressive_driving,alcohol_related,angle_crash,atv,atv_route,backup_congestion,backup_nonrecurring,backup_prior,bicycle,cell_phone,child_passenger,comm_vehicle,core_network,cross_median,curved_road,curve_dvr_error,deer_related,distracted,drinking_driver,driver_16yr,driver_17yr,driver_18yr,driver_19yr,driver_20yr,driver_50_64yr,driver_65_74yr,driver_75plus,drugged_driver,drug_related,fatal,fatal_or_susp_serious_inj,fatigue_asleep,federal_aid_route,fire_in_vehicle,hazardous_truck,hit_barrier,hit_bridge,hit_deer,hit_embankment,hit_fixed_object,hit_gdrail,hit_gdrail_end,hit_parked_vehicle,hit_pole,hit_roadway_equipment,hit_run,hit_temp_construction_barrier,hit_traffic_island,hit_tree_shrub,hit_utility_pole,horse_buggy,ho_oppdir_sdswp,hvy_truck_related,icy_road,illegal_drug_related,illumination_dark,impaired_driver,impaired_nonmotorist,injury,injury_or_fatal,intersection,intersection_related_y,interstate,lane_departure,left_turn,limit_65mph,limit_70mph,local_road,local_road_only,marijuana_drugged_driver,marijuana_related,mature_driver,mc_drinking_driver,motorcycle,multiple_vehicle,nhtsa_agg_driving,non_intersection,no_clearance,opioid_related,other_freeway_expressway,overturned,pedestrian,phantom_vehicle,possible_injury,property_damage_only,psp_reported,ramp,ramp_segment,ramp_terminal,rear_end,roundabout,running_red_lt,running_stop_sign,rural,school_bus,school_bus_related,school_bus_unit,school_zone,shldr_related,signalized_int,single_vehicle,snowmobile,snow_slush_road,speeding,speeding_related,speed_change_lane,state_road,stop_controlled_int,sudden_deer,suspected_minor_injury,suspected_serious_injury,sv_run_off_rd,tailgating,train,train_trolley,trolley,turnpike,unbelted,underage_drnk_drv,unlicensed,unsignalized_int,urban,vehicle_failure,vehicle_towed,vulnerable_road_user,vulnerable_road_user_fatal,wet_road,work_zone,young_driver
-8367270.167,4854862.654,10921,2021045777,,0,0,0,0,0,0,0,0,0,8,0,,67,5,2021,4,39.923705,-75.164465,,6,0,0,0,0,0,0,0,0,,0,0,0,,,1,,1,,39 55:25.339,,0,75 09:52.075,3,0,0,0,67301,1,0,0,N,1,0,0,1,67301,0,,1,,1,N,N,N,0,,1,0,0,,2,,,2,1,0,0,0,0,0,2,0,1,,3,,N,,,,,,,,,,,1,0,0,0,0,0,0,0,0,0,0,0,0,0,0,0,0,0,0,0,0,0,0,0,0,0,0,0,0,0,0,0,0,0,0,0,0,0,0,0,0,0,0,0,0,1,0,0,0,0,0,0,0,0,0,0,0,0,1,1,1,0,0,0,0,0,0,1,1,0,0,0,0,0,0,0,0,0,0,0,0,1,0,0,0,0,0,0,0,0,0,0,0,0,0,0,0,0,0,1,1,0,0,0,1,0,0,0,0,1,0,0,0,0,0,0,0,0,0,0,0,1,0,0,1,0,0,0,0
-8362015.552,4869837.85,10922,2021021035,,1,0,0,0,0,0,0,0,0,4,0,,67,3,2021,3,40.026794,-75.117262,,6,0,0,0,0,0,1,0,0,,0,0,0,,,1,,1,,40 01:36.458,,0,75 07:02.143,3,0,0,0,67301,0,0,0,N,0,0,0,2,67301,0,,1,,1,N,N,N,0,,1,0,1,,2,,,2,1,0,0,0,0,0,2,0,2,,3,,N,,,,,,,,,,,1,0,1,0,0,0,0,0,0,0,0,0,0,0,0,0,0,0,0,0,0,0,0,0,1,0,0,0,0,0,0,0,0,0,0,0,0,0,0,0,0,0,0,0,0,0,0,0,0,0,0,0,0,0,0,0,0,0,1,1,1,0,0,0,0,0,0,1,0,0,0,0,0,0,1,0,0,0,0,0,0,0,0,0,0,0,0,0,0,0,0,0,0,0,0,0,0,0,0,1,0,0,0,0,0,0,1,0,0,1,0,0,0,0,0,0,0,0,0,0,0,1,0,1,0,0,0,0,0
-8367976.6,4854163.756,10923,2021019098,,2,0,0,0,0,0,0,0,0,5,0,,67,2,2021,4,39.91889,-75.170811,,6,0,0,0,0,0,0,0,0,,0,0,0,,,0,N,0,,39 55:08.003,1,0,75 10:14.921,0,0,0,0,67301,0,0,0,N,0,0,0,1,67301,0,,3,1037,1,N,N,N,0,,0,0,2,,0,N,,4,0,0,0,0,0,0,2,0,4,,,,N,,,,,,,,,,,0,0,0,0,0,0,0,0,0,0,0,0,0,0,0,0,0,0,0,0,0,0,0,0,0,0,0,0,0,0,0,0,0,0,0,0,0,0,0,0,0,0,1,0,0,0,0,0,0,0,0,0,0,0,0,0,0,0,0,0,0,0,0,1,0,0,0,0,0,0,0,0,0,0,1,0,1,0,0,0,0,0,0,0,1,0,0,0,0,0,0,0,0,0,0,0,0,0,0,0,0,0,0,0,0,0,1,0,0,0,0,1,0,0,0,0,0,0,0,0,0,1,0,1,0,0,0,0,0
-8362922.694,4865652.387,10924,2021022061,,3,0,0,0,0,0,0,0,0,4,0,,67,3,2021,3,39.997997,-75.125411,,6,0,0,0,0,0,0,0,0,,0,0,0,,,2,,1,,39 59:52.789,5,0,75 07:31.478,4,0,0,0,67301,0,0,0,N,0,0,0,4,67301,2,,1,1900,1,N,N,N,0,,0,0,0,,2,Y,,3,2,4,0,0,0,0,2,0,3,,3,,N,,,,,,,,,,,1,0,1,0,0,0,0,0,0,0,0,0,0,0,0,0,0,0,0,0,0,0,0,0,0,0,0,0,0,0,0,0,0,0,0,0,0,0,0,0,0,0,0,0,0,0,0,0,0,0,0,0,0,0,0,1,0,0,1,1,1,0,0,0,0,0,0,1,0,0,0,0,0,0,1,0,0,0,0,0,0,0,0,1,0,0,0,0,0,0,0,1,0,0,0,0,0,0,0,1,0,0,0,0,0,0,1,0,0,0,0,0,0,0,0,0,0,1,0,0,0,1,0,1,0,0,0,0,0
-8375545.994,4860375.147,10925,2021044545,,1,0,0,0,0,0,0,0,0,4,0,,67,5,2021,5,39.961671,-75.238808,,6,0,0,0,0,0,0,0,0,,0,0,0,,,0,,1,,39 57:42.014,,99,75 14:19.710,0,0,0,0,67301,0,0,0,N,0,0,0,1,67301,0,,1,,1,N,N,N,0,,0,0,0,,2,,,2,0,0,0,0,0,0,2,0,2,,3,,N,,,,,,,,,,,1,0,1,0,0,0,0,0,0,0,0,0,0,0,0,0,0,0,0,0,0,0,0,0,0,0,0,0,0,0,0,0,0,0,0,0,0,0,0,0,0,0,0,0,0,1,0,0,0,0,0,0,0,0,0,0,0,0,0,0,1,0,0,0,0,0,0,1,0,0,0,0,0,0,1,0,0,0,0,0,0,0,0,0,1,0,0,0,0,0,0,0,0,0,0,0,0,0,0,1,0,0,0,0,1,0,1,0,0,0,0,0,0,0,0,0,0,0,0,0,0,1,1,1,0,0,0,0,0
-8345143.631,4879270.738,10926,2021021670,,1,0,0,0,0,0,0,0,0,4,0,,67,3,2021,4,40.09165,-74.965699,,6,0,0,0,0,0,0,0,0,,0,0,0,,,4,,2,,40 05:29.941,2,7,74 57:56.517,3,0,0,0,67301,0,0,0,N,0,0,0,4,67301,0,,1,1545,1,N,N,N,0,,4,0,1,,2,N,,2,4,0,0,0,0,0,2,0,2,,3,,N,,,,,,,,,,,1,0,1,0,0,0,0,0,0,0,0,0,0,0,0,0,0,0,0,0,0,0,0,0,0,0,0,0,0,0,0,0,0,0,0,0,0,0,0,0,0,0,0,0,0,0,0,0,0,0,0,0,0,0,0,0,0,0,1,1,1,0,0,0,1,0,0,0,0,0,0,0,0,0,1,0,0,1,0,0,0,0,0,0,0,0,0,0,0,0,0,0,0,0,0,0,0,0,0,1,0,0,0,0,0,0,1,0,0,1,0,0,0,0,0,0,0,0,0,0,0,1,0,0,0,0,0,0,0
-8362666.103,4867077.138,10927,2021022062,,3,0,0,0,0,0,0,0,0,5,0,,67,3,2021,4,40.007801,-75.123106,,6,0,0,0,0,0,0,0,0,,0,0,0,,,1,N,0,,40 00:28.084,1,0,75 07:23.180,3,0,0,0,67301,0,0,0,N,0,0,0,1,67301,0,,6,830,1,N,N,N,0,,1,0,0,,0,N,,4,1,0,0,0,0,0,2,1,4,,3,,N,,,,,,,,,,,0,0,0,0,0,0,0,0,0,0,0,0,0,0,0,0,0,0,0,0,0,0,0,0,0,0,0,0,0,0,0,0,0,0,0,0,0,0,0,0,0,0,1,0,0,0,0,0,0,0,0,0,0,0,0,0,0,0,1,1,0,0,0,0,0,0,0,0,0,0,0,0,0,0,1,0,1,0,0,0,0,0,0,0,0,0,0,0,0,0,0,0,0,0,0,0,0,0,0,0,0,0,0,0,0,0,1,0,0,1,0,0,0,0,0,0,0,0,0,0,0,1,0,1,0,0,0,0,0
-8373948.448,4860765.113,10928,2021019957,,0,0,0,0,0,0,0,0,0,8,0,,67,2,2021,5,39.964356,-75.224457,,6,0,0,0,0,0,0,0,0,,0,0,0,,,1,N,0,,39 57:51.682,,0,75 13:28.046,3,0,0,0,67301,1,0,0,N,1,0,0,2,67301,0,,1,,1,N,N,N,0,,1,0,1,,0,,,2,1,0,0,0,0,0,2,0,1,,3,,N,,,,,,,,,,,1,0,0,0,0,0,0,0,0,0,0,0,0,0,0,0,0,0,0,0,0,0,0,0,0,0,0,0,0,0,0,0,0,0,0,0,0,0,0,0,0,0,0,0,0,0,0,0,0,0,0,0,0,0,0,1,0,0,1,1,0,0,0,0,0,0,0,0,0,0,0,0,0,0,0,0,1,0,0,0,0,1,0,0,0,0,0,0,0,0,0,0,0,0,0,0,0,0,0,0,1,0,0,0,0,0,1,0,0,1,0,0,0,0,0,0,0,0,0,0,0,1,0,0,1,0,0,0,0
-8370662.63,4877070.537,10929,2021020632,,1,0,0,0,0,0,0,0,0,8,0,,67,3,2021,2,40.076528,-75.19494,,6,0,0,0,0,0,0,0,0,,0,0,0,,,1,,1,,40 04:35.501,,0,75 11:41.783,3,0,0,0,67301,1,0,0,N,1,0,0,2,67301,0,,1,,1,N,N,N,0,,1,0,0,,2,,,2,1,0,0,0,0,0,2,0,1,,3,,N,,,,,,,,,,,1,0,0,0,0,0,0,0,0,0,0,0,0,0,0,0,0,0,0,0,0,0,0,0,0,0,0,0,0,0,0,0,0,0,0,0,0,0,0,0,0,0,0,0,0,0,0,0,0,0,0,0,0,0,0,1,0,0,1,1,1,0,0,0,1,0,0,1,0,0,0,0,0,0,0,0,0,0,0,0,0,1,0,0,0,0,0,0,0,0,0,0,0,0,0,0,0,0,0,1,1,0,0,0,0,0,1,0,0,1,0,0,0,0,0,0,0,0,0,0,0,1,0,0,1,0,0,0,0
-8359571.643,4865707.315,10930,2021021760,,1,0,0,0,0,0,0,0,0,4,0,,67,3,2021,2,39.998375,-75.095308,,6,0,0,0,0,0,0,0,0,,0,0,0,,,1,,9,,39 59:54.150,,0,75 05:43.110,3,0,0,0,67301,0,0,0,N,0,0,0,1,67301,0,,1,,1,N,N,N,0,,1,0,0,,5,,,2,1,0,0,0,0,0,2,0,1,,3,,N,,,,,,,,,,,0,0,1,0,0,0,0,0,0,0,0,0,0,0,0,0,0,0,0,0,0,0,0,0,0,0,0,0,0,0,0,0,0,0,0,0,0,0,0,0,0,0,0,0,0,0,0,0,0,0,0,0,0,0,0,1,0,0,1,1,1,0,0,0,0,0,0,1,1,0,0,0,0,0,0,0,0,0,0,0,0,0,0,0,0,0,0,0,0,0,0,0,0,0,0,0,0,0,0,0,1,0,0,0,0,0,0,0,0,1,0,0,0,1,1,0,0,0,0,0,1,1,0,1,0,0,0,0,0
-8351836.828,4872624.196,10931,2021103781,,1,0,0,0,0,0,0,0,0,8,0,,67,10,2021,7,40.045958,-75.025825,,6,0,0,0,0,0,0,0,0,,0,0,0,,,1,N,0,,40 02:45.450,,0,75 01:32.970,3,0,0,0,67301,1,0,0,N,1,0,0,2,67301,0,,1,,9,N,N,N,0,,1,0,0,,3,,,2,1,0,0,0,0,1,2,0,1,,7,,N,,,,,,,,,,,0,0,0,0,0,0,0,0,0,0,0,0,0,0,0,0,0,0,0,0,0,0,0,0,0,0,0,0,0,0,0,0,0,0,0,0,0,0,0,0,0,0,0,0,0,1,0,0,0,0,0,0,0,0,0,1,0,0,1,1,0,0,0,0,0,0,0,1,1,0,0,0,0,0,0,0,1,0,0,0,0,1,0,0,0,0,0,0,0,0,0,0,0,0,0,0,0,0,0,0,1,0,0,0,0,0,0,0,0,1,0,0,0,0,0,0,0,0,0,0,0,1,0,0,1,0,1,0,0
-8363179.397,4867988.569,10932,2021022060,,1,0,0,0,0,0,0,0,0,2,0,,67,3,2021,3,40.014072,-75.127717,,6,0,0,0,0,0,0,0,0,,0,0,0,,,2,N,0,,40 00:50.660,3,0,75 07:39.780,3,0,0,0,67301,0,0,0,N,0,0,0,4,67301,0,,1,1753,1,N,N,N,0,,2,0,1,,0,N,,2,2,0,0,0,0,0,2,0,2,,3,,N,,,,,,,,,,,1,0,0,0,0,0,0,0,0,0,1,0,0,0,0,0,0,0,0,0,0,0,0,0,0,0,0,0,0,0,0,0,0,0,0,0,0,0,0,0,0,0,0,0,0,0,0,0,0,0,0,1,0,0,0,0,0,0,1,1,0,0,0,1,0,0,0,1,1,0,0,0,0,0,1,0,1,0,0,0,0,0,0,0,0,0,0,0,0,0,0,0,0,0,0,0,0,0,0,0,0,0,0,0,0,0,0,0,0,1,0,0,0,0,0,0,0,0,0,0,0,1,0,1,0,0,0,0,0
-8374443.597,4859752.541,10933,2021048108,,3,0,0,0,0,0,0,0,0,5,0,,67,4,2021,5,39.957384,-75.228905,,6,0,0,0,0,0,0,0,0,,0,0,0,,,0,N,0,,39 57:26.583,,0,75 13:44.058,0,0,0,0,67301,0,0,0,N,0,0,0,2,67301,0,,6,,1,N,N,N,1,,0,0,3,,0,,,7,0,0,0,0,0,0,2,0,7,,3,,N,,,,,,,,,,,0,0,0,0,0,0,0,0,0,0,0,0,0,0,0,0,0,0,0,0,0,0,0,0,0,0,0,0,0,0,0,0,0,0,0,0,0,0,0,0,0,0,1,0,0,1,0,0,0,0,0,0,0,0,0,1,0,0,0,0,0,0,0,0,0,0,0,0,0,0,0,0,0,0,1,0,1,0,0,0,0,0,0,0,1,0,0,0,0,0,0,0,0,0,0,0,0,0,0,0,0,0,0,0,0,0,1,0,0,0,0,0,0,0,0,0,0,0,0,0,0,1,0,1,0,0,0,0,0
-8371386.651,4858645.104,10934,2021020855,,1,0,0,0,0,0,0,0,0,8,0,,67,3,2021,3,39.949758,-75.201444,,6,0,0,0,0,0,0,0,0,,0,0,0,,,1,,3,,39 56:59.128,,7,75 12:05.198,3,0,0,0,67301,1,0,0,N,1,0,0,2,67301,0,,1,,1,N,N,N,0,,1,0,0,,2,,,2,1,0,0,0,0,0,2,0,1,,3,,N,,,,,,,,,,,0,0,0,0,0,0,0,0,0,0,0,0,0,0,0,0,0,0,0,0,0,0,0,0,0,0,0,0,0,0,0,0,0,0,0,0,0,0,0,0,0,0,0,0,0,1,0,0,0,0,0,0,0,0,0,0,0,0,1,1,1,0,0,0,0,0,0,1,0,0,0,0,0,0,0,0,0,0,0,0,0,1,0,0,0,0,0,0,0,0,0,0,0,0,0,0,0,0,0,1,1,0,0,0,0,0,1,0,0,1,0,0,0,0,0,0,0,0,0,0,0,1,0,0,1,0,0,0,0
-8369623.907,4864737.538,10935,2021044119,,2,0,0,0,0,0,0,0,0,2,0,,67,5,2021,7,39.991701,-75.185609,,6,0,0,0,0,0,0,0,0,,0,0,0,,,0,,1,,39 59:30.124,,99,75 11:08.194,0,0,0,0,67301,0,0,0,N,0,0,0,2,67301,0,,1,,1,N,N,N,0,,0,0,0,,2,,,2,0,2,0,0,0,0,2,0,2,,4,,N,,,,,,,,,,,1,0,0,0,0,0,0,0,0,0,0,0,0,0,0,0,0,0,0,0,0,0,0,0,0,0,0,0,0,0,0,0,0,0,0,0,0,0,0,0,0,0,0,0,0,0,0,0,0,0,0,1,0,0,0,0,0,0,0,0,1,0,0,0,1,0,0,1,0,0,0,0,0,0,1,0,0,0,0,0,0,0,0,0,1,0,0,0,0,0,0,0,0,0,0,0,0,0,0,1,0,0,0,0,0,0,1,0,0,0,0,0,0,0,0,0,0,1,0,0,0,1,1,1,0,0,0,0,0
-8366798.172,4862890.515,10936,2021101495,,2,0,0,0,0,0,0,0,0,2,0,,67,10,2021,1,39.978988,-75.160225,,6,0,0,0,0,0,2,0,0,,0,0,0,,,0,N,1,,39 58:44.355,4,0,75 09:36.809,0,0,0,0,67301,0,0,0,N,0,0,0,2,67505,0,,1,1745,1,N,N,N,0,,0,0,0,,3,N,,2,0,0,0,0,0,0,2,0,2,,3,,N,,,,,,,,,,,1,0,0,0,0,0,0,0,0,0,0,0,0,0,0,0,0,0,0,0,0,0,0,0,1,0,0,0,0,0,0,0,0,0,0,0,0,0,0,0,0,0,0,0,0,0,0,0,0,0,0,1,0,0,0,0,0,0,0,0,1,0,0,0,0,0,0,1,0,0,0,0,0,0,1,0,0,1,0,0,0,0,0,0,1,0,0,0,0,0,0,0,0,0,0,0,0,0,0,0,0,0,0,0,0,0,1,1,0,0,0,0,0,0,0,0,0,0,0,0,1,1,0,1,0,0,0,0,0
-8357626.334,4871126.532,10937,2021044428,,1,0,0,0,0,0,0,0,0,4,1,,67,5,2021,7,40.035658,-75.077833,,6,0,0,0,0,0,0,0,0,,0,1,0,,,1,N,0,,40 02:08.370,7,7,75 04:40.200,3,0,0,0,67301,0,0,0,N,0,0,0,3,67301,0,,1,915,1,N,N,N,0,,1,0,2,,0,N,,4,1,0,0,0,0,0,2,0,4,,3,,N,,,,,,,,,,,0,0,1,0,0,0,0,0,0,0,0,1,0,0,0,0,0,0,0,0,0,0,0,0,0,0,0,0,0,0,0,0,0,0,0,0,0,0,0,0,0,0,1,0,0,0,0,0,0,0,0,0,1,0,0,0,0,0,1,1,0,0,0,0,0,0,0,1,1,0,0,0,0,0,1,0,1,0,0,0,0,0,0,0,0,0,0,0,0,0,0,0,0,0,0,0,0,0,0,0,0,0,0,0,0,0,0,0,0,1,0,0,0,0,0,0,0,0,0,0,0,1,0,0,0,0,0,0,0
-8374504.711,4858357.881,10938,2021019776,,1,0,0,0,0,0,0,0,0,7,0,,67,2,2021,7,39.94778,-75.229454,,6,0,0,0,0,0,0,0,0,,0,0,0,,,1,,1,,39 56:52.009,,0,75 13:46.036,8,0,0,0,67301,0,0,0,N,0,0,0,1,67301,0,,5,,9,N,N,N,0,,0,0,0,,2,,,1,1,0,0,0,1,0,2,0,1,,4,,N,,,,,,,,,,,0,0,0,0,0,0,0,0,0,0,0,0,0,0,0,0,0,1,0,0,0,0,0,0,0,0,0,0,0,0,0,0,0,0,0,0,0,0,0,1,0,0,0,0,0,0,0,0,0,0,0,0,0,0,0,1,0,0,1,1,1,0,0,0,0,0,0,1,0,0,0,0,0,0,0,0,0,0,0,0,0,0,0,0,0,0,0,0,0,0,0,0,0,0,0,0,0,0,0,1,1,0,0,0,0,0,1,0,0,0,0,1,0,0,0,0,0,0,0,0,0,1,0,1,0,0,1,0,0
-8365499.741,4866602.634,10939,2021058113,,2,0,0,0,0,0,0,0,0,2,0,,67,6,2021,7,40.004536,-75.148561,,6,0,0,0,0,0,0,0,0,,0,0,0,,,2,Y,0,,40 00:16.330,,0,75 08:54.820,3,0,0,0,67301,0,0,0,N,0,0,0,2,67301,0,,1,,1,N,N,N,0,,2,0,0,,2,,,2,2,0,0,0,0,0,2,0,2,,3,,N,,,,,,,,,,,1,0,0,0,0,0,0,0,0,0,0,0,0,0,0,0,0,0,0,0,0,0,0,0,0,0,0,0,0,0,0,0,0,0,0,0,0,0,0,0,0,0,0,0,0,1,0,0,0,0,0,1,0,0,0,1,0,0,1,1,0,0,0,1,0,0,0,1,1,0,0,0,0,0,1,0,1,0,0,0,0,0,0,0,0,0,0,0,0,0,0,1,0,0,0,0,0,0,0,0,0,0,0,0,0,0,0,0,0,1,0,0,0,0,0,0,0,0,0,0,0,1,0,1,0,0,0,0,0
-8366591.341,4871975.81,10940,2021020657,,1,0,0,0,0,0,0,0,0,4,0,,67,3,2021,2,40.041499,-75.158367,,6,0,0,0,0,0,0,0,0,,0,0,0,,,1,,5,,40 02:29.398,,0,75 09:30.121,3,0,0,0,67301,0,0,0,N,0,0,0,2,67301,0,,1,,1,N,N,N,0,,1,0,1,,2,,,2,1,0,0,0,0,0,2,0,2,,3,,N,,,,,,,,,,,0,0,1,0,0,0,0,0,0,0,0,0,0,0,0,0,0,0,0,0,0,0,0,0,0,0,0,0,0,0,0,0,0,0,0,0,0,0,0,0,0,0,0,0,0,1,0,0,0,0,0,0,0,0,0,1,0,0,1,1,1,0,0,0,0,0,0,1,0,0,0,0,0,0,1,0,0,0,0,0,0,0,0,0,0,0,0,0,0,0,0,0,0,0,0,0,0,0,0,1,0,0,0,0,0,0,1,0,0,1,0,0,0,0,0,0,0,0,0,0,0,1,0,1,0,0,0,0,0
-8369223.714,4870116.972,10941,2021022505,,2,0,0,0,0,0,0,0,0,2,0,,67,2,2021,7,40.028714,-75.182014,,6,0,0,0,0,0,0,0,0,,0,0,0,,,0,N,0,,40 01:43.370,,0,75 10:55.250,0,0,0,0,67301,0,0,0,N,0,0,0,2,67301,0,,1,,1,N,N,N,0,,0,0,0,,0,,,2,0,0,0,0,0,0,2,0,2,,3,,N,,,,,,,,,,,0,0,0,0,0,0,0,0,0,0,0,0,0,0,0,0,0,0,0,0,0,0,0,0,0,0,0,0,0,0,0,0,0,0,0,0,0,0,0,0,0,0,0,0,0,0,0,0,0,0,0,1,0,0,0,1,0,0,0,0,0,0,0,1,0,0,0,1,1,0,0,0,0,0,1,0,1,0,0,0,0,0,0,0,1,0,0,0,0,0,0,0,0,0,0,0,0,0,0,0,0,0,0,0,0,0,0,0,0,0,0,0,0,0,0,0,0,0,0,0,0,1,0,1,0,0,0,0,0
-8363338.584,4865809.471,10942,2021032423,,2,0,0,0,0,0,0,0,0,1,0,,67,4,2021,4,39.999078,-75.129147,,6,0,0,0,0,0,0,0,0,,0,0,0,,,0,N,0,,39 59:56.680,1,0,75 07:44.930,0,0,0,0,67301,0,0,0,N,0,0,0,1,67301,0,,6,1033,9,N,N,Y,0,,0,0,0,,0,N,,2,0,1,0,0,0,0,2,0,2,,4,,N,,,,,,,,,,,1,0,0,0,0,0,0,0,0,0,0,0,0,0,0,0,0,0,0,0,0,0,0,0,0,0,0,0,0,0,0,0,0,0,0,0,0,0,0,0,0,0,1,1,0,0,0,0,0,0,0,0,0,0,0,0,0,0,0,0,0,0,0,1,0,0,0,1,1,0,0,0,0,0,1,0,1,0,0,0,0,0,0,0,1,0,0,0,0,1,0,0,0,0,0,0,0,0,0,0,0,0,0,0,1,0,0,0,0,0,0,0,0,0,0,0,0,1,0,0,0,1,0,1,0,0,1,0,0
-8363202.218,4869742.339,10943,2021019119,,1,0,0,0,0,0,0,0,0,5,0,,67,2,2021,4,40.026137,-75.127922,,6,0,0,0,0,0,1,0,0,,0,0,0,,,3,N,2,,40 01:34.093,,0,75 07:40.519,3,0,0,0,67301,0,0,0,N,0,0,0,3,67301,0,,1,,9,N,N,N,0,,3,0,1,,3,,,3,3,0,0,0,0,0,2,0,2,,3,,N,,,,,,,,,,,1,0,0,0,0,0,0,0,0,0,0,0,0,0,0,0,0,0,0,0,0,0,0,0,1,0,0,0,0,0,0,0,0,0,0,0,0,0,0,0,0,0,1,0,0,0,0,0,0,0,0,0,0,0,0,0,0,0,1,1,1,0,0,0,0,0,0,1,1,0,0,0,0,0,1,0,0,0,0,0,0,0,1,0,0,0,0,0,0,0,0,0,0,0,0,0,0,0,0,0,0,0,0,0,0,0,0,1,0,1,0,0,0,0,0,0,0,0,0,0,1,1,0,1,0,0,1,0,0
-8347583.198,4882528.578,10944,2021044432,,2,0,0,0,0,0,0,0,0,4,1,,67,5,2021,5,40.114035,-74.987614,,6,0,0,0,0,0,1,0,1,,0,1,0,,,1,,1,,40 06:50.525,,0,74 59:15.412,2,0,0,0,67301,0,0,0,N,0,0,0,3,67301,0,,1,,1,N,N,N,0,,0,1,0,,2,,,3,1,0,0,0,0,0,2,0,3,,3,,N,,,,,,,,,,,1,0,1,0,0,0,0,0,0,0,0,1,0,0,0,0,0,0,0,0,0,0,0,0,1,0,1,0,0,0,1,0,0,0,0,0,0,0,0,0,0,0,0,0,0,0,0,0,0,0,0,0,1,0,0,0,0,0,1,1,1,0,0,0,1,0,0,1,0,0,0,1,0,0,1,0,0,0,0,0,0,0,0,0,0,0,0,0,0,0,0,0,0,0,0,0,0,0,0,1,0,0,0,0,0,0,1,0,0,0,1,0,0,0,0,0,0,0,0,0,0,1,0,1,0,0,0,0,0
-8359765.561,4864971.764,10945,2021045465,,2,0,0,0,0,0,0,0,0,4,0,,67,5,2021,1,39.993313,-75.09705,,6,0,0,0,0,0,1,0,0,,0,0,0,,,0,N,0,,39 59:35.926,,0,75 05:49.381,0,0,0,0,67301,0,0,0,N,0,0,0,2,67301,0,,1,,1,N,N,N,0,,0,0,0,,0,,,2,0,1,0,0,0,0,2,0,2,,3,,N,,,,,,,,,,,1,0,1,0,0,0,0,0,0,0,0,0,0,0,0,0,0,0,0,0,0,0,0,0,1,0,0,0,0,0,0,0,0,0,0,0,0,0,0,0,0,0,0,0,0,1,0,0,0,0,0,0,0,0,0,0,0,0,0,0,0,0,0,0,0,0,0,0,0,0,0,0,0,0,1,0,1,0,0,0,0,0,0,0,1,0,0,0,0,0,0,0,0,0,0,0,0,0,0,0,0,0,0,0,0,0,1,0,0,0,0,0,0,0,0,0,0,1,0,0,0,1,1,1,0,0,0,0,0
-8360989.185,4867621.283,10946,2021021762,,1,0,0,0,0,0,0,0,0,7,0,,67,3,2021,4,40.011545,-75.108042,,6,0,0,0,0,0,0,0,0,,0,0,0,,,1,,1,,40 00:41.562,3,0,75 06:28.950,3,0,0,0,67301,0,0,0,N,0,0,0,1,67301,0,,4,128,1,N,N,N,0,,1,0,0,,2,N,,1,1,1,0,0,0,0,2,0,1,,3,,N,,,,,,,,,,,1,0,0,0,0,0,0,0,0,0,0,0,0,0,0,0,0,0,0,0,0,0,0,0,0,0,0,0,0,0,0,0,0,0,0,0,0,0,0,1,0,0,0,1,0,0,0,0,0,0,0,0,0,0,0,1,0,0,1,1,1,0,0,0,1,0,0,1,1,0,0,0,0,0,0,0,0,0,0,0,0,0,0,0,0,0,0,0,0,0,0,0,0,0,0,0,0,0,0,1,1,0,0,0,0,0,0,0,0,1,0,1,0,0,0,0,0,1,0,0,0,1,0,1,0,0,0,0,0
-8359324.736,4873528.138,10947,2021043994,,1,0,0,0,0,0,0,0,0,4,0,,67,5,2021,6,40.052174,-75.09309,,6,0,0,0,1,0,0,0,0,,0,0,0,,,1,,1,,40 03:07.828,,0,75 05:35.123,8,0,0,1,67301,0,0,0,N,0,0,0,2,67301,0,,1,,1,N,N,N,0,,0,0,0,,3,,,2,1,0,0,0,1,0,2,0,2,,3,,N,,,,,,,,,,,0,0,1,0,0,0,0,0,0,0,0,0,0,0,0,0,0,0,0,0,0,0,1,0,0,0,0,0,0,0,0,0,0,0,0,0,0,0,0,0,0,0,0,0,0,0,0,0,0,0,0,0,0,0,0,0,0,0,1,1,1,0,0,0,0,0,0,1,0,0,0,0,0,1,1,0,0,0,0,0,0,0,0,0,0,0,0,0,0,0,0,0,0,0,0,0,0,0,0,0,0,0,0,0,0,0,1,1,0,0,0,0,0,0,0,0,0,0,0,0,1,1,0,0,0,0,0,0,1