X,Y,objectid,crn,arrival_tm,automobile_count,belted_death_count,belted_susp_serious_inj_count,bicycle_count,bicycle_death_count,bicycle_susp_serious_inj_count,bus_count,chldpas_death_count,chldpas_susp_serious_inj_count,collision_type,comm_veh_count,cons_zone_spd_lim,county,crash_month,crash_year,day_of_week,dec_latitude,dec_longitude,dispatch_tm,district,driver_count_16yr,driver_count_17yr,driver_count_18yr,driver_count_19yr,driver_count_20yr,driver_count_50_64yr,driver_count_65_74yr,driver_count_75plus,est_hrs_closed,fatal_count,heavy_truck_count,horse_buggy_count,hour_of_day,illumination,injury_count,intersection_related_x,intersect_type,lane_closed,latitude,ln_close_dir,location_type,longitude,max_severity_level,mcycle_death_count,mcycle_susp_serious_inj_count,motorcycle_count,municipality,nonmotr_count,nonmotr_death_count,nonmotr_susp_serious_inj_count,ntfy_hiwy_maint,ped_count,ped_death_count,ped_susp_serious_inj_count,person_count,police_agcy,possible_inj_count,rdwy_surf_type_cd,relation_to_road,roadway_cleared,road_condition,sch_bus_ind,sch_zone_ind,secondary_crash,small_truck_count,spec_juris_cd,susp_minor_inj_count,susp_serious_inj_count,suv_count,tcd_func_cd,tcd_type,tfc_detour_ind,time_of_day,total_units,tot_inj_count,unbelted_occ_count,unb_death_count,unb_susp_serious_inj_count,unk_inj_deg_count,unk_inj_per_count,urban_rural,van_count,vehicle_count,weather1,weather2,workers_pres,work_zone_ind,work_zone_loc,work_zone_type,wz_close_detour,wz_flagger,wz_law_offcr_ind,wz_ln_closure,wz_moving,wz_other,wz_shlder_mdn,wz_workers_inj_killed,aggressive_driving,alcohol_related,angle_crash,atv,atv_route,backup_congestion,backup_nonrecurring,backup_prior,bicycle,cell_phone,child_passenger,comm_vehicle,core_network,cross_median,curved_road,curve_dvr_error,deer_related,distracted,drinking_driver,driver_16yr,driver_17yr,driver_18yr,driver_19yr,driver_20yr,driver_50_64yr,driver_65_74yr,driver_75plus,drugged_driver,drug_related,fatal,fatal_or_susp_serious_inj,fatigue_asleep,federal_aid_route,fire_in_vehicle,hazardous_truck,hit_barrier,hit_bridge,hit_deer,hit_embankment,hit_fixed_object,hit_gdrail,hit_gdrail_end,hit_parked_vehicle,hit_pole,hit_roadway_equipment,hit_run,hit_temp_construction_barrier,hit_traffic_island,hit_tree_shrub,hit_utility_pole,horse_buggy,ho_oppdir_sdswp,hvy_truck_related,icy_road,illegal_drug_related,illumination_dark,impaired_driver,impaired_nonmotorist,injury,injury_or_fatal,intersection,intersection_related_y,interstate,lane_departure,left_turn,limit_65mph,limit_70mph,local_road,local_road_only,marijuana_drugged_driver,marijuana_related,mature_driver,mc_drinking_driver,motorcycle,multiple_vehicle,nhtsa_agg_driving,non_intersection,no_clearance,opioid_related,other_freeway_expressway,overturned,pedestrian,phantom_vehicle,possible_injury,property_damage_only,psp_reported,ramp,ramp_segment,ramp_terminal,rear_end,roundabout,running_red_lt,running_stop_sign,rural,school_bus,school_bus_related,school_bus_unit,school_zone,shldr_related,signalized_int,single_vehicle,snowmobile,snow_slush_road,speeding,speeding_related,speed_change_lane,state_road,stop_controlled_int,sudden_deer,suspected_minor_injury,suspected_serious_injury,sv_run_off_rd,tailgating,train,train_trolley,trolley,turnpike,unbelted,underage_drnk_drv,unlicensed,unsignalized_int,urban,vehicle_failure,vehicle_towed,vulnerable_road_user,vulnerable_road_user_fatal,wet_road,work_zone,young_driver
-8368727.785,4866543.486,11546,2021078359,234,1,0,0,0,0,0,0,0,0,7,0,,67,8,2021,1,40.004129,-75.177559,233,6,0,0,0,0,0,0,0,0,,0,0,0,,,0,N,0,,40 00:14.864,,0,75 10:39.211,0,0,0,0,67301,0,0,0,N,0,0,0,1,67301,0,,4,,1,N,N,N,0,,0,0,0,,0,,,2,0,0,0,0,0,0,2,1,2,,3,,N,,,,,,,,,,,0,0,0,0,0,0,0,0,0,0,0,0,0,0,0,0,0,0,0,0,0,0,0,0,0,0,0,0,0,0,0,0,0,0,0,0,0,0,1,1,0,0,1,0,0,0,0,0,0,0,0,0,0,0,0,1,0,0,0,0,0,0,0,1,0,0,0,1,1,0,0,0,0,0,1,0,1,0,0,0,0,0,0,0,1,0,0,0,0,0,0,0,0,0,0,0,0,0,0,0,0,0,0,0,0,0,0,0,0,0,0,1,0,0,0,0,0,0,0,0,0,1,0,1,0,0,0,0,0
-8375807.038,4854721.999,11547,2021074687,905,0,0,0,0,0,0,0,0,0,7,0,,67,8,2021,3,39.922736,-75.241153,905,6,0,0,0,0,0,0,0,0,,0,0,0,,,0,N,0,,39 55:21.850,,0,75 14:28.150,9,0,0,0,67301,0,0,0,N,0,0,0,1,67301,0,,5,,99,N,N,N,0,,0,0,1,,0,,,1,0,0,0,0,0,1,2,0,1,,,,N,,,,,,,,,,,0,0,0,0,0,0,0,0,0,0,0,0,0,0,0,0,0,0,0,0,0,0,0,0,0,0,0,0,0,0,0,0,0,0,0,0,0,0,0,1,0,0,0,0,0,1,0,0,0,0,0,0,0,0,0,1,0,0,0,0,0,0,0,1,0,0,0,1,1,0,0,0,0,0,0,0,1,0,0,0,0,0,0,0,0,0,0,0,0,0,0,0,0,0,0,0,0,0,0,0,1,0,0,0,0,0,0,0,0,0,0,1,0,0,0,0,0,0,0,0,0,1,0,1,0,0,0,0,0
-8369776.526,4871356.837,11548,2021075962,,2,0,0,0,0,0,0,0,0,4,0,,67,8,2021,7,40.037242,-75.18698,,6,0,0,0,0,0,0,0,0,,0,0,0,,,0,N,0,,40 02:14.070,,0,75 11:13.128,0,0,0,0,67301,0,0,0,N,0,0,0,1,67301,0,,1,,1,N,N,N,0,,0,0,0,,0,,,2,0,0,0,0,0,0,2,0,2,,3,,N,,,,,,,,,,,0,0,1,0,0,0,0,0,0,0,0,0,0,0,0,0,0,1,0,0,0,0,0,0,0,0,0,0,0,0,0,0,0,0,0,0,0,0,0,0,0,0,1,0,0,0,0,0,0,0,0,0,0,0,0,1,0,0,0,0,0,0,0,0,0,0,0,0,0,0,0,0,0,0,1,0,1,0,0,0,0,0,0,0,1,0,0,0,0,0,0,0,0,0,0,0,0,0,0,0,0,0,0,0,0,0,1,0,0,0,0,0,0,0,0,0,0,0,0,0,0,1,0,1,0,0,0,0,0
-8366191.258,4870514.736,11549,2021076534,2206,0,0,0,0,0,0,0,0,0,8,0,,67,8,2021,1,40.03145,-75.154773,2206,6,0,0,0,0,0,0,0,0,,0,0,0,,,1,,1,,40 01:53.219,,0,75 09:17.182,3,0,0,0,67301,1,0,0,N,1,0,0,2,67301,0,,1,,1,N,N,N,0,,1,0,0,,2,,,2,1,0,0,0,0,1,2,0,1,,3,,N,,,,,,,,,,,1,0,0,0,0,0,0,0,0,0,0,0,0,0,0,0,0,0,0,0,0,0,0,0,0,0,0,0,0,0,0,0,0,0,0,0,0,0,0,0,0,0,0,0,0,1,0,0,0,0,0,0,0,0,0,0,0,0,1,1,1,0,0,0,0,0,0,1,1,0,0,0,0,0,0,0,0,0,0,0,0,1,0,0,0,0,0,0,0,0,0,0,0,0,0,0,0,0,0,1,1,0,0,0,0,0,0,0,0,1,0,0,0,0,0,0,0,0,0,0,0,1,0,0,1,0,0,0,0
-8360278.076,4865442.557,11550,2021074700,1255,2,0,0,0,0,0,0,0,0,4,0,,67,8,2021,3,39.996553,-75.101654,1250,6,0,0,0,1,0,0,0,0,,0,0,0,,,0,,2,,39 59:47.590,,0,75 06:05.954,0,0,0,0,67301,0,0,0,N,0,0,0,2,67301,0,,1,,1,N,N,N,0,,0,0,2,,3,,,4,0,2,0,0,0,0,2,0,4,,3,,N,,,,,,,,,,,1,0,1,0,0,0,0,0,0,0,0,0,0,0,0,0,0,0,0,0,0,0,1,0,0,0,0,0,0,0,0,0,0,0,0,0,0,0,0,0,0,0,1,0,0,0,0,0,0,0,0,0,0,0,0,0,0,0,0,0,1,0,0,0,1,0,0,1,1,0,0,0,0,0,1,1,0,0,0,0,0,0,0,0,1,0,0,0,0,0,0,0,0,0,0,0,0,0,0,0,0,0,0,0,0,0,0,1,0,0,0,0,0,0,0,0,0,1,0,0,1,1,0,1,0,0,0,0,1
-8352107.335,4871956.036,11551,2021114610,,1,0,0,0,0,0,0,0,0,4,0,,67,5,2021,7,40.041363,-75.028255,,6,0,0,0,0,0,1,0,0,,0,0,0,,,2,,1,,40 02:28.908,,0,75 01:41.719,4,0,0,0,67301,0,0,0,N,0,0,0,3,0,2,,1,,9,N,N,N,0,,0,0,1,,2,,,2,2,0,0,0,0,0,2,0,2,,,,N,,,,,,,,,,,1,0,1,0,0,0,0,0,0,0,0,0,0,0,0,0,0,0,0,0,0,0,0,0,1,0,0,0,0,0,0,0,0,0,0,0,0,0,0,0,0,0,0,0,0,0,0,0,0,0,0,0,0,0,0,0,0,0,1,1,1,0,0,0,0,0,0,0,0,0,0,0,0,0,1,0,0,0,0,0,0,0,0,1,0,0,0,0,0,0,0,1,0,0,0,0,0,0,0,1,0,0,0,0,0,0,1,0,0,0,0,0,0,0,0,0,0,0,0,0,0,1,0,1,0,0,1,0,0
-8354421.445,4873807.22,11552,2021075799,914,1,0,0,0,0,0,0,0,0,4,0,,67,8,2021,7,40.054093,-75.049043,910,6,0,0,0,0,0,1,1,0,,0,0,0,,,4,,1,,40 03:14.733,6,0,75 02:56.553,4,0,0,0,67301,0,0,0,N,0,0,0,5,67301,4,,1,1025,1,N,N,N,0,,0,0,1,,2,Y,,3,4,0,0,0,0,0,2,1,3,,,,N,,,,,,,,,,,1,0,1,0,0,0,0,0,0,0,0,0,1,0,0,0,0,0,0,0,0,0,0,0,1,1,0,0,0,0,0,0,0,0,0,0,0,0,0,0,0,0,0,0,0,1,0,0,0,0,0,0,0,0,0,0,0,0,1,1,1,0,0,0,0,0,0,1,0,0,0,1,0,0,1,0,0,0,0,0,0,0,0,1,0,0,0,0,0,0,0,1,0,0,0,0,0,0,0,1,0,0,0,0,0,0,1,0,0,0,0,0,0,0,0,0,0,0,0,0,0,1,0,1,0,0,0,0,0
-8360701.202,4863539.179,11553,2021074701,1410,2,0,0,0,0,0,0,0,0,4,0,,67,8,2021,3,39.983453,-75.105455,1409,6,0,0,0,0,0,0,0,1,,0,0,0,,,1,,1,,39 59:00.430,,0,75 06:19.637,3,0,0,0,67301,0,0,0,N,0,0,0,2,67301,0,,1,,1,N,N,N,0,,1,0,0,,2,,,2,1,0,0,0,0,0,2,0,2,,3,,N,,,,,,,,,,,1,0,1,0,0,0,0,0,0,0,0,0,0,0,0,0,0,0,0,0,0,0,0,0,0,0,1,0,0,0,0,0,0,0,0,0,0,0,0,0,0,0,0,0,0,0,0,0,0,0,0,0,0,0,0,0,0,0,1,1,1,0,0,0,0,0,0,1,1,0,0,1,0,0,1,0,0,0,0,0,0,0,0,0,0,0,0,0,0,0,0,1,0,0,0,0,0,0,0,1,0,0,0,0,0,0,0,0,0,1,0,0,0,0,0,0,0,0,0,0,0,1,0,1,0,0,0,0,0
-8371857.422,4862154.3,11554,2021083884,1520,0,0,0,0,0,0,0,0,0,8,0,,67,9,2021,7,39.97392,-75.205673,1516,6,0,0,0,0,0,0,0,0,,0,0,0,,,1,N,0,,39 58:26.111,,0,75 12:20.422,3,0,0,0,67301,1,0,0,N,1,0,0,1,67301,0,,1,,1,N,N,N,0,,1,0,1,,0,,,2,1,0,0,0,0,0,2,0,1,,,,N,,,,,,,,,,,0,0,0,0,0,0,0,0,0,0,0,0,1,0,0,0,0,0,0,0,0,0,0,0,0,0,0,0,0,0,0,0,0,0,0,0,0,0,0,0,0,0,0,0,0,1,0,0,0,0,0,0,0,0,0,0,0,0,1,1,0,0,0,0,0,0,0,0,0,0,0,0,0,0,0,0,1,0,0,0,0,1,0,0,0,0,0,0,0,0,0,0,0,0,0,0,0,0,0,0,1,0,0,0,0,0,1,0,0,1,0,0,0,0,0,0,0,0,0,0,0,1,0,0,1,0,0,0,0
-8364713.603,4864825.154,11555,2021084762,50,1,0,0,0,0,0,0,0,0,4,0,,67,9,2021,4,39.992304,-75.141499,33,6,0,0,0,0,0,0,0,0,,0,0,0,,,1,N,2,,39 59:32.293,,0,75 08:29.396,8,0,0,0,67301,0,0,0,N,0,0,0,2,67301,0,,1,,1,N,N,N,0,,0,0,1,,0,,,2,1,0,0,0,1,0,2,0,2,,3,,N,,,,,,,,,,,0,0,1,0,0,0,0,0,0,0,0,0,0,0,0,0,0,0,0,0,0,0,0,0,0,0,0,0,0,0,0,0,0,0,0,0,0,0,0,0,0,0,0,0,0,0,0,0,0,0,0,0,0,0,0,1,0,0,1,1,1,0,0,0,1,0,0,1,0,0,0,0,0,0,1,0,0,0,0,0,0,0,0,0,0,0,0,0,0,0,0,0,0,0,0,0,0,0,0,0,0,0,0,0,0,0,1,0,0,0,0,0,0,0,0,0,0,0,0,0,1,1,0,0,0,0,0,0,0
-8366769.674,4857657.721,11556,2021118474,1205,0,0,0,0,0,0,0,0,0,8,0,,67,6,2021,4,39.942958,-75.159969,1153,6,0,0,0,0,0,1,0,0,,0,0,0,,,1,N,0,,39 56:34.650,,0,75 09:35.890,4,0,0,0,67301,1,0,0,N,1,0,0,2,67301,1,,1,,1,N,N,N,0,,0,0,1,,0,,,2,1,0,0,0,0,0,2,0,1,,3,,N,,,,,,,,,,,0,0,0,0,0,0,0,0,0,0,0,0,0,0,0,0,0,1,0,0,0,0,0,0,1,0,0,0,0,0,0,0,0,0,0,0,0,0,0,0,0,0,0,0,0,0,0,0,0,0,0,0,0,0,0,0,0,0,1,1,0,0,0,0,0,0,0,1,1,0,0,0,0,0,0,0,1,0,0,0,0,1,0,1,0,0,0,0,0,0,0,0,0,0,0,0,0,0,0,0,1,0,0,0,0,0,0,0,0,0,0,0,0,0,0,0,0,0,0,0,0,1,0,0,1,0,0,0,0
-8364585.363,4868960.554,11557,2021075100,1310,0,0,0,0,0,0,0,0,0,5,0,,67,8,2021,2,40.020759,-75.140347,1305,6,0,0,0,0,0,1,0,0,,0,0,0,,,2,N,0,,40 01:14.732,,0,75 08:25.248,8,0,0,0,67301,1,0,0,N,1,0,0,3,67301,0,,1,,1,N,N,Y,0,,0,0,2,,0,,,3,2,1,0,0,2,0,2,0,2,,3,,N,,,,,,,,,,,0,0,0,0,0,0,0,0,0,0,0,0,0,0,0,0,0,0,0,0,0,0,0,0,1,0,0,1,1,0,0,0,0,0,0,0,0,0,0,0,0,0,0,0,0,0,0,0,0,0,0,0,0,0,1,0,1,0,1,1,0,0,0,0,0,0,0,0,0,0,0,0,0,0,1,0,1,0,0,0,0,1,0,0,0,0,0,0,0,0,0,0,0,0,0,0,0,0,0,0,0,0,0,0,0,0,1,0,0,0,0,0,0,0,0,0,0,1,0,0,0,1,0,1,1,0,0,0,0
-8356591.285,4867918.076,11558,2021075630,1620,2,0,0,0,0,0,0,0,0,4,0,,67,8,2021,5,40.013587,-75.068535,1615,6,0,0,0,0,0,0,0,0,,0,0,0,,,0,,5,,40 00:48.913,1,0,75 04:06.725,9,0,0,0,67301,0,0,0,N,0,0,0,2,67301,0,,1,100,1,N,N,N,0,,0,0,1,,2,N,,3,0,0,0,0,0,1,2,0,3,,3,,N,,,,,,,,,,,1,0,1,0,0,0,0,0,0,0,0,0,0,0,0,0,0,0,0,0,0,0,0,0,0,0,0,0,0,0,0,0,0,0,0,0,0,0,0,0,0,0,1,0,0,1,0,0,0,0,0,0,0,0,0,0,0,0,0,0,1,0,0,0,0,0,0,1,0,0,0,0,0,0,1,1,0,0,0,0,0,0,0,0,0,0,0,0,0,0,0,1,0,0,0,0,0,0,0,1,0,0,0,1,1,0,1,0,0,0,0,0,0,0,0,0,0,0,0,0,0,1,0,1,0,0,0,0,0
-8375313.225,4850640.548,11559,2021120123,425,1,0,0,0,0,0,0,0,0,2,0,,67,12,2021,4,39.894612,-75.236717,421,6,0,0,0,0,0,0,0,0,,0,0,0,,,1,,2,,39 53:40.603,,6,75 14:12.181,8,0,0,0,67301,0,0,0,N,0,0,0,2,67301,0,,1,,1,N,N,N,0,,0,0,1,,0,,,2,1,1,0,0,1,0,2,0,2,,3,,N,,,,,,,,,,,0,0,0,0,0,0,0,0,0,0,0,0,0,0,0,0,0,0,0,0,0,0,0,0,0,0,0,0,0,0,0,0,0,0,0,0,0,0,0,0,0,0,0,0,0,0,0,0,0,0,0,1,0,0,0,1,0,0,1,1,1,0,0,0,1,0,0,0,0,0,0,0,0,0,1,0,0,0,0,0,0,0,0,0,0,0,0,0,0,0,0,0,0,0,0,0,0,0,0,0,0,0,0,0,0,0,1,0,0,0,0,0,0,0,0,0,0,1,0,0,1,1,0,1,0,0,0,0,0
-8368746.598,4870724.527,11560,2021081047,740,0,0,0,0,0,0,1,0,0,4,1,,67,8,2021,3,40.032893,-75.177728,700,6,0,0,0,0,0,1,0,0,,0,0,0,,,6,,2,,40 01:58.414,,0,75 10:39.820,4,0,0,0,67301,0,0,0,N,0,0,0,7,67508,6,,1,,1,N,N,Y,0,,0,0,1,,2,,,2,6,1,0,0,0,0,2,0,2,,3,,N,,,,,,,,,,,1,0,1,0,0,0,0,0,0,0,1,1,0,0,0,0,0,0,0,0,0,0,0,0,1,0,0,0,0,0,0,0,0,0,0,0,0,0,0,0,0,0,0,0,0,0,0,0,0,0,0,0,0,0,0,0,0,0,1,1,1,0,0,0,0,0,0,1,1,0,0,0,0,0,1,0,0,0,0,0,0,0,0,1,0,0,0,0,0,0,0,0,0,0,0,0,0,0,0,1,0,0,0,0,0,0,0,0,0,0,0,0,0,0,0,0,0,1,0,0,0,1,0,1,0,0,0,0,0
-8356626.907,4867204.888,11561,2021058110,652,0,0,0,0,0,0,0,0,0,4,0,,67,6,2021,4,40.00868,-75.068855,642,6,0,0,0,0,0,0,0,0,,0,0,0,,,0,,1,,40 00:31.249,2,0,75 04:07.877,0,0,0,0,67301,0,0,0,N,0,0,0,2,67301,0,,1,642,1,N,N,N,0,,0,0,2,,2,N,,2,0,0,0,0,0,0,2,0,2,,,,N,,,,,,,,,,,1,0,1,0,0,0,0,0,0,0,0,0,0,0,0,0,0,0,0,0,0,0,0,0,0,0,0,0,0,0,0,0,0,0,0,0,0,0,0,0,0,0,0,0,0,0,0,0,0,0,0,0,0,0,0,0,0,0,0,0,1,0,0,0,0,0,0,0,0,0,0,0,0,0,1,0,0,0,0,0,0,0,0,0,1,0,0,0,0,0,0,1,0,0,0,0,0,0,0,1,0,0,0,0,0,0,1,0,0,0,0,0,0,0,0,0,0,0,0,0,0,1,0,1,0,0,0,0,0
-8349917.234,4874107.397,11562,2021077615,2230,1,0,0,0,0,0,0,0,0,4,0,,67,8,2021,4,40.056157,-75.008581,2218,6,0,0,0,0,0,0,0,0,,0,0,0,,,0,N,0,,40 03:22.164,,0,75 00:30.892,0,0,0,0,67301,0,0,0,N,0,0,0,4,67301,0,,1,,9,N,N,N,0,,0,0,1,,0,,,2,0,1,0,0,0,0,2,0,2,,7,,N,,,,,,,,,,,1,0,1,0,0,0,0,0,0,0,0,0,0,0,1,0,0,0,0,0,0,0,0,0,0,0,0,0,0,0,0,0,0,0,0,0,0,0,0,0,0,0,0,0,0,0,0,0,0,0,0,0,0,0,0,1,0,0,0,0,0,0,0,0,0,0,0,0,0,0,0,0,0,0,1,0,1,0,0,0,0,0,0,0,1,0,0,0,0,0,0,0,0,0,0,0,0,0,0,0,0,0,0,0,0,0,1,0,0,0,0,0,0,0,0,0,0,1,0,0,0,1,0,1,0,0,1,0,0
-8347977.269,4874664.728,11563,2021074122,927,0,0,0,0,0,0,0,0,0,7,0,,67,8,2021,2,40.059989,-74.991154,921,6,0,0,0,0,0,0,0,0,,0,0,0,,,2,N,0,,40 03:35.959,,0,74 59:28.154,3,0,0,0,67301,0,0,0,N,0,0,0,2,67301,0,,4,,1,N,N,N,0,,1,0,1,,0,,,1,2,0,0,0,1,0,2,0,1,,3,,N,,,,,,,,,,,1,0,0,0,0,0,0,0,0,0,0,0,0,0,0,0,0,0,0,0,0,0,0,0,0,0,0,0,0,0,0,0,0,0,0,0,0,0,0,1,0,0,0,1,0,0,0,0,0,1,0,0,0,0,0,0,0,0,1,1,0,0,0,1,0,0,0,0,0,0,0,0,0,0,0,0,1,0,0,0,0,0,0,0,0,0,0,0,0,0,0,0,0,0,0,0,0,0,0,0,1,0,0,0,1,0,1,0,0,1,0,1,0,0,0,0,0,0,0,0,0,1,0,1,0,0,0,0,0
-8374504.711,4858357.881,11564,2021077649,1923,1,0,0,0,0,0,0,0,0,4,0,,67,8,2021,3,39.94778,-75.229454,1912,6,0,0,0,0,0,0,0,0,,0,0,0,,,0,,1,,39 56:52.009,,0,75 13:46.036,0,0,0,0,67301,0,0,0,N,0,0,0,2,67301,0,,1,,1,N,N,N,0,,0,0,1,,2,,,2,0,0,0,0,0,0,2,0,2,,4,,N,,,,,,,,,,,1,0,1,0,0,0,0,0,0,0,0,0,0,0,0,0,0,0,0,0,0,0,0,0,0,0,0,0,0,0,0,0,0,0,0,0,0,0,0,0,0,0,0,0,0,1,0,0,0,0,0,0,0,0,0,0,0,0,0,0,1,0,0,0,1,0,0,1,0,0,0,0,0,0,1,0,0,0,0,0,0,0,0,0,1,0,0,0,0,0,0,0,0,0,0,0,0,0,0,1,0,0,0,0,0,0,1,0,0,0,0,0,0,0,0,0,0,0,0,0,0,1,0,1,0,0,0,0,0
-8349908.329,4874249.054,11565,2021120239,2312,1,0,0,0,0,0,0,0,0,4,0,,67,12,2021,4,40.057131,-75.008501,2312,6,0,0,0,0,0,0,0,0,,0,0,0,,,0,N,0,,40 03:25.671,,0,75 00:30.604,0,0,0,0,67301,0,0,0,N,0,0,0,3,67301,0,,1,,99,N,N,N,0,,0,0,1,,0,,,2,0,3,0,0,0,0,2,0,2,,,,N,,,,,,,,,,,1,0,1,0,0,0,0,0,0,0,0,0,0,0,0,0,0,0,0,0,0,0,0,0,0,0,0,0,0,0,0,0,0,0,0,0,0,0,0,0,0,0,0,0,0,0,0,0,0,0,0,0,0,0,0,1,0,0,0,0,0,0,0,0,0,0,0,0,0,0,0,0,0,0,1,0,1,0,0,0,0,0,0,0,1,0,0,0,0,0,0,0,0,0,0,0,0,0,0,0,0,0,0,0,0,0,1,0,0,0,0,0,0,0,0,0,0,1,0,0,0,1,0,1,0,0,0,0,0
-8365363.041,4864244.258,11566,2021075997,905,1,0,0,0,0,0,0,0,0,1,0,,67,8,2021,1,39.988306,-75.147333,855,6,0,0,0,0,0,0,0,0,,0,0,0,,,1,N,0,,39 59:17.900,,0,75 08:50.400,3,0,0,0,67301,0,0,0,N,0,0,0,1,67301,0,,6,,1,N,N,N,0,,1,0,1,,0,,,2,1,1,0,0,0,0,2,0,2,,3,,N,,,,,,,,,,,0,0,0,0,0,0,0,0,0,0,0,0,0,0,0,0,0,0,0,0,0,0,0,0,0,0,0,1,1,0,0,0,0,0,0,0,0,0,0,0,0,0,1,0,0,0,0,0,0,0,0,0,0,0,1,0,1,0,1,1,0,0,0,0,0,0,0,1,1,0,0,0,0,0,1,0,1,0,0,0,0,0,0,0,0,0,0,0,0,1,0,0,0,0,0,0,0,0,0,0,0,0,0,0,0,0,0,0,0,1,0,0,0,0,0,0,0,1,0,0,0,1,1,0,0,0,0,0,0
-8374479.999,4862149.652,11567,2021073936,203,2,0,0,0,0,0,0,0,0,4,0,,67,8,2021,2,39.973888,-75.229232,200,6,0,0,0,0,0,0,0,0,,0,0,0,,,0,,1,,39 58:25.996,6,0,75 13:45.235,0,0,0,0,67301,0,0,0,N,0,0,0,2,67301,0,,1,330,1,N,N,N,0,,0,0,2,,3,Y,,4,0,1,0,0,0,0,2,0,4,,,,N,,,,,,,,,,,1,0,1,0,0,0,0,0,0,0,0,0,0,0,0,0,0,0,0,0,0,0,0,0,0,0,0,0,0,0,0,0,0,0,0,0,0,0,0,0,0,0,1,0,0,0,0,0,0,0,0,0,0,0,0,1,0,0,0,0,1,0,0,0,0,0,0,1,1,0,0,0,0,0,1,0,0,0,0,0,0,0,0,0,1,0,0,0,0,0,0,0,1,0,0,0,0,0,0,0,0,0,0,0,0,0,0,1,0,0,0,0,0,0,0,0,0,1,0,0,1,1,0,1,0,0,0,0,0
-8349013.654,4883878.891,11568,2021077064,1705,1,0,0,0,0,0,0,0,0,1,0,,67,8,2021,3,40.123311,-75.000464,1659,6,0,0,0,0,0,0,0,0,,0,0,0,,,0,Y,0,,40 07:23.920,,0,75 00:01.670,0,0,0,0,67301,0,0,0,N,0,0,0,2,67301,0,,1,,1,N,N,N,0,,0,0,1,,3,,,2,0,0,0,0,0,0,2,0,2,,3,,N,,,,,,,,,,,0,0,0,0,0,0,0,0,0,0,0,0,0,0,0,0,0,0,0,0,0,0,0,0,0,0,0,0,0,0,0,0,0,0,0,0,0,0,0,0,0,0,0,0,0,0,0,0,0,0,0,0,0,0,0,0,0,0,0,0,0,0,0,0,0,0,0,1,1,0,0,0,0,0,1,0,1,0,0,0,0,0,0,0,1,0,0,0,0,1,0,0,0,0,0,0,0,0,0,0,0,0,0,0,0,0,0,0,0,0,0,0,0,0,0,0,0,0,0,0,0,1,0,1,0,0,0,0,0
-8365179.809,4859786.815,11569,2021075987,1135,1,0,0,0,0,0,0,0,0,4,0,,67,8,2021,3,39.95762,-75.145687,1130,6,0,0,0,0,0,0,1,0,,0,0,0,,,2,,1,,39 57:27.432,,0,75 08:44.473,4,0,0,0,67301,0,0,0,N,0,0,0,2,67301,1,,1,,1,N,N,N,0,,0,0,1,,2,,,2,2,0,0,0,1,0,2,0,2,,4,,N,,,,,,,,,,,1,0,1,0,0,0,0,0,0,0,0,0,0,0,0,0,0,0,0,0,0,0,0,0,0,1,0,0,0,0,0,0,0,0,0,0,0,0,0,0,0,0,0,0,0,0,0,0,0,0,0,0,0,0,0,0,0,0,1,1,1,0,0,0,1,0,0,1,1,0,0,1,0,0,1,0,0,0,0,0,0,0,0,1,0,0,0,0,0,0,0,0,0,0,0,0,0,0,0,1,0,0,0,0,0,0,0,0,0,0,0,0,0,0,0,0,0,0,0,0,0,1,0,1,0,0,0,0,0
-8367168.421,4856513.061,11570,2021058956,1506,1,0,0,0,0,0,0,0,0,4,0,,67,6,2021,5,39.935074,-75.163551,1647,6,0,0,0,0,0,0,0,1,,0,0,0,,,0,,1,,39 56:06.266,,0,75 09:48.783,0,0,0,0,67301,0,0,0,N,0,0,0,3,67301,0,,1,,1,N,N,N,0,,0,0,1,,3,,,2,0,0,0,0,0,0,2,0,2,,3,,N,,,,,,,,,,,1,0,1,0,0,0,0,0,0,0,0,0,0,0,0,0,0,0,0,0,0,0,0,0,0,0,1,0,0,0,0,0,0,0,0,0,0,0,0,0,0,0,0,0,0,0,0,0,0,0,0,0,0,0,0,0,0,0,0,0,1,0,0,0,0,0,0,1,1,0,0,1,0,0,1,0,0,0,0,0,0,0,0,0,1,0,0,0,0,0,0,0,1,0,0,0,0,0,0,0,0,0,0,0,0,0,0,1,0,0,0,0,0,0,0,0,0,0,0,0,1,1,1,1,0,0,0,0,0
-8366167.102,4857845.316,11571,2021105362,,2,0,0,0,0,0,0,0,0,1,0,,67,8,2021,4,39.94425,-75.154556,,6,0,0,0,0,0,1,0,0,,0,0,0,,,1,N,0,,39 56:39.300,,0,75 09:16.400,3,0,0,0,67301,0,0,0,N,0,0,0,2,0,0,,1,,1,N,N,N,0,,1,0,0,,0,,,2,1,0,0,0,0,0,2,0,2,,,,N,,,,,,,,,,,1,0,0,0,0,0,0,0,0,0,0,0,0,0,0,0,0,0,0,0,0,0,0,0,1,0,0,0,0,0,0,0,0,0,0,0,0,0,0,0,0,0,0,0,0,0,0,0,0,0,0,0,0,0,0,0,0,0,1,1,0,0,0,0,0,0,0,1,1,0,0,0,0,0,1,0,1,0,0,0,0,0,0,0,0,0,0,0,0,1,0,0,0,0,0,0,0,0,0,0,0,0,0,0,0,0,0,0,0,1,0,0,1,0,0,0,0,0,0,0,0,1,0,0,0,0,0,0,0