X,Y,objectid,crn,arrival_tm,automobile_count,belted_death_count,belted_susp_serious_inj_count,bicycle_count,bicycle_death_count,bicycle_susp_serious_inj_count,bus_count,chldpas_death_count,chldpas_susp_serious_inj_count,collision_type,comm_veh_count,cons_zone_spd_lim,county,crash_month,crash_year,day_of_week,dec_latitude,dec_longitude,dispatch_tm,district,driver_count_16yr,driver_count_17yr,driver_count_18yr,driver_count_19yr,driver_count_20yr,driver_count_50_64yr,driver_count_65_74yr,driver_count_75plus,est_hrs_closed,fatal_count,heavy_truck_count,horse_buggy_count,hour_of_day,illumination,injury_count,intersection_related_x,intersect_type,lane_closed,latitude,ln_close_dir,location_type,longitude,max_severity_level,mcycle_death_count,mcycle_susp_serious_inj_count,motorcycle_count,municipality,nonmotr_count,nonmotr_death_count,nonmotr_susp_serious_inj_count,ntfy_hiwy_maint,ped_count,ped_death_count,ped_susp_serious_inj_count,person_count,police_agcy,possible_inj_count,rdwy_surf_type_cd,relation_to_road,roadway_cleared,road_condition,sch_bus_ind,sch_zone_ind,secondary_crash,small_truck_count,spec_juris_cd,susp_minor_inj_count,susp_serious_inj_count,suv_count,tcd_func_cd,tcd_type,tfc_detour_ind,time_of_day,total_units,tot_inj_count,unbelted_occ_count,unb_death_count,unb_susp_serious_inj_count,unk_inj_deg_count,unk_inj_per_count,urban_rural,van_count,vehicle_count,weather1,weather2,workers_pres,work_zone_ind,work_zone_loc,work_zone_type,wz_close_detour,wz_flagger,wz_law_offcr_ind,wz_ln_closure,wz_moving,wz_other,wz_shlder_mdn,wz_workers_inj_killed,aggressive_driving,alcohol_related,angle_crash,atv,atv_route,backup_congestion,backup_nonrecurring,backup_prior,bicycle,cell_phone,child_passenger,comm_vehicle,core_network,cross_median,curved_road,curve_dvr_error,deer_related,distracted,drinking_driver,driver_16yr,driver_17yr,driver_18yr,driver_19yr,driver_20yr,driver_50_64yr,driver_65_74yr,driver_75plus,drugged_driver,drug_related,fatal,fatal_or_susp_serious_inj,fatigue_asleep,federal_aid_route,fire_in_vehicle,hazardous_truck,hit_barrier,hit_bridge,hit_deer,hit_embankment,hit_fixed_object,hit_gdrail,hit_gdrail_end,hit_parked_vehicle,hit_pole,hit_roadway_equipment,hit_run,hit_temp_construction_barrier,hit_traffic_island,hit_tree_shrub,hit_utility_pole,horse_buggy,ho_oppdir_sdswp,hvy_truck_related,icy_road,illegal_drug_related,illumination_dark,impaired_driver,impaired_nonmotorist,injury,injury_or_fatal,intersection,intersection_related_y,interstate,lane_departure,left_turn,limit_65mph,limit_70mph,local_road,local_road_only,marijuana_drugged_driver,marijuana_related,mature_driver,mc_drinking_driver,motorcycle,multiple_vehicle,nhtsa_agg_driving,non_intersection,no_clearance,opioid_related,other_freeway_expressway,overturned,pedestrian,phantom_vehicle,possible_injury,property_damage_only,psp_reported,ramp,ramp_segment,ramp_terminal,rear_end,roundabout,running_red_lt,running_stop_sign,rural,school_bus,school_bus_related,school_bus_unit,school_zone,shldr_related,signalized_int,single_vehicle,snowmobile,snow_slush_road,speeding,speeding_related,speed_change_lane,state_road,stop_controlled_int,sudden_deer,suspected_minor_injury,suspected_serious_injury,sv_run_off_rd,tailgating,train,train_trolley,trolley,turnpike,unbelted,underage_drnk_drv,unlicensed,unsignalized_int,urban,vehicle_failure,vehicle_towed,vulnerable_road_user,vulnerable_road_user_fatal,wet_road,work_zone,young_driver
-8359067.143,4873870.483,17539,2022014547,1800,1,0,0,0,0,0,0,0,0,4,1,,67,2,2022,3,40.054528,-75.090776,1757,6,0,0,0,0,1,0,0,0,,0,1,0,,,2,,1,,40 03:16.301,,0,75 05:26.793,8,0,0,0,67301,0,0,0,N,0,0,0,3,67301,0,,1,,2,N,N,N,0,,0,0,1,3,3,,,3,2,0,0,0,2,0,2,0,3,,3,,N,,,,,,,,,,,0,0,1,0,0,0,0,0,0,0,0,1,0,0,0,0,0,0,0,0,0,0,0,1,0,0,0,0,0,0,0,0,0,0,0,0,0,0,0,0,0,0,0,0,0,0,0,0,0,0,0,0,1,1,0,1,0,0,1,1,1,0,0,0,0,0,0,1,0,0,0,0,0,0,1,0,0,0,0,0,0,0,0,0,0,0,0,0,0,0,0,0,0,0,0,0,0,0,0,0,0,0,0,0,0,0,1,1,0,0,0,0,0,0,0,0,0,0,0,0,1,1,1,0,0,0,0,0,1
-8351447.099,4875202.017,17540,2022014602,735,0,0,0,0,0,0,0,0,0,7,0,,67,1,2022,1,40.063683,-75.022324,731,6,0,0,0,0,0,0,0,0,,0,0,0,,,0,N,0,,40 03:49.260,,0,75 01:20.368,0,0,0,0,67301,0,0,0,N,0,0,0,1,67301,0,,5,,1,N,N,N,0,,0,0,1,0,0,,,1,0,0,0,0,0,0,2,0,1,,3,,N,,,,,,,,,,,0,0,0,0,0,0,0,0,0,0,0,0,0,0,0,0,0,1,0,0,0,0,0,0,0,0,0,0,0,0,0,0,0,0,0,0,0,0,0,1,0,0,0,1,0,0,0,0,0,1,0,0,0,0,0,0,0,0,0,0,0,0,0,1,0,0,0,0,0,0,0,0,0,0,0,0,1,0,0,0,0,0,0,0,1,0,0,0,0,0,0,0,0,0,0,0,0,0,0,0,1,0,0,0,0,0,1,0,0,0,0,1,0,0,0,0,0,0,0,0,0,1,0,1,0,0,0,0,0
-8366198.717,4868519.392,17541,2022014895,1120,1,0,0,0,0,0,0,0,0,8,0,,67,1,2022,2,40.017724,-75.15484,1101,6,0,0,0,0,0,1,0,0,,0,0,0,,,1,N,0,,40 01:03.805,,0,75 09:17.424,3,0,0,0,67301,1,0,0,N,1,0,0,2,67301,0,,6,,6,N,N,N,0,,1,0,0,0,0,,,2,1,0,0,0,0,0,2,0,1,,,,N,,,,,,,,,,,0,0,0,0,0,0,0,0,0,0,0,0,0,0,0,0,0,0,0,0,0,0,0,0,1,0,0,0,0,0,0,1,0,0,0,0,0,0,0,0,0,0,0,0,0,0,0,0,0,0,0,0,0,0,0,0,0,0,1,1,0,0,0,0,0,0,0,0,0,0,0,0,0,0,0,0,1,0,0,0,0,1,0,0,0,0,0,0,0,0,0,0,0,0,0,0,0,0,0,0,1,0,1,0,0,0,1,0,0,1,0,0,0,0,0,0,0,0,0,0,0,1,0,1,1,0,0,0,0
-8366215.86,4859172.377,17542,2022014572,842,0,0,0,0,0,0,0,0,0,8,0,,67,2,2022,6,39.953389,-75.154994,840,6,0,0,0,0,0,0,0,0,,0,0,0,,,1,N,0,,39 57:12.199,,0,75 09:17.977,8,0,0,0,67301,1,0,0,N,1,0,0,2,67301,0,,1,,9,N,N,N,1,,0,0,0,0,0,,,2,1,0,0,0,1,0,2,0,1,,7,,N,,,,,,,,,,,0,0,0,0,0,0,0,0,0,0,0,0,0,0,0,0,0,0,0,0,0,0,0,0,0,0,0,0,0,0,0,0,0,0,0,0,0,0,0,0,0,0,0,0,0,0,0,0,0,0,0,0,0,0,0,0,0,0,1,1,0,0,0,0,0,0,0,0,0,0,0,0,0,0,0,0,1,0,0,0,0,1,0,0,0,0,0,0,0,0,0,0,0,0,0,0,0,0,0,0,1,0,0,0,0,0,1,0,0,0,0,0,0,0,0,0,0,0,0,0,0,1,0,0,1,0,1,0,0
-8367048.975,4859797.997,17543,2022014574,955,0,0,0,0,0,0,0,0,0,4,0,,67,2,2022,1,39.957697,-75.162478,944,6,0,0,0,0,0,1,0,0,,0,0,0,,,0,,1,,39 57:27.710,1,0,75 09:44.921,0,0,0,0,67301,0,0,0,N,0,0,0,2,67301,0,,1,1001,1,N,N,N,0,,0,0,2,3,2,Y,,2,0,2,0,0,0,0,2,0,2,,3,,N,,,,,,,,,,,1,0,1,0,0,0,0,0,0,0,0,0,0,0,0,0,0,0,0,0,0,0,0,0,1,0,0,0,0,0,0,0,0,0,0,0,0,0,0,0,0,0,0,0,0,0,0,0,0,0,0,0,0,0,0,0,0,0,0,0,1,0,0,0,0,0,0,0,0,0,0,0,0,0,1,0,0,0,0,0,0,0,0,0,1,0,1,0,1,0,0,1,0,0,0,0,0,0,0,1,0,0,0,0,0,0,1,0,0,0,0,0,0,0,0,0,0,1,0,0,0,1,0,1,0,0,0,0,0
-8374668.463,4861711.552,17544,2022014778,242,2,0,0,0,0,0,0,0,0,5,0,,67,1,2022,5,39.970872,-75.230925,237,6,0,0,0,0,0,0,0,0,,0,0,0,,,0,N,0,,39 58:15.140,,0,75 13:51.330,0,0,0,0,67301,0,0,0,N,0,0,0,1,67301,0,,1,,1,N,N,N,0,,0,0,0,0,0,,,2,0,1,0,0,0,0,2,0,2,,3,,N,,,,,,,,,,,0,0,0,0,0,0,0,0,0,0,0,0,0,0,0,0,0,1,0,0,0,0,0,0,0,0,0,0,0,0,0,0,0,0,0,0,0,0,0,0,0,0,1,0,0,0,0,0,0,0,0,0,0,0,0,1,0,0,0,0,0,0,0,0,0,0,0,1,1,0,0,0,0,0,1,0,1,0,0,0,0,0,0,0,1,0,0,0,0,0,0,0,0,0,0,0,0,0,0,0,0,0,0,0,0,0,0,0,0,0,0,0,0,0,0,0,0,1,0,0,0,1,0,1,0,0,0,0,0
-8367931.628,4873712.688,17545,2022014703,303,2,0,0,0,0,0,0,0,0,6,0,,67,2,2022,7,40.053443,-75.170407,303,6,0,0,0,0,0,0,0,0,,0,0,0,,,1,N,0,,40 03:12.394,,0,75 10:13.464,2,0,0,0,67301,0,0,0,N,0,0,0,2,67301,0,,5,,1,N,N,N,0,,0,1,0,0,0,,,2,1,1,0,1,0,1,2,0,2,,,,N,,,,,,,,,,,0,0,0,0,0,0,0,0,0,0,0,0,0,0,0,0,0,0,0,0,0,0,0,0,0,0,0,0,0,0,1,0,0,0,0,0,0,0,0,0,0,0,0,1,0,1,0,0,0,1,0,1,0,0,0,1,0,0,1,1,0,0,0,1,0,0,0,0,0,0,0,0,0,0,1,0,1,0,0,0,0,0,0,0,0,0,0,0,0,0,0,0,0,0,0,0,0,0,0,0,0,0,0,0,0,0,1,0,0,0,1,1,0,0,0,0,0,1,0,0,0,1,0,0,0,0,0,0,0
-8374028.932,4859912.727,17546,2022014768,320,0,0,0,0,0,0,0,0,0,4,1,,67,2,2022,2,39.958487,-75.22518,318,6,0,0,0,0,0,0,0,0,,0,1,0,,,0,,1,,39 57:30.554,5,0,75 13:30.649,0,0,0,0,67301,0,0,0,N,0,0,0,3,67301,0,,1,440,9,N,N,N,0,,0,0,1,3,2,Y,,2,0,0,0,0,0,0,2,0,2,,,,N,,,,,,,,,,,1,0,1,0,0,0,0,0,0,0,0,1,0,0,0,0,0,0,0,0,0,0,0,0,0,0,0,0,0,0,0,0,0,0,0,0,0,0,0,0,0,0,0,0,0,0,0,0,0,0,0,0,1,0,0,1,0,0,0,0,1,0,0,0,0,0,0,0,0,0,0,0,0,0,1,0,0,0,0,0,0,0,0,0,1,0,0,0,0,0,0,1,0,0,0,0,0,0,0,1,0,0,0,0,0,0,1,0,0,0,0,0,0,0,0,0,0,0,0,0,0,1,0,1,0,0,1,0,0
-8362733.006,4871343.461,17547,2022014840,2045,1,0,0,0,0,0,0,0,0,6,0,,67,1,2022,7,40.03715,-75.123707,2045,6,0,0,0,0,0,0,0,0,,0,0,0,,,0,,1,,40 02:13.739,2,0,75 07:25.345,0,0,0,0,67301,0,0,0,N,0,0,0,1,67301,0,,1,2115,1,N,N,N,0,,0,0,1,3,2,N,,2,0,0,0,0,0,0,2,0,2,,,,N,,,,,,,,,,,0,0,0,0,0,0,0,0,0,0,0,0,0,0,0,0,0,0,0,0,0,0,0,0,0,0,0,0,0,0,0,0,0,0,0,0,0,0,0,0,0,0,1,0,0,0,0,0,0,0,0,1,0,0,0,1,0,0,0,0,1,0,0,0,0,0,0,1,1,0,0,0,0,0,1,0,0,0,0,0,0,0,0,0,1,0,0,0,0,0,0,0,0,0,0,0,0,0,0,1,0,0,0,0,1,0,0,0,0,0,0,0,0,0,0,0,0,0,0,0,0,1,1,1,0,0,0,0,0
-8353541.019,4877836.958,17548,2022014586,735,0,0,0,0,0,0,0,0,0,7,0,,67,1,2022,7,40.081796,-75.041134,729,6,0,0,0,0,0,1,0,0,,0,0,0,,,0,N,0,,40 04:54.466,,0,75 02:28.083,0,0,0,0,67301,0,0,0,N,0,0,0,1,67301,0,,4,,2,N,N,N,1,,0,0,0,0,0,,,1,0,0,0,0,0,0,2,0,1,,9,,N,,,,,,,,,,,1,0,0,0,0,0,0,0,0,0,0,0,0,0,0,0,0,0,0,0,0,0,0,0,1,0,0,0,0,0,0,0,0,0,0,0,0,0,1,1,0,0,0,1,0,0,0,0,0,1,0,0,0,1,0,0,0,0,0,0,0,0,0,1,0,0,0,0,0,0,0,0,0,0,0,0,1,0,0,0,0,0,0,0,1,0,0,0,0,0,0,0,0,0,0,0,0,0,0,0,1,0,0,0,1,0,1,0,0,0,0,1,0,0,0,0,0,0,0,0,0,1,0,1,0,0,0,0,0
-8358419.263,4874508.229,17549,2022014549,2218,2,0,0,0,0,0,0,0,0,2,0,,67,2,2022,7,40.058913,-75.084956,2218,6,0,0,0,0,0,1,0,0,,0,0,0,,,1,,1,,40 03:32.087,,0,75 05:05.840,4,0,0,0,67301,0,0,0,N,0,0,0,2,67301,1,,1,,1,N,N,N,0,,0,0,0,3,2,,,2,1,2,0,0,0,0,2,0,2,,3,,N,,,,,,,,,,,0,0,0,0,0,0,0,0,0,0,0,0,0,0,0,0,0,0,0,0,0,0,0,0,1,0,0,0,0,0,0,0,0,0,0,0,0,0,0,0,0,0,0,0,0,1,0,0,0,0,0,1,0,0,0,1,0,0,1,1,1,0,0,0,0,0,0,1,0,0,0,0,0,0,1,0,0,0,0,0,0,0,0,1,0,0,0,0,0,0,0,0,0,0,0,0,0,0,0,1,0,0,0,0,0,0,1,0,0,0,0,0,0,0,0,0,0,1,0,0,0,1,0,1,0,0,0,0,0
-8358274.77,4865988.211,17550,2022014707,1602,2,0,0,0,0,0,0,0,0,4,0,,67,1,2022,4,40.000308,-75.083658,1546,6,0,0,0,0,0,2,0,0,,0,0,0,,,2,,2,,40 00:01.107,,2,75 05:01.169,3,0,0,0,67301,0,0,0,N,0,0,0,3,67301,0,,1,,1,N,N,N,0,,2,0,0,3,2,,,2,2,0,0,0,0,0,2,0,2,,3,,N,,,,,,,,,,,1,0,1,0,0,0,0,0,0,0,0,0,0,0,0,0,0,0,0,0,0,0,0,0,1,0,0,0,0,0,0,0,0,0,0,0,0,0,0,0,0,0,0,0,0,0,0,0,0,0,0,0,0,0,0,0,0,0,1,1,1,0,0,0,1,0,0,0,0,0,0,0,0,0,1,0,0,0,0,0,0,0,0,0,0,0,1,0,1,0,0,0,0,0,0,0,0,0,0,1,0,0,0,0,0,0,1,0,0,1,0,0,0,0,0,0,0,0,0,0,0,1,0,1,0,0,0,0,0
-8352160.88,4880847.64,17551,2022014583,1940,1,0,0,0,0,0,0,0,0,8,0,,67,1,2022,6,40.102486,-75.028736,1937,6,0,0,0,0,0,0,0,0,,0,0,0,,,1,,1,,40 06:08.948,,0,75 01:43.450,3,0,0,0,67301,1,0,0,N,1,0,0,2,67301,0,,1,,9,N,N,N,0,,1,0,0,3,2,,,2,1,0,0,0,0,0,2,0,1,,,,N,,,,,,,,,,,0,0,0,0,0,0,0,0,0,0,0,0,0,0,0,0,0,0,0,0,0,0,0,0,0,0,0,0,0,0,0,0,0,0,0,0,0,0,0,0,0,0,0,0,0,0,0,0,0,0,0,0,0,0,0,1,0,0,1,1,1,0,0,0,0,0,0,1,0,0,0,0,0,0,0,0,0,0,0,0,0,1,0,0,0,0,0,0,0,0,0,0,0,0,0,0,0,0,0,1,1,0,0,0,0,0,1,0,0,1,0,0,0,0,0,0,0,0,0,0,0,1,0,0,1,0,1,0,0
-8375889.526,4852732.873,17552,2022014084,2055,0,0,0,0,0,0,0,0,0,8,0,,67,1,2022,6,39.909031,-75.241894,2052,6,0,0,0,0,0,0,0,0,,1,0,0,,,0,,2,,39 54:32.511,1,0,75 14:30.820,1,0,0,0,67301,1,1,0,N,1,1,0,2,67301,0,2,1,100,1,N,N,N,0,0,0,0,0,3,2,N,,2,0,0,0,0,0,0,2,0,1,,3,,N,,,,,,,,,,,0,0,0,0,0,0,0,0,0,0,0,0,0,0,0,0,0,0,0,0,0,0,0,0,0,0,0,0,0,1,1,0,0,0,0,0,0,0,0,0,0,0,0,0,0,1,0,0,0,0,0,0,0,0,0,1,0,0,0,1,1,0,0,0,0,0,0,1,0,0,0,0,0,0,0,0,0,0,0,0,0,1,0,0,0,0,0,0,0,0,0,0,0,0,0,0,0,0,0,1,1,0,0,0,0,0,1,0,0,0,0,0,0,0,0,0,0,0,0,0,0,1,0,0,1,1,0,0,0
-8368502.14,4851046.239,17553,2022014525,1558,1,0,0,0,0,0,0,0,0,4,0,,67,1,2022,4,39.897408,-75.175532,1557,6,0,0,0,0,0,0,0,1,,0,0,0,,,0,,1,,39 53:50.668,7,0,75 10:31.915,0,0,0,0,67301,0,0,0,N,0,0,0,2,67301,0,,1,1610,1,N,N,N,0,,0,0,1,3,2,N,,2,0,0,0,0,0,0,2,0,2,,,,N,,,,,,,,,,,0,0,1,0,0,0,0,0,0,0,0,0,0,0,0,0,0,0,0,0,0,0,0,0,0,0,1,0,0,0,0,0,0,0,0,0,0,0,0,0,0,0,0,0,0,0,0,0,0,0,0,0,0,0,0,0,0,0,0,0,1,0,0,0,1,0,0,1,1,0,0,1,0,0,1,0,0,0,0,0,0,0,0,0,1,0,0,0,0,0,0,0,0,0,0,0,0,0,0,1,0,0,0,0,0,0,0,0,0,0,0,0,0,0,0,0,0,0,0,0,0,1,0,1,0,0,0,0,0
-8368138.014,4867086.439,17554,2022010896,227,0,0,0,0,0,0,0,0,0,4,0,,67,1,2022,6,40.007865,-75.172261,225,6,0,0,0,0,0,0,0,0,,0,0,0,,,0,,1,,40 00:28.314,4,0,75 10:20.141,0,0,0,0,67301,0,0,0,N,0,0,0,2,67301,0,,1,258,1,N,N,N,0,,0,0,2,3,2,N,,2,0,0,0,0,0,0,2,0,2,,3,,N,,,,,,,,,,,0,0,1,0,0,0,0,0,0,0,0,0,0,0,0,0,0,0,0,0,0,0,0,0,0,0,0,0,0,0,0,0,0,0,0,0,0,0,0,0,0,0,0,0,0,0,0,0,0,0,0,0,0,0,0,1,0,0,0,0,1,0,0,0,0,0,0,1,0,0,0,0,0,0,1,0,0,0,0,0,0,0,0,0,1,0,0,0,0,0,0,0,0,0,0,0,0,0,0,1,0,0,0,0,0,0,1,0,0,0,0,0,0,0,0,0,0,0,0,0,0,1,0,1,0,0,0,0,0
-8371999.021,4868118.946,17555,2022014565,912,2,0,0,0,0,0,0,0,0,1,0,,67,1,2022,1,40.014969,-75.206945,912,6,0,0,0,0,0,0,0,0,,0,0,0,,,1,N,0,,40 00:53.887,,0,75 12:25.003,8,0,0,0,67301,0,0,0,N,0,0,0,2,67301,0,,1,,9,N,N,N,0,,0,0,0,3,2,,,2,1,0,0,0,1,1,2,0,2,,3,,N,,,,,,,,,,,0,0,0,0,0,0,0,0,0,1,0,0,0,0,0,0,0,1,0,0,0,0,0,0,0,0,0,0,0,0,0,0,0,0,0,0,0,0,0,0,0,0,0,0,0,0,0,0,0,0,0,0,0,0,0,1,0,0,1,1,0,0,0,0,0,0,0,0,0,0,0,0,0,0,1,0,1,0,0,0,0,0,0,0,0,0,0,0,0,1,0,0,0,0,0,0,0,0,0,0,0,0,0,0,0,0,1,0,0,0,0,0,0,0,0,0,0,0,0,0,0,1,0,0,0,0,1,0,0
-8351753.562,4878256.711,17556,2022015351,1029,2,0,0,0,0,0,0,0,0,4,0,,67,2,2022,5,40.084681,-75.025077,1025,6,0,0,0,0,0,0,0,1,,0,0,0,,,1,,2,,40 05:04.850,2,0,75 01:30.277,8,0,0,0,67301,0,0,0,N,0,0,0,5,67301,0,,1,1055,1,N,N,N,0,,0,0,0,3,2,N,,2,1,0,0,0,1,0,2,0,2,,3,,N,,,,,,,,,,,1,0,1,0,0,0,0,0,0,0,1,0,1,0,0,0,0,0,0,0,0,0,0,0,0,0,1,0,0,0,0,0,0,0,0,0,0,0,0,0,0,0,0,0,0,0,0,0,0,0,0,0,0,0,0,0,0,0,1,1,1,0,0,0,0,0,0,1,0,0,0,1,0,0,1,0,0,0,0,0,0,0,0,0,0,0,0,0,0,0,0,1,0,0,0,0,0,0,0,1,0,0,0,0,0,0,1,0,0,0,0,0,0,0,0,0,0,0,0,0,0,1,0,1,0,0,0,0,0
-8357096.676,4867958.919,17557,2022014720,1555,2,0,0,0,0,0,0,0,0,2,0,,67,1,2022,5,40.013868,-75.073075,1547,6,0,0,0,0,0,0,0,0,,0,0,0,,,0,,1,,40 00:49.924,,0,75 04:23.069,9,0,0,0,67301,0,0,0,N,0,0,0,2,67301,0,,1,,1,N,N,N,0,,0,0,0,3,3,,,2,0,0,0,0,0,2,2,0,2,,,,N,,,,,,,,,,,0,0,0,0,0,0,0,0,0,0,0,0,0,0,0,0,0,0,0,0,0,0,0,0,0,0,0,0,0,0,0,0,0,0,0,0,0,0,0,0,0,0,0,0,0,0,0,0,0,0,0,1,0,0,0,0,0,0,0,0,1,0,0,0,0,0,0,1,1,0,0,0,0,0,1,0,0,0,0,0,0,0,0,0,0,0,0,0,0,0,0,0,0,0,0,0,0,0,0,0,0,0,0,0,0,0,0,1,0,0,0,0,0,0,0,0,0,0,0,0,1,1,0,1,0,0,0,0,0
-8368494.014,4870799.838,17558,2022014660,2215,1,0,0,0,0,0,0,0,0,4,0,,67,1,2022,5,40.033411,-75.175459,2215,6,0,0,0,0,0,0,0,0,,0,0,0,,,0,,1,,40 02:00.279,,0,75 10:31.652,0,0,0,0,67301,0,0,0,N,0,0,0,2,67301,0,,1,,1,N,N,N,1,,0,0,0,3,3,,,2,0,0,0,0,0,0,2,0,2,,,,N,,,,,,,,,,,0,0,1,0,0,0,0,0,0,0,0,0,0,0,0,0,0,0,0,0,0,0,0,0,0,0,0,0,0,0,0,0,0,0,0,0,0,0,0,0,0,0,0,0,0,1,0,0,0,0,0,0,0,0,0,0,0,0,0,0,1,0,0,0,0,0,0,1,1,0,0,0,0,0,1,0,0,0,0,0,0,0,0,0,1,0,0,0,0,0,0,0,0,0,0,0,0,0,0,0,0,0,0,0,0,0,0,1,0,0,0,0,0,0,0,0,0,0,0,0,1,1,0,1,0,0,0,0,0
-8373634.416,4864595.726,17559,2022014774,2350,0,0,0,0,0,0,0,0,0,1,0,,67,1,2022,1,39.990725,-75.221636,2344,6,0,0,0,0,0,0,0,0,,0,0,0,,,0,N,0,,39 59:26.610,,0,75 13:17.890,0,0,0,0,67301,0,0,0,N,0,0,0,1,67301,0,,1,,1,N,N,N,0,,0,0,2,0,0,,,2,0,0,0,0,0,0,2,0,2,,,,N,,,,,,,,,,,0,0,0,0,0,0,0,0,0,0,0,0,0,0,0,0,0,0,0,0,0,0,0,0,0,0,0,0,0,0,0,0,0,0,0,0,0,0,0,0,0,0,1,0,0,0,0,0,0,0,0,0,0,0,0,1,0,0,0,0,0,0,0,0,0,0,0,1,1,0,0,0,0,0,1,0,1,0,0,0,0,0,0,0,1,0,0,0,0,1,0,0,0,0,0,0,0,0,0,0,0,0,0,0,0,0,0,0,0,0,0,0,0,0,0,0,0,0,0,0,0,1,0,1,0,0,0,0,0
-8364397.789,4865812.668,17560,2022014826,115,1,0,0,0,0,0,0,0,0,7,0,,67,2,2022,7,39.9991,-75.138662,102,6,0,0,0,0,0,0,0,0,,0,0,0,,,2,N,0,,39 59:56.760,,0,75 08:19.184,3,0,0,0,67301,0,0,0,N,0,0,0,2,67301,0,,9,,1,N,N,N,0,,2,0,0,0,0,,,1,2,0,0,0,0,0,2,0,1,,3,,N,,,,,,,,,,,1,0,0,0,0,0,0,0,0,0,0,0,0,0,0,0,0,0,0,0,0,0,0,0,0,0,0,0,0,0,0,0,0,0,0,0,0,0,0,1,0,0,0,1,0,1,0,0,0,1,0,0,0,0,0,1,0,0,1,1,0,0,0,1,0,0,0,0,0,0,0,0,0,0,0,0,1,0,0,0,0,0,0,0,0,0,0,0,0,0,0,0,0,0,0,0,0,0,0,0,1,0,0,0,1,0,1,0,0,1,0,1,0,0,0,0,0,0,0,0,0,1,0,1,0,0,0,0,0
-8371182.937,4869726.638,17561,2022014564,1035,1,0,0,0,0,0,0,0,0,7,0,,67,1,2022,6,40.026029,-75.199614,1029,6,0,0,0,1,0,0,0,0,,0,0,0,,,2,N,0,,40 01:33.706,,0,75 11:58.611,3,0,0,0,67301,0,0,0,N,0,0,0,2,67301,0,,2,,7,N,N,N,0,,2,0,0,0,0,,,1,2,0,0,0,0,0,2,0,1,,10,,N,,,,,,,,,,,0,0,0,0,0,0,0,0,0,0,0,0,0,0,1,0,0,0,0,0,0,0,1,0,0,0,0,0,0,0,0,0,0,0,0,0,0,0,0,1,0,0,0,0,0,0,0,0,0,0,0,0,0,0,0,0,0,0,1,1,0,0,0,1,0,0,0,0,0,0,0,0,0,0,0,0,1,0,0,0,0,0,0,0,0,0,0,0,0,0,0,0,0,0,0,0,0,0,0,0,1,0,1,0,0,0,1,0,0,1,0,1,0,0,0,0,0,0,0,0,0,1,0,1,0,0,0,0,1
-8364913.978,4858960.797,17562,2022014570,1313,0,0,0,0,0,0,0,0,0,8,0,,67,1,2022,4,39.951932,-75.143299,1309,6,0,0,0,0,0,0,0,0,,0,0,0,,,1,,1,,39 57:06.954,,0,75 08:35.878,3,0,0,0,67301,1,0,0,N,1,0,0,2,67301,0,,1,,1,N,N,N,1,,1,0,0,3,2,,,2,1,0,0,0,0,0,2,0,1,,3,,N,,,,,,,,,,,0,0,0,0,0,0,0,0,0,0,0,0,0,0,0,0,0,0,0,0,0,0,0,0,0,0,0,0,0,0,0,0,0,0,0,0,0,0,0,0,0,0,0,0,0,0,0,0,0,0,0,0,0,0,0,0,0,0,1,1,1,0,0,0,0,0,0,1,0,0,0,0,0,0,0,0,0,0,0,0,0,1,0,0,0,0,0,0,0,0,0,0,0,0,0,0,0,0,0,1,1,0,0,0,0,0,1,0,0,1,0,0,0,0,0,0,0,0,0,0,0,1,0,0,1,0,0,0,0
-8366381.17,4872832.432,17563,2022009455,,1,0,0,0,0,0,0,0,0,4,0,,67,1,2022,2,40.04739,-75.156479,,6,0,0,0,0,0,1,0,0,,0,0,0,,,1,,1,,40 02:50.604,,0,75 09:23.324,8,0,0,0,67301,0,0,0,N,0,0,0,2,0,0,,1,,1,N,N,N,0,,0,0,0,3,3,,,2,1,0,0,0,1,0,2,0,2,,,,N,,,,,,,,,,,0,0,1,0,0,0,0,0,0,0,0,0,0,0,0,0,0,0,0,0,0,0,0,0,1,0,0,0,0,0,0,0,0,0,0,0,0,0,0,0,0,0,0,0,0,1,0,0,0,0,0,0,0,0,0,0,0,0,1,1,1,0,0,0,0,0,0,1,1,0,0,0,0,0,1,0,0,0,0,0,0,0,0,0,0,0,0,0,0,0,0,0,0,0,0,0,0,0,0,0,0,0,0,0,0,0,0,1,0,0,0,0,0,0,0,0,0,0,0,0,1,1,0,0,0,0,0,0,0
-8354472.652,4870395.231,17564,2022014727,1413,0,0,0,0,0,0,0,0,0,7,0,,67,1,2022,1,40.030628,-75.049503,1410,6,0,0,0,0,1,0,0,0,,0,0,0,,,0,N,0,,40 01:50.260,,0,75 02:58.210,0,0,0,0,67301,0,0,0,N,0,0,0,1,67301,0,,2,,2,N,N,N,0,,0,0,1,3,3,,,1,0,0,0,0,0,0,2,0,1,,10,,N,,,,,,,,,,,1,0,0,0,0,0,0,0,0,0,0,0,0,0,0,0,0,0,0,0,0,0,0,1,0,0,0,0,0,0,0,0,0,0,0,0,0,0,0,1,0,0,0,0,0,0,0,0,0,0,0,0,0,1,0,0,0,0,0,0,0,0,0,1,0,0,0,1,1,0,0,0,0,0,0,0,1,0,0,0,0,0,0,0,1,0,0,0,0,0,0,0,0,0,0,0,0,0,0,0,1,0,0,0,1,0,0,0,0,0,0,1,0,0,0,0,0,0,0,0,0,1,0,1,0,0,0,0,1