X,Y,objectid,crn,arrival_tm,automobile_count,belted_death_count,belted_susp_serious_inj_count,bicycle_count,bicycle_death_count,bicycle_susp_serious_inj_count,bus_count,chldpas_death_count,chldpas_susp_serious_inj_count,collision_type,comm_veh_count,cons_zone_spd_lim,county,crash_month,crash_year,day_of_week,dec_latitude,dec_longitude,dispatch_tm,district,driver_count_16yr,driver_count_17yr,driver_count_18yr,driver_count_19yr,driver_count_20yr,driver_count_50_64yr,driver_count_65_74yr,driver_count_75plus,est_hrs_closed,fatal_count,heavy_truck_count,horse_buggy_count,hour_of_day,illumination,injury_count,intersection_related_x,intersect_type,lane_closed,latitude,ln_close_dir,location_type,longitude,max_severity_level,mcycle_death_count,mcycle_susp_serious_inj_count,motorcycle_count,municipality,nonmotr_count,nonmotr_death_count,nonmotr_susp_serious_inj_count,ntfy_hiwy_maint,ped_count,ped_death_count,ped_susp_serious_inj_count,person_count,police_agcy,possible_inj_count,rdwy_surf_type_cd,relation_to_road,roadway_cleared,road_condition,sch_bus_ind,sch_zone_ind,secondary_crash,small_truck_count,spec_juris_cd,susp_minor_inj_count,susp_serious_inj_count,suv_count,tcd_func_cd,tcd_type,tfc_detour_ind,time_of_day,total_units,tot_inj_count,unbelted_occ_count,unb_death_count,unb_susp_serious_inj_count,unk_inj_deg_count,unk_inj_per_count,urban_rural,van_count,vehicle_count,weather1,weather2,workers_pres,work_zone_ind,work_zone_loc,work_zone_type,wz_close_detour,wz_flagger,wz_law_offcr_ind,wz_ln_closure,wz_moving,wz_other,wz_shlder_mdn,wz_workers_inj_killed,aggressive_driving,alcohol_related,angle_crash,atv,atv_route,backup_congestion,backup_nonrecurring,backup_prior,bicycle,cell_phone,child_passenger,comm_vehicle,core_network,cross_median,curved_road,curve_dvr_error,deer_related,distracted,drinking_driver,driver_16yr,driver_17yr,driver_18yr,driver_19yr,driver_20yr,driver_50_64yr,driver_65_74yr,driver_75plus,drugged_driver,drug_related,fatal,fatal_or_susp_serious_inj,fatigue_asleep,federal_aid_route,fire_in_vehicle,hazardous_truck,hit_barrier,hit_bridge,hit_deer,hit_embankment,hit_fixed_object,hit_gdrail,hit_gdrail_end,hit_parked_vehicle,hit_pole,hit_roadway_equipment,hit_run,hit_temp_construction_barrier,hit_traffic_island,hit_tree_shrub,hit_utility_pole,horse_buggy,ho_oppdir_sdswp,hvy_truck_related,icy_road,illegal_drug_related,illumination_dark,impaired_driver,impaired_nonmotorist,injury,injury_or_fatal,intersection,intersection_related_y,interstate,lane_departure,left_turn,limit_65mph,limit_70mph,local_road,local_road_only,marijuana_drugged_driver,marijuana_related,mature_driver,mc_drinking_driver,motorcycle,multiple_vehicle,nhtsa_agg_driving,non_intersection,no_clearance,opioid_related,other_freeway_expressway,overturned,pedestrian,phantom_vehicle,possible_injury,property_damage_only,psp_reported,ramp,ramp_segment,ramp_terminal,rear_end,roundabout,running_red_lt,running_stop_sign,rural,school_bus,school_bus_related,school_bus_unit,school_zone,shldr_related,signalized_int,single_vehicle,snowmobile,snow_slush_road,speeding,speeding_related,speed_change_lane,state_road,stop_controlled_int,sudden_deer,suspected_minor_injury,suspected_serious_injury,sv_run_off_rd,tailgating,train,train_trolley,trolley,turnpike,unbelted,underage_drnk_drv,unlicensed,unsignalized_int,urban,vehicle_failure,vehicle_towed,vulnerable_road_user,vulnerable_road_user_fatal,wet_road,work_zone,young_driver
-8359485.147,4865163.275,17590,2022014802,1217,0,0,0,0,0,0,0,0,0,8,0,,67,1,2022,2,39.994631,-75.094531,1217,6,0,0,0,0,0,0,0,0,,0,0,0,,,1,N,0,,39 59:40.673,,7,75 05:40.311,8,0,0,0,67301,1,0,0,N,1,0,0,2,67301,0,,5,,1,N,N,N,0,,0,0,1,0,0,,,2,1,0,0,0,1,0,2,0,1,,3,,N,,,,,,,,,,,0,0,0,0,0,0,0,0,0,0,0,0,0,0,0,0,0,0,0,0,0,0,0,0,0,0,0,0,0,0,0,0,0,0,0,0,0,0,0,0,0,0,0,0,0,0,0,0,0,0,0,0,0,0,0,0,0,0,1,1,0,0,0,0,0,0,0,1,1,0,0,0,0,0,0,0,1,0,0,0,0,1,0,0,0,0,0,0,0,0,0,0,0,0,0,0,0,0,0,0,1,0,0,0,0,0,0,0,0,0,0,1,0,0,0,0,0,0,0,0,0,1,0,0,1,0,0,0,0
-8372271.864,4857406.535,17591,2022004255,821,0,0,0,0,0,0,0,0,0,4,1,,67,1,2022,6,39.941228,-75.209396,811,6,0,0,0,0,0,0,0,0,,0,0,0,,,1,,1,,39 56:28.421,,0,75 12:33.827,3,0,0,0,67301,0,0,0,N,0,0,0,3,67301,0,,1,,9,N,N,N,1,,1,0,1,3,2,,,2,1,0,0,0,0,0,2,0,2,,,,N,,,,,,,,,,,1,0,1,0,0,0,0,0,0,0,0,1,0,0,0,0,0,0,0,0,0,0,0,0,0,0,0,0,0,0,0,0,0,0,0,0,0,0,0,0,0,0,0,0,0,0,0,0,0,0,0,0,0,0,0,0,0,0,1,1,1,0,0,0,1,0,0,1,0,0,0,0,0,0,1,0,0,0,0,0,0,0,0,0,0,0,0,0,0,0,0,0,0,0,0,0,0,0,0,1,0,0,0,0,1,0,1,0,0,1,0,0,0,0,0,0,0,0,0,0,0,1,0,0,0,0,1,0,0
-8352600.369,4877070.537,17592,2022014617,1030,3,0,0,0,0,0,0,0,0,5,0,,67,2,2022,5,40.076528,-75.032684,1030,6,0,0,0,0,0,2,0,0,,0,0,0,,,1,,1,,40 04:35.499,1,0,75 01:57.662,8,0,0,0,67301,0,0,0,N,0,0,0,3,67301,0,,1,1100,9,N,N,N,0,,0,0,0,3,2,N,,3,1,0,0,0,1,1,2,0,3,,4,,N,,,,,,,,,,,1,0,0,0,0,0,0,0,0,0,0,0,1,0,0,0,0,0,0,0,0,0,0,0,1,0,0,0,0,0,0,0,0,0,0,0,0,0,0,0,0,0,0,0,0,0,0,0,0,0,0,0,0,0,0,0,0,0,1,1,1,0,0,0,0,0,0,1,0,0,0,0,0,0,1,0,0,0,0,0,0,0,0,0,0,0,0,0,0,0,0,0,0,0,0,0,0,0,0,1,0,0,0,0,0,0,1,0,0,0,0,0,0,0,0,0,0,0,0,0,0,1,0,1,0,0,1,0,0
-8365348.236,4868153.685,17593,2022014825,237,1,0,0,0,0,0,0,0,0,2,0,,67,2,2022,6,40.015208,-75.1472,237,6,0,0,0,0,0,1,0,0,,0,0,0,,,0,,1,,40 00:54.748,,0,75 08:49.919,0,0,0,0,67301,0,0,0,N,0,0,0,2,67301,0,,1,,9,N,N,N,0,,0,0,1,3,2,,,2,0,0,0,0,0,0,2,0,2,,7,,N,,,,,,,,,,,0,0,0,0,0,0,0,0,0,0,0,0,0,0,0,0,0,0,0,0,0,0,0,0,1,0,0,0,0,0,0,0,0,0,0,0,0,0,0,0,0,0,0,0,0,0,0,0,0,0,0,1,0,0,0,1,0,0,0,0,1,0,0,0,0,0,0,1,1,0,0,0,0,0,1,0,0,0,0,0,0,0,0,0,1,0,0,0,0,0,0,0,0,0,0,0,0,0,0,1,0,0,0,0,0,0,0,0,0,0,0,0,0,0,0,0,0,0,0,0,0,1,0,1,0,0,1,0,0
-8367825.763,4866245.863,17594,2022014901,1204,3,0,0,0,0,0,0,0,0,4,0,,67,2,2022,6,40.002081,-75.169456,1202,6,0,0,0,0,0,0,0,0,,0,0,0,,,0,,1,,40 00:07.491,,0,75 10:10.041,0,0,0,0,67301,0,0,0,N,0,0,0,2,67301,0,,1,,9,N,N,N,0,,0,0,0,3,3,,,3,0,0,0,0,0,0,2,0,3,,,,N,,,,,,,,,,,1,0,1,0,0,0,0,0,0,0,0,0,0,0,0,0,0,0,0,0,0,0,0,0,0,0,0,0,0,0,0,0,0,0,0,0,0,0,0,0,0,0,1,0,0,0,0,0,0,0,0,0,0,0,0,0,0,0,0,0,1,0,0,0,0,0,0,1,1,0,0,0,0,0,1,0,0,0,0,0,0,0,0,0,1,0,0,0,0,0,0,0,1,0,0,0,0,0,0,0,0,0,0,0,0,0,0,1,0,0,0,0,0,0,0,0,0,0,0,0,1,1,0,1,0,0,1,0,0
-8360946.884,4862995.548,17595,2022015155,321,1,0,0,0,0,0,0,0,0,7,0,,67,1,2022,7,39.979711,-75.107662,321,6,0,0,0,0,0,0,0,0,,1,0,0,,,0,N,0,,39 58:46.961,5,1,75 06:27.583,1,0,0,0,67301,0,0,0,N,0,0,0,1,67301,0,2,4,422,1,N,N,N,0,0,0,0,0,0,0,N,,1,0,0,0,0,0,0,2,0,1,,3,,N,,,,,,,,,,,1,1,0,0,0,0,0,0,0,0,0,0,0,0,1,0,0,0,1,0,0,0,0,0,0,0,0,0,0,1,1,0,0,1,0,0,0,0,0,1,0,0,0,1,0,0,0,0,0,1,0,0,0,0,0,1,1,0,0,1,0,0,0,1,0,0,0,0,0,0,0,0,0,0,0,0,1,0,0,0,0,0,0,0,0,0,0,0,0,0,0,0,0,0,0,0,0,0,0,0,1,0,0,0,1,0,1,0,0,0,0,1,0,0,0,0,0,0,0,0,0,1,0,1,0,0,0,0,0
-8370510.011,4872206.862,17596,2022014700,105,0,0,0,0,0,0,0,0,0,7,0,,67,2,2022,6,40.043088,-75.193569,102,6,0,0,0,0,0,0,0,0,,0,0,0,,,1,N,0,,40 02:35.117,2,0,75 11:36.847,8,0,0,0,67301,0,0,0,N,0,0,0,1,67301,0,,5,230,9,N,N,N,0,,0,0,1,0,0,Y,,1,1,0,0,0,1,0,2,0,1,,7,,N,,,,,,,,,,,1,0,0,0,0,0,0,0,0,0,0,0,0,0,1,0,0,1,0,0,0,0,0,0,0,0,0,0,0,0,0,0,0,0,0,0,0,0,0,1,0,0,0,1,0,0,0,0,1,1,0,0,0,0,0,1,0,0,1,1,0,0,0,1,0,0,0,0,0,0,0,0,0,0,0,1,1,0,0,0,0,0,0,0,0,0,0,0,0,0,0,0,0,0,0,0,0,0,0,0,1,0,0,1,1,0,1,0,0,0,0,1,0,0,0,0,0,0,0,0,0,1,0,1,0,0,1,0,0
-8362665.546,4869714.864,17597,2022014859,455,1,0,0,0,0,0,0,0,0,1,0,,67,1,2022,1,40.025948,-75.123101,450,6,0,0,0,0,0,0,0,0,,0,1,0,,,0,N,0,,40 01:33.413,,0,75 07:23.164,0,0,0,0,67301,0,0,0,N,0,0,0,2,67301,0,,6,,2,N,N,N,0,,0,0,0,0,0,,,2,0,0,0,0,0,0,2,0,2,,3,,N,,,,,,,,,,,0,0,0,0,0,0,0,0,0,0,0,0,0,0,0,0,0,1,0,0,0,0,0,0,0,0,0,0,0,0,0,0,0,0,0,0,0,0,0,0,0,0,1,0,0,0,0,0,0,0,0,0,1,1,0,1,0,0,0,0,0,0,0,0,0,0,0,0,0,0,0,0,0,0,1,0,1,0,0,0,0,0,0,0,1,0,0,0,0,1,0,0,0,0,0,0,0,0,0,0,0,0,0,0,0,0,1,0,0,0,0,0,0,0,0,0,0,0,0,0,0,1,0,1,0,0,0,0,0
-8363476.843,4871320.052,17598,2022014871,1150,2,0,0,0,0,0,0,0,0,3,0,,67,2,2022,7,40.036989,-75.130389,1149,6,1,0,0,0,0,0,0,0,,0,0,0,,,0,N,0,,40 02:13.160,,0,75 07:49.400,0,0,0,0,67301,0,0,0,N,0,0,0,2,67301,0,,1,,1,N,N,N,0,,0,0,0,0,0,,,2,0,0,0,0,0,0,2,0,2,,,,N,,,,,,,,,,,0,0,0,0,0,0,0,0,0,0,0,0,0,0,0,0,0,0,0,1,0,0,0,0,0,0,0,0,0,0,0,0,0,0,0,0,0,0,0,0,0,0,0,0,0,0,0,0,0,0,0,0,0,0,0,0,0,0,0,0,0,0,0,0,0,0,0,1,1,0,0,0,0,0,1,0,1,0,0,0,0,0,0,0,1,0,0,0,0,0,0,0,0,0,0,0,0,0,0,0,0,0,0,0,0,0,0,0,0,0,0,0,0,0,0,0,0,0,0,0,0,1,0,1,0,0,0,0,1
-8369481.418,4868805.745,17599,2022014891,641,1,0,0,0,0,0,0,0,0,8,0,,67,1,2022,6,40.019694,-75.184329,637,6,0,0,0,0,0,0,0,0,,0,0,0,,,1,,1,,40 01:10.898,5,0,75 11:03.583,4,0,0,0,67301,1,0,0,N,1,0,0,2,67301,1,,1,650,1,N,N,N,0,,0,0,0,3,2,N,,2,1,0,0,0,0,0,2,0,1,,3,,N,,,,,,,,,,,0,0,0,0,0,0,0,0,0,0,0,0,0,0,0,0,0,0,0,0,0,0,0,0,0,0,0,0,0,0,0,0,0,0,0,0,0,0,0,0,0,0,0,0,0,0,0,0,0,0,0,0,0,0,0,1,0,0,1,1,1,0,0,0,1,0,0,1,0,0,0,0,0,0,0,0,0,0,0,0,0,1,0,1,0,0,0,0,0,0,0,0,0,0,0,0,0,0,0,1,1,0,0,0,0,0,1,0,0,0,0,0,0,0,0,0,0,0,0,0,0,1,0,0,1,0,0,0,0
-8369189.983,4859357.097,17600,2022004246,916,0,0,0,0,0,0,0,0,0,8,0,,67,1,2022,3,39.954661,-75.181711,911,6,0,0,0,0,0,0,0,0,,1,0,0,,,0,Y,0,,39 57:16.780,,0,75 10:54.160,1,0,0,0,67301,1,1,0,N,1,1,0,2,67301,0,2,1,,1,N,N,N,0,0,0,0,0,0,0,,,2,0,0,0,0,0,0,2,1,1,,3,,N,,,,,,,,,,,0,0,0,0,0,0,0,0,0,0,0,0,0,0,0,0,0,0,0,0,0,0,0,0,0,0,0,0,0,1,1,0,0,0,0,0,0,0,0,0,0,0,0,0,0,0,0,0,0,0,0,0,0,0,0,0,0,0,0,1,0,0,0,0,0,0,0,0,0,0,0,0,0,0,0,0,1,0,0,0,0,1,0,0,0,0,0,0,0,0,0,0,0,0,0,0,0,0,0,0,1,0,0,0,0,0,1,0,0,0,0,0,0,0,0,0,0,0,0,0,0,1,0,0,1,1,0,0,0
-8366572.305,4862852.454,17601,2022007609,1145,1,0,0,1,0,0,0,0,0,8,0,,67,1,2022,7,39.978726,-75.158196,1143,6,0,0,0,0,0,0,0,0,,0,0,0,,,1,N,0,,39 58:43.413,,7,75 09:29.506,8,0,0,0,67301,1,0,0,N,0,0,0,3,67505,0,,1,,1,N,N,N,0,,0,0,0,0,0,,,2,1,2,0,0,1,0,2,0,1,,,,N,,,,,,,,,,,1,0,0,0,0,0,0,0,1,0,0,0,0,0,0,0,0,0,0,0,0,0,0,0,0,0,0,0,0,0,0,0,0,0,0,0,0,0,0,0,0,0,0,0,0,0,0,0,0,0,0,0,0,0,0,0,0,0,1,1,0,0,0,0,0,0,0,0,0,0,0,0,0,0,0,0,1,1,0,0,0,0,0,0,0,0,0,0,0,0,0,0,0,0,0,0,0,0,0,0,1,0,0,0,0,0,1,0,0,0,0,0,0,0,0,0,0,1,0,0,0,1,0,0,1,0,0,0,0
-8371525.802,4877714.891,17602,2022014696,1112,2,0,0,0,0,0,0,0,0,4,0,,67,2,2022,3,40.080957,-75.202694,1108,6,0,0,0,0,0,0,1,0,,0,0,0,,,0,,1,,40 04:51.446,,0,75 12:09.698,0,0,0,0,67301,0,0,0,N,0,0,0,2,67301,0,,1,,1,N,N,N,0,,0,0,0,3,2,,,2,0,0,0,0,0,0,2,0,2,,,,N,,,,,,,,,,,1,0,1,0,0,0,0,0,0,0,0,0,0,0,0,0,0,0,0,0,0,0,0,0,0,1,0,0,0,0,0,0,0,0,0,0,0,0,0,0,0,0,0,0,0,0,0,0,0,0,0,0,0,0,0,0,0,0,0,0,1,0,0,0,1,0,0,1,0,0,0,1,0,0,1,0,0,0,0,0,0,0,0,0,1,0,0,0,0,0,0,0,0,0,0,0,0,0,0,1,0,0,0,0,0,0,1,0,0,0,0,0,0,0,0,0,0,0,0,0,0,1,0,1,0,0,0,0,0
-8357588.374,4873332.684,17603,2022014541,833,1,0,0,0,0,0,0,0,0,2,0,,67,1,2022,3,40.05083,-75.077492,831,6,0,0,0,0,0,1,0,0,,0,0,0,,,2,,1,,40 03:02.987,,0,75 04:38.971,3,0,0,0,67301,0,0,0,N,0,0,0,3,67301,1,,1,,1,N,N,N,0,,1,0,2,3,2,,,3,2,0,0,0,0,0,2,0,3,,,,N,,,,,,,,,,,1,0,0,0,0,0,0,0,0,0,0,0,0,0,0,0,0,0,0,0,0,0,0,0,1,0,0,0,0,0,0,0,0,0,0,0,0,0,0,0,0,0,0,0,0,0,0,0,0,0,0,1,0,0,0,0,0,0,1,1,1,0,0,0,0,0,0,1,1,0,0,0,0,0,1,0,0,0,0,0,0,0,0,1,0,0,0,0,0,0,0,1,0,0,0,0,0,0,0,1,0,0,0,0,0,0,0,0,0,1,0,0,0,0,0,0,0,0,0,0,0,1,0,1,0,0,0,0,0
-8375984.927,4859033.84,17604,2022014757,2337,2,0,0,0,0,0,0,0,0,4,0,,67,1,2022,3,39.952435,-75.242751,2337,6,0,0,0,0,0,0,0,0,,0,0,0,,,0,,1,,39 57:08.765,,0,75 14:33.903,0,0,0,0,67301,0,0,0,N,0,0,0,1,67301,0,,1,,1,N,N,N,0,,0,0,0,3,2,,,2,0,0,0,0,0,0,2,0,2,,3,,N,,,,,,,,,,,0,0,1,0,0,0,0,0,0,0,0,0,0,0,0,0,0,0,0,0,0,0,0,0,0,0,0,0,0,0,0,0,0,0,0,0,0,0,0,0,0,0,0,0,0,1,0,0,0,0,0,0,0,0,0,1,0,0,0,0,1,0,0,0,0,0,0,1,1,0,0,0,0,0,1,0,0,0,0,0,0,0,0,0,1,0,0,0,0,0,0,0,0,0,0,0,0,0,0,1,0,0,0,0,0,0,0,0,0,0,0,0,0,0,0,0,0,0,0,0,0,1,0,1,0,0,0,0,0
-8355910.566,4869895.855,17605,2022014708,1326,2,0,0,0,0,0,0,0,0,4,0,,67,1,2022,5,40.027193,-75.06242,1318,6,0,0,0,1,0,0,0,0,,0,0,0,,,1,,3,,40 01:37.895,3,0,75 03:44.712,4,0,0,0,67301,0,0,0,N,0,0,0,2,67301,1,,1,1340,9,N,N,N,0,,0,0,0,3,3,N,,2,1,1,0,0,0,0,2,0,2,,,,N,,,,,,,,,,,1,0,1,0,0,0,0,0,0,0,0,0,0,0,0,0,0,0,0,0,0,0,1,0,0,0,0,0,0,0,0,0,0,0,0,0,0,0,0,0,0,0,0,0,0,0,0,0,0,0,0,0,0,0,0,0,0,0,1,1,1,0,0,0,0,0,0,1,0,0,0,0,0,0,1,0,0,0,0,0,0,0,0,1,0,0,0,0,0,0,0,0,1,0,0,0,0,0,0,0,0,0,0,0,0,0,1,1,0,0,0,0,0,0,0,0,0,1,0,0,1,1,0,1,0,0,1,0,1
-8356575.144,4867995.982,17606,2022014734,630,0,0,0,0,0,0,0,0,0,99,0,,67,2,2022,4,40.014123,-75.06839,627,6,0,0,0,0,0,0,0,0,,0,0,0,,,1,N,0,,40 00:50.842,1,0,75 04:06.203,3,0,0,0,67301,0,0,0,N,0,0,0,1,67301,0,,1,745,1,N,N,N,0,,1,0,1,0,0,Y,,1,1,0,0,0,0,0,2,0,1,,5,,N,,,,,,,,,,,0,0,0,0,0,0,0,0,0,0,0,0,0,0,0,0,0,0,0,0,0,0,0,0,0,0,0,0,0,0,0,0,0,0,0,0,0,0,0,0,0,0,0,0,0,0,0,0,0,0,0,0,0,0,0,1,0,0,1,1,0,0,0,0,0,0,0,0,0,0,0,0,0,0,0,0,1,0,0,0,0,0,0,0,0,0,0,0,0,0,0,0,0,0,0,0,0,0,0,0,1,0,0,0,0,0,1,0,0,1,0,0,0,0,0,0,0,0,0,0,0,1,0,1,0,0,0,0,0
-8366719.914,4861797.253,17607,2022014801,1602,0,0,0,0,0,0,0,0,0,8,0,,67,2,2022,7,39.971462,-75.159522,1600,6,0,0,0,0,0,0,0,0,,0,0,0,,,1,,1,,39 58:17.264,,0,75 09:34.278,3,0,0,0,67301,1,0,0,N,1,0,0,2,67301,0,,1,,1,N,N,N,0,,1,0,0,3,2,,,2,1,0,0,0,0,1,2,0,1,,3,,N,,,,,,,,,,,0,0,0,0,0,0,0,0,0,0,0,0,0,0,0,0,0,0,0,0,0,0,0,0,0,0,0,0,0,0,0,0,0,0,0,0,0,0,0,0,0,0,0,0,0,1,0,0,0,0,0,0,0,0,0,0,0,0,1,1,1,0,0,0,1,0,0,0,0,0,0,0,0,0,0,0,0,0,0,0,0,1,0,0,0,0,0,0,0,0,0,0,0,0,0,0,0,0,0,1,1,0,0,0,0,0,1,0,0,1,0,0,0,0,0,0,0,0,0,0,0,1,0,0,1,0,0,0,0
-8367751.958,4863951.788,17608,2022014789,422,1,0,0,0,0,0,1,0,0,4,1,,67,1,2022,7,39.986293,-75.168793,418,6,0,0,0,0,0,1,0,0,,0,0,0,,,0,,1,,39 59:10.654,,0,75 10:07.654,9,0,0,0,67301,0,0,0,N,0,0,0,2,67301,0,,1,,1,Y,N,N,0,,0,0,0,3,3,,,2,0,0,0,0,0,1,2,0,2,,3,,N,,,,,,,,,,,0,0,1,0,0,0,0,0,0,0,0,1,0,0,0,0,0,0,0,0,0,0,0,0,1,0,0,0,0,0,0,0,0,0,0,0,0,0,0,0,0,0,0,0,0,1,0,0,0,0,0,0,0,0,0,1,0,0,0,0,1,0,0,0,0,0,0,1,1,0,0,0,0,0,1,0,0,0,0,0,0,0,0,0,0,0,0,0,0,0,0,0,0,0,0,1,0,0,0,0,0,0,0,0,0,0,0,1,0,0,0,0,0,0,0,0,0,0,0,0,1,1,0,1,0,0,0,0,0
-8364396.119,4865823.567,17609,2022015763,910,0,0,0,0,0,0,0,0,0,1,0,,67,1,2022,2,39.999175,-75.138647,903,6,0,0,0,0,0,0,0,0,,0,0,0,,,0,N,0,,39 59:57.029,,0,75 08:19.128,0,0,0,0,67301,0,0,0,N,0,0,0,2,67301,0,,1,,2,N,N,N,0,,0,0,0,0,0,,,2,0,0,0,0,0,0,2,2,2,,3,,N,,,,,,,,,,,0,0,0,0,0,0,0,0,0,0,0,0,0,0,0,0,0,0,0,0,0,0,0,0,0,0,0,0,0,0,0,0,0,0,0,0,0,0,0,0,0,0,0,0,0,0,0,0,0,0,0,0,0,1,0,0,0,0,0,0,0,0,0,0,0,0,0,0,0,0,0,0,0,0,1,0,1,0,0,0,0,0,0,0,1,0,0,0,0,1,0,0,0,0,0,0,0,0,0,0,0,0,0,0,0,0,1,0,0,0,0,0,0,0,0,0,0,0,0,0,0,1,1,1,0,0,0,0,0
-8367672.921,4867303.716,17610,2022015356,934,2,0,0,0,0,0,0,0,0,4,0,,67,2,2022,5,40.00936,-75.168083,934,6,0,0,0,0,0,1,0,0,,0,0,0,,,1,,2,,40 00:33.697,,0,75 10:05.099,4,0,0,0,67301,0,0,0,N,0,0,0,2,67301,1,,1,,1,N,N,N,0,,0,0,0,3,3,,,2,1,0,0,0,0,0,2,0,2,,,,N,,,,,,,,,,,0,0,1,0,0,0,0,0,0,0,0,0,0,0,0,0,0,0,0,0,0,0,0,0,1,0,0,0,0,0,0,0,0,0,0,0,0,0,0,0,0,0,0,0,0,0,0,0,0,0,0,0,0,0,0,0,0,0,1,1,1,0,0,0,0,0,0,1,0,0,0,0,0,0,1,0,0,0,0,0,0,0,0,1,0,0,0,0,0,0,0,0,0,0,0,0,0,0,0,0,0,0,0,0,0,0,1,1,0,0,0,0,0,0,0,0,0,0,0,0,1,1,0,1,0,0,0,0,0
-8365946.689,4866406.299,17611,2022007577,612,2,0,0,0,0,0,0,0,0,1,0,,67,1,2022,7,40.003185,-75.152576,609,6,0,0,0,0,0,0,0,0,,0,0,0,,,1,,1,,40 00:11.467,,0,75 09:09.273,8,0,0,0,67301,0,0,0,N,0,0,0,2,67505,0,,1,,1,N,N,N,0,,0,0,0,3,2,,,3,1,0,0,0,1,0,2,1,3,,,,N,,,,,,,,,,,0,0,0,0,0,0,0,0,0,0,0,0,0,0,0,0,0,0,0,0,0,0,0,0,0,0,0,0,0,0,0,1,0,0,0,0,0,0,0,0,0,0,1,0,0,0,0,0,0,0,0,0,0,0,0,1,0,0,1,1,1,0,0,0,0,0,0,1,0,0,0,0,0,0,1,0,0,0,0,0,0,0,0,0,0,0,0,0,0,1,0,0,0,0,0,0,0,0,0,1,0,0,0,0,0,0,1,0,0,0,0,0,0,0,0,0,0,0,0,0,0,1,0,1,0,0,0,0,0
-8352107.335,4871956.036,17612,2022014620,1840,2,0,0,0,0,0,0,0,0,1,0,,67,2,2022,1,40.041363,-75.028255,1829,6,0,0,0,0,0,0,1,0,,0,0,0,,,1,,1,,40 02:28.908,,0,75 01:41.719,8,0,0,0,67301,0,0,0,N,0,0,0,2,67301,0,,1,,1,N,N,N,0,,0,0,0,,2,,,2,1,0,0,0,1,0,2,0,2,,,,N,,,,,,,,,,,0,0,0,0,0,0,0,0,0,0,0,0,0,0,0,0,0,0,0,0,0,0,0,0,0,1,0,0,0,0,0,0,0,0,0,0,0,0,0,0,0,0,0,0,0,0,0,0,0,0,0,0,0,0,0,1,0,0,1,1,1,0,0,0,0,0,0,0,0,0,0,1,0,0,1,0,0,0,0,0,0,0,0,0,0,0,0,0,0,1,0,0,0,0,0,0,0,0,0,1,0,0,0,0,0,0,1,0,0,0,0,0,0,0,0,0,0,0,0,0,0,1,0,1,0,0,0,0,0
-8355623.696,4872872.132,17613,2022011925,,1,0,0,0,0,0,0,0,0,5,1,,67,1,2022,4,40.047663,-75.059843,,6,0,0,0,0,0,0,0,0,,0,1,0,,,2,N,0,,40 02:51.585,,0,75 03:35.433,8,0,0,0,67301,0,0,0,N,0,0,0,3,0,0,,1,,1,N,N,N,0,,0,0,0,,0,,,2,2,0,0,0,2,0,2,0,2,,,,N,,,,,,,,,,,0,0,0,0,0,0,0,0,0,0,0,1,0,0,0,0,0,0,0,0,0,0,0,0,0,0,0,0,0,0,0,0,0,0,0,0,0,0,0,0,0,0,0,0,0,1,0,0,0,0,0,0,1,0,0,0,0,0,1,1,0,0,0,0,0,0,0,0,0,0,0,0,0,0,1,0,1,0,0,0,0,0,0,0,0,0,0,0,0,0,0,0,0,0,0,0,0,0,0,0,0,0,0,0,0,0,1,0,0,0,0,0,0,0,0,0,0,0,0,0,0,1,0,0,0,0,0,0,0
-8366211.184,4864738.555,17614,2022013565,1520,1,0,0,0,0,0,0,0,0,8,0,,67,1,2022,5,39.991708,-75.154952,1520,6,0,0,0,0,0,0,0,0,,1,0,0,,,0,N,0,,39 59:30.150,,0,75 09:17.827,1,0,0,0,67301,1,1,0,N,1,1,0,2,67301,0,2,1,,1,N,N,N,0,0,0,0,0,,9,,,2,0,0,0,0,0,0,2,0,1,,,,N,,,,,,,,,,,0,0,0,0,0,0,0,0,0,0,0,0,0,0,0,0,0,0,0,0,0,0,0,0,0,0,0,0,0,1,1,0,0,0,0,0,0,0,0,0,0,0,0,0,0,0,0,0,0,0,0,0,0,0,0,0,0,0,0,1,0,0,0,0,0,0,0,0,0,0,0,0,0,0,0,0,1,0,0,0,0,1,0,0,0,0,0,0,0,0,0,0,0,0,0,0,0,0,0,0,1,0,0,0,0,0,1,0,0,0,0,0,0,0,0,0,0,0,0,0,0,1,0,1,1,1,0,0,0
-8345841.047,4877698.451,17615,2022014606,2212,3,0,0,0,0,0,0,0,0,6,0,,67,1,2022,6,40.080844,-74.971964,2209,6,0,0,0,0,0,0,0,0,,0,0,0,,,2,N,0,,40 04:51.040,,0,74 58:19.070,3,0,0,0,67301,0,0,0,N,0,0,0,2,67301,0,,6,,1,N,N,N,0,,2,0,1,,0,,,4,2,0,0,0,0,0,2,0,4,,3,,N,,,,,,,,,,,0,1,0,0,0,0,0,0,0,0,0,0,0,0,1,0,0,0,1,0,0,0,0,0,0,0,0,1,1,0,0,0,0,0,0,0,0,0,0,0,0,0,1,0,0,0,0,0,0,0,0,1,0,0,1,1,1,0,1,1,0,0,0,0,0,0,0,1,1,0,0,0,0,0,1,0,1,0,0,0,0,0,0,0,0,0,0,0,0,0,0,0,0,0,0,0,0,0,0,0,0,0,0,0,0,0,0,0,0,1,0,0,0,0,0,0,0,0,0,0,0,1,0,1,0,0,0,0,0