X,Y,objectid,crn,arrival_tm,automobile_count,belted_death_count,belted_susp_serious_inj_count,bicycle_count,bicycle_death_count,bicycle_susp_serious_inj_count,bus_count,chldpas_death_count,chldpas_susp_serious_inj_count,collision_type,comm_veh_count,cons_zone_spd_lim,county,crash_month,crash_year,day_of_week,dec_latitude,dec_longitude,dispatch_tm,district,driver_count_16yr,driver_count_17yr,driver_count_18yr,driver_count_19yr,driver_count_20yr,driver_count_50_64yr,driver_count_65_74yr,driver_count_75plus,est_hrs_closed,fatal_count,heavy_truck_count,horse_buggy_count,hour_of_day,illumination,injury_count,intersection_related_x,intersect_type,lane_closed,latitude,ln_close_dir,location_type,longitude,max_severity_level,mcycle_death_count,mcycle_susp_serious_inj_count,motorcycle_count,municipality,nonmotr_count,nonmotr_death_count,nonmotr_susp_serious_inj_count,ntfy_hiwy_maint,ped_count,ped_death_count,ped_susp_serious_inj_count,person_count,police_agcy,possible_inj_count,rdwy_surf_type_cd,relation_to_road,roadway_cleared,road_condition,sch_bus_ind,sch_zone_ind,secondary_crash,small_truck_count,spec_juris_cd,susp_minor_inj_count,susp_serious_inj_count,suv_count,tcd_func_cd,tcd_type,tfc_detour_ind,time_of_day,total_units,tot_inj_count,unbelted_occ_count,unb_death_count,unb_susp_serious_inj_count,unk_inj_deg_count,unk_inj_per_count,urban_rural,van_count,vehicle_count,weather1,weather2,workers_pres,work_zone_ind,work_zone_loc,work_zone_type,wz_close_detour,wz_flagger,wz_law_offcr_ind,wz_ln_closure,wz_moving,wz_other,wz_shlder_mdn,wz_workers_inj_killed,aggressive_driving,alcohol_related,angle_crash,atv,atv_route,backup_congestion,backup_nonrecurring,backup_prior,bicycle,cell_phone,child_passenger,comm_vehicle,core_network,cross_median,curved_road,curve_dvr_error,deer_related,distracted,drinking_driver,driver_16yr,driver_17yr,driver_18yr,driver_19yr,driver_20yr,driver_50_64yr,driver_65_74yr,driver_75plus,drugged_driver,drug_related,fatal,fatal_or_susp_serious_inj,fatigue_asleep,federal_aid_route,fire_in_vehicle,hazardous_truck,hit_barrier,hit_bridge,hit_deer,hit_embankment,hit_fixed_object,hit_gdrail,hit_gdrail_end,hit_parked_vehicle,hit_pole,hit_roadway_equipment,hit_run,hit_temp_construction_barrier,hit_traffic_island,hit_tree_shrub,hit_utility_pole,horse_buggy,ho_oppdir_sdswp,hvy_truck_related,icy_road,illegal_drug_related,illumination_dark,impaired_driver,impaired_nonmotorist,injury,injury_or_fatal,intersection,intersection_related_y,interstate,lane_departure,left_turn,limit_65mph,limit_70mph,local_road,local_road_only,marijuana_drugged_driver,marijuana_related,mature_driver,mc_drinking_driver,motorcycle,multiple_vehicle,nhtsa_agg_driving,non_intersection,no_clearance,opioid_related,other_freeway_expressway,overturned,pedestrian,phantom_vehicle,possible_injury,property_damage_only,psp_reported,ramp,ramp_segment,ramp_terminal,rear_end,roundabout,running_red_lt,running_stop_sign,rural,school_bus,school_bus_related,school_bus_unit,school_zone,shldr_related,signalized_int,single_vehicle,snowmobile,snow_slush_road,speeding,speeding_related,speed_change_lane,state_road,stop_controlled_int,sudden_deer,suspected_minor_injury,suspected_serious_injury,sv_run_off_rd,tailgating,train,train_trolley,trolley,turnpike,unbelted,underage_drnk_drv,unlicensed,unsignalized_int,urban,vehicle_failure,vehicle_towed,vulnerable_road_user,vulnerable_road_user_fatal,wet_road,work_zone,young_driver
-8364151.773,4864715.743,17720,2022044075,2040,1,0,0,0,0,0,0,0,0,4,0,,67,5,2022,3,39.991551,-75.136452,2040,6,0,0,0,0,0,0,0,0,,0,0,0,,,0,N,0,,39 59:29.582,3,0,75 08:11.228,9,0,0,0,67301,0,0,0,N,0,0,0,2,67301,0,,1,1645,1,N,N,N,0,,0,0,1,,2,N,,2,0,0,0,0,0,1,2,0,2,,,,N,,,,,,,,,,,1,0,1,0,0,0,0,0,0,0,0,0,0,0,0,0,0,0,0,0,0,0,0,0,0,0,0,0,0,0,0,0,0,0,0,0,0,0,0,0,0,0,0,0,0,0,0,0,0,0,0,0,0,0,0,0,0,0,0,0,0,0,0,0,0,0,0,0,0,0,0,0,0,0,1,0,1,0,0,0,0,0,0,0,0,0,0,0,0,0,0,0,0,0,0,0,0,0,0,0,0,0,0,0,0,0,1,0,0,0,0,0,0,0,0,0,0,0,0,0,0,1,0,1,0,0,0,0,0
-8363794.66,4865802.06,17721,2022038768,1905,1,0,0,0,0,0,1,0,0,4,1,,67,4,2022,6,39.999027,-75.133244,1829,6,0,0,0,0,0,0,0,0,,0,0,0,,,3,,1,,39 59:56.498,7,0,75 07:59.680,4,0,0,0,67301,0,0,0,N,0,0,0,4,67508,3,,1,9999,1,N,N,Y,0,,0,0,1,,2,Y,,3,3,0,0,0,0,0,2,0,3,,3,,N,,,,,,,,,,,0,0,1,0,0,0,0,0,0,0,0,1,0,0,0,0,0,0,0,0,0,0,0,0,0,0,0,0,0,0,0,0,0,0,0,0,0,0,0,0,0,0,0,0,0,0,0,0,0,0,0,0,0,0,0,0,0,0,1,1,1,0,0,0,0,0,0,1,0,0,0,0,0,0,1,0,0,0,0,0,0,0,0,1,0,0,0,0,0,0,0,0,0,0,0,0,0,0,0,1,0,0,0,0,0,0,1,0,0,0,0,0,0,0,0,0,0,0,0,0,0,1,0,1,0,0,0,0,0
-8361584.633,4863739.234,17722,2022051588,1102,2,0,0,0,0,0,0,0,0,4,0,,67,6,2022,5,39.98483,-75.113391,1102,6,0,0,0,0,0,0,0,0,,0,0,0,,,0,,1,,39 59:05.388,,0,75 06:48.208,9,0,0,0,67301,0,0,0,N,0,0,0,1,67301,0,,1,,1,N,N,Y,0,,0,0,2,,2,,,4,0,0,0,0,0,1,2,0,4,,,,N,,,,,,,,,,,1,0,1,0,0,0,0,0,0,0,0,0,0,0,0,0,0,0,0,0,0,0,0,0,0,0,0,0,0,0,0,0,0,0,0,0,0,0,0,0,0,0,1,0,0,0,0,0,0,0,0,0,0,0,0,1,0,0,0,0,1,0,0,0,0,0,0,1,0,0,0,0,0,0,1,0,0,0,0,0,0,0,0,0,0,0,0,0,0,0,0,1,0,0,0,0,0,0,0,1,0,0,0,0,0,0,1,0,0,0,0,0,0,0,0,0,0,0,0,0,0,1,0,1,0,0,0,0,0
-8365228.344,4864896.933,17723,2022020471,236,3,0,0,0,0,0,0,0,0,4,0,,67,2,2022,6,39.992798,-75.146123,233,6,0,0,0,0,0,1,0,0,,0,0,0,,,0,,1,,39 59:34.073,,0,75 08:46.043,0,0,0,0,67301,0,0,0,N,0,0,0,2,67301,0,,1,,9,N,N,Y,0,,0,0,1,,2,,,4,0,0,0,0,0,0,2,0,4,,7,,N,,,,,,,,,,,0,1,1,0,0,0,0,0,0,0,0,0,0,0,0,0,0,0,1,0,0,0,0,0,1,0,0,0,0,0,0,0,0,0,0,0,0,0,0,0,0,0,1,0,0,0,0,0,0,0,0,0,0,0,0,1,1,0,0,0,1,0,0,0,0,0,0,1,0,0,0,0,0,0,1,0,0,0,0,0,0,0,0,0,1,0,0,0,0,0,0,0,0,0,0,0,0,0,0,1,0,0,0,0,0,0,1,0,0,0,0,0,0,0,0,0,0,0,0,0,0,1,0,1,0,0,1,0,0
-8356578.038,4876011.496,17724,2022043834,155,1,0,0,0,0,0,0,0,0,5,0,,67,1,2022,2,40.069248,-75.068416,145,6,0,0,0,0,0,0,0,0,,0,0,0,,,0,N,0,,40 04:09.293,,0,75 04:06.297,0,0,0,0,67301,0,0,0,N,0,0,0,1,67301,0,,6,,6,N,N,N,0,,0,0,1,,0,,,3,0,0,0,0,0,0,2,1,3,,8,,N,,,,,,,,,,,0,0,0,0,0,0,0,0,0,0,0,0,0,0,0,0,1,0,0,0,0,0,0,0,0,0,0,0,0,0,0,0,0,0,0,0,0,0,0,0,0,0,1,0,0,0,0,0,0,0,0,0,0,0,0,1,0,0,0,0,0,0,0,0,0,0,0,0,0,0,0,0,0,0,1,0,1,0,0,0,0,0,0,0,1,0,0,0,0,0,0,0,0,0,0,0,0,0,0,0,0,0,1,0,0,0,1,0,1,0,0,0,0,0,0,0,0,0,0,0,0,1,0,1,0,0,0,0,0
-8366241.129,4868157.173,17725,2022023804,2020,1,0,0,0,0,0,0,0,0,4,0,,67,3,2022,1,40.015232,-75.155221,2020,6,0,0,0,0,0,0,0,0,,0,0,0,,,2,,2,,40 00:54.834,3,0,75 09:18.795,3,0,0,0,67301,0,0,0,N,0,0,0,2,67301,0,,1,2110,1,N,Y,N,0,,1,0,1,,2,Y,,2,2,0,0,0,1,0,2,0,2,,3,,N,,,,,,,,,,,1,0,1,0,0,0,0,0,0,0,0,0,0,0,0,0,0,0,0,0,0,0,0,0,0,0,0,0,0,0,0,0,0,0,0,0,0,0,0,0,0,0,0,0,0,0,0,0,0,0,0,0,0,0,0,1,0,0,1,1,1,0,0,0,1,0,0,1,0,0,0,0,0,0,1,0,0,1,0,0,0,0,0,0,0,0,0,0,0,0,0,0,0,0,0,0,0,1,0,1,0,0,0,0,0,0,1,0,0,1,0,0,0,0,0,0,0,0,0,0,0,1,0,1,0,0,0,0,0
-8354400.739,4869408.423,17726,2022024242,825,1,0,0,0,0,0,0,0,0,4,0,,67,2,2022,5,40.02384,-75.048857,825,6,0,0,0,0,0,0,0,1,,0,0,0,,,1,,1,,40 01:25.824,,0,75 02:55.884,3,0,0,0,67301,0,0,0,N,0,0,0,3,67301,0,,1,,1,N,N,N,0,,1,0,1,,3,,,2,1,3,0,0,0,0,2,0,2,,3,,N,,,,,,,,,,,0,0,1,0,0,0,0,0,0,0,0,0,0,0,0,0,0,1,0,0,0,0,0,0,0,0,1,0,0,0,0,0,0,0,0,0,0,0,0,0,0,0,0,0,0,0,0,0,0,0,0,0,0,0,0,0,0,0,1,1,1,0,0,0,0,0,0,1,1,0,0,1,0,0,1,0,0,0,0,0,0,0,0,0,0,0,0,0,0,0,0,0,0,0,0,0,0,0,0,0,0,0,0,0,0,0,0,1,0,1,0,0,0,0,0,0,0,1,0,0,1,1,1,1,0,0,0,0,0
-8374169.64,4863094.044,17727,2022014786,831,1,0,0,0,0,0,0,0,0,8,0,,67,2,2022,5,39.980389,-75.226444,830,6,0,0,0,0,0,0,0,0,,0,0,0,,,1,N,0,,39 58:49.400,,0,75 13:35.200,2,0,0,0,67301,1,0,1,N,1,0,1,2,67301,0,,1,,99,N,N,N,0,,0,1,0,,0,,,2,1,0,0,0,0,0,2,0,1,,,,N,,,,,,,,,,,0,0,0,0,0,0,0,0,0,0,0,0,0,0,0,0,0,0,0,0,0,0,0,0,0,0,0,0,0,0,1,0,0,0,0,0,0,0,0,0,0,0,0,0,0,0,0,0,0,0,0,0,0,0,0,0,0,0,1,1,0,0,0,0,0,0,0,1,1,0,0,0,0,0,0,0,1,0,0,0,0,1,0,0,0,0,0,0,0,0,0,0,0,0,0,0,0,0,0,0,1,0,0,0,0,0,0,0,0,0,1,0,0,0,0,0,0,0,0,0,0,1,0,0,1,0,0,0,0
-8366247.586,4864618.102,17728,2022026987,128,1,0,0,0,0,0,0,0,0,4,0,,67,2,2022,1,39.990879,-75.155279,125,6,0,0,0,0,1,0,0,0,,0,0,0,,,1,,1,,39 59:27.165,1,0,75 09:19.006,4,0,0,0,67301,0,0,0,N,0,0,0,3,67301,1,,1,0,1,N,N,N,0,,0,0,1,,2,N,,2,1,0,0,0,0,0,2,0,2,,3,,N,,,,,,,,,,,0,0,1,0,0,0,0,0,0,0,0,0,0,0,0,0,0,0,0,0,0,0,0,1,0,0,0,0,0,0,0,0,0,0,0,0,0,0,0,0,0,0,0,0,0,0,0,0,0,0,0,0,0,0,0,1,0,0,1,1,1,0,0,0,1,0,0,1,0,0,0,0,0,0,1,0,0,0,0,0,0,0,0,1,0,0,0,0,0,0,0,0,0,0,0,0,0,0,0,1,0,0,0,0,0,0,1,0,0,0,0,0,0,0,0,0,0,0,0,0,0,1,0,1,0,0,0,0,1
-8367230.649,4875927.126,17729,2022025528,1559,1,0,0,0,0,0,0,0,0,4,0,,67,3,2022,7,40.068668,-75.16411,1549,6,0,0,0,0,0,0,1,0,,0,0,0,,,1,,1,,40 04:07.205,,0,75 09:50.797,3,0,0,0,67301,0,0,0,N,0,0,0,2,67301,0,,1,,1,N,N,N,0,,1,0,1,,2,,,2,1,0,0,0,0,0,2,0,2,,98,,N,,,,,,,,,,,0,0,1,0,0,0,0,0,0,0,0,0,0,0,0,0,0,0,0,0,0,0,0,0,0,1,0,0,0,0,0,0,0,0,0,0,0,0,0,0,0,0,0,0,0,0,0,0,0,0,0,0,0,0,0,0,0,0,1,1,1,0,0,0,0,0,0,1,0,0,0,1,0,0,1,0,0,0,0,0,0,0,0,0,0,0,0,0,0,0,0,0,0,0,0,0,0,0,0,1,0,0,0,0,1,0,1,0,0,1,0,0,0,0,0,0,0,0,0,0,0,1,0,1,0,0,0,0,0
-8374183.332,4864711.674,17730,2022037593,1410,0,0,0,0,0,0,1,0,0,4,1,,67,4,2022,3,39.991523,-75.226567,1400,6,0,0,0,0,0,1,0,0,,0,0,0,,,1,,1,,39 59:29.482,,0,75 13:35.641,4,0,0,0,67301,0,0,0,N,0,0,0,3,67508,1,,1,,1,N,N,Y,0,,0,0,1,,2,,,2,1,0,0,0,0,0,2,0,2,,3,,N,,,,,,,,,,,1,0,1,0,0,0,0,0,0,0,0,1,0,0,0,0,0,0,0,0,0,0,0,0,1,0,0,0,0,0,0,0,0,0,0,0,0,0,0,0,0,0,0,0,0,0,0,0,0,0,0,0,0,0,0,0,0,0,1,1,1,0,0,0,0,0,0,1,1,0,0,0,0,0,1,0,0,0,0,0,0,0,0,1,0,0,0,0,0,0,0,0,0,0,0,0,0,0,0,1,0,0,0,0,0,0,0,0,0,0,0,0,0,0,0,0,0,0,0,0,0,1,0,0,0,0,0,0,0
-8366593.901,4876723.717,17731,2022014701,938,2,0,0,0,0,0,0,0,0,4,0,,67,2,2022,6,40.074144,-75.15839,924,6,0,0,0,0,0,0,1,0,,0,0,0,,,2,,5,,40 04:26.918,,0,75 09:30.203,3,0,0,0,67301,0,0,0,N,0,0,0,2,67301,0,,1,,9,N,N,N,0,,2,0,0,,2,,,2,2,0,0,0,0,0,2,0,2,,7,,N,,,,,,,,,,,0,0,1,0,0,0,0,0,0,0,0,0,1,0,0,0,0,0,0,0,0,0,0,0,0,1,0,0,0,0,0,0,0,0,0,0,0,0,0,0,0,0,0,0,0,0,0,0,0,0,0,0,0,0,0,0,0,0,1,1,1,0,0,0,1,0,0,1,0,0,0,1,0,0,1,0,0,0,0,0,0,0,0,0,0,0,0,0,0,0,0,0,0,0,0,0,0,0,0,1,0,0,0,0,0,0,1,0,0,1,0,0,0,0,0,0,0,0,0,0,0,1,0,1,0,0,1,0,0
-8367970.701,4865366.705,17732,2022015353,926,0,0,0,0,0,0,0,0,0,8,0,,67,2,2022,2,39.996031,-75.170758,920,6,0,0,0,0,0,0,0,0,,0,0,0,,,1,,1,,39 59:45.712,,0,75 10:14.729,3,0,0,0,67301,1,0,0,N,1,0,0,2,67301,0,,1,,1,N,N,N,0,,1,0,1,,2,,,2,1,0,0,0,0,1,2,0,1,,3,,N,,,,,,,,,,,0,0,0,0,0,0,0,0,0,0,0,0,0,0,0,0,0,0,0,0,0,0,0,0,0,0,0,0,0,0,0,0,0,0,0,0,0,0,0,0,0,0,0,0,0,1,0,0,0,0,0,0,0,0,0,0,0,0,1,1,1,0,0,0,0,0,0,1,0,0,0,0,0,0,0,0,0,0,0,0,0,1,0,0,0,0,0,0,0,0,0,0,0,0,0,0,0,0,0,1,1,0,0,0,0,0,1,0,0,1,0,0,0,0,0,0,0,0,0,0,0,1,0,0,1,0,0,0,0
-8369814.932,4871891.039,17733,2022053687,1015,1,0,0,0,0,0,0,0,0,3,0,,67,4,2022,4,40.040916,-75.187325,1004,6,0,0,0,0,0,0,0,0,,0,0,0,,,0,,1,,40 02:27.297,2,0,75 11:14.369,0,0,0,0,67301,0,0,0,N,0,0,0,2,67301,0,,1,1025,1,N,N,Y,1,,0,0,0,,2,N,,2,0,0,0,0,0,0,2,0,2,,4,,N,,,,,,,,,,,0,0,0,0,0,0,0,0,0,0,0,0,0,0,0,0,0,0,0,0,0,0,0,0,0,0,0,0,0,0,0,0,0,0,0,0,0,0,0,0,0,0,0,0,0,1,0,0,0,0,0,0,0,0,0,0,0,0,0,0,1,0,0,0,0,0,0,1,1,0,0,0,0,0,1,0,0,0,0,0,0,0,0,0,1,0,0,0,0,0,0,0,0,0,0,0,0,0,0,1,0,0,0,0,0,0,0,0,0,0,0,0,0,0,0,0,0,0,0,0,0,1,0,1,0,0,0,0,0
-8375008.989,4859490.265,17734,2022026967,2036,2,0,0,0,0,0,0,0,0,4,0,,67,3,2022,3,39.955578,-75.233984,2036,6,0,0,0,0,0,0,0,0,,0,0,0,,,1,,1,,39 57:20.080,4,0,75 14:02.342,8,0,0,0,67301,0,0,0,N,0,0,0,3,67301,0,,1,2100,1,N,N,N,0,,0,0,0,,2,N,,2,1,0,0,0,1,2,2,0,2,,,,N,,,,,,,,,,,1,0,1,0,0,0,0,0,0,0,0,0,0,0,0,0,0,0,0,0,0,0,0,0,0,0,0,0,0,0,0,0,0,0,0,0,0,0,0,0,0,0,0,0,0,0,0,0,0,0,0,0,0,0,0,1,0,0,1,1,1,0,0,0,1,0,0,1,1,0,0,0,0,0,1,0,0,0,0,0,0,0,0,0,0,0,0,0,0,0,0,0,0,0,0,0,0,0,0,1,0,0,0,0,1,0,0,0,0,0,0,0,0,0,0,0,0,0,0,0,0,1,0,0,0,0,0,0,0
-8353868.855,4874520.447,17735,2022047388,1250,1,0,0,0,0,0,0,0,0,4,1,,67,5,2022,6,40.058997,-75.044079,1225,6,0,0,0,0,0,0,0,0,,0,1,0,,,1,,1,,40 03:32.389,7,0,75 02:38.685,3,0,0,0,67301,0,0,0,N,0,0,0,2,67301,0,,1,1459,1,N,N,N,0,,1,0,0,,2,Y,,2,1,0,0,0,0,0,2,0,2,,,,N,,,,,,,,,,,0,0,1,0,0,0,0,0,0,0,0,1,0,0,0,0,0,0,0,0,0,0,0,0,0,0,0,0,0,0,0,0,0,0,0,0,0,0,0,0,0,0,0,0,0,0,0,0,0,0,0,0,1,0,0,0,0,0,1,1,1,0,0,0,1,0,0,0,0,0,0,0,0,0,1,0,0,0,0,0,0,0,0,0,0,0,0,0,0,0,0,0,0,0,0,0,0,0,0,1,0,0,0,0,0,0,1,0,0,1,0,0,0,0,0,0,0,0,0,0,0,1,0,1,0,0,0,0,0
-8352119.691,4877689.576,17736,2022043851,1330,1,0,0,0,0,0,0,0,0,1,0,,67,5,2022,2,40.080783,-75.028366,1326,6,0,0,0,0,0,1,0,0,,0,0,0,,,1,,1,,40 04:50.820,,0,75 01:42.117,3,0,0,0,67301,0,0,0,N,0,0,0,2,67301,0,,1,,1,N,N,N,0,,1,0,1,,2,,,2,1,0,0,0,0,0,2,0,2,,4,,N,,,,,,,,,,,1,0,0,0,0,0,0,0,0,0,0,0,1,0,0,0,0,0,0,0,0,0,0,0,1,0,0,0,0,0,0,0,0,0,0,0,0,0,0,0,0,0,0,0,0,0,0,0,0,0,0,0,0,0,0,0,0,0,1,1,1,0,0,0,0,0,0,0,0,0,0,0,0,0,1,0,0,0,0,0,0,0,0,0,0,0,0,0,0,1,0,0,0,0,0,0,0,0,0,1,0,0,0,0,0,0,1,0,0,1,0,0,0,0,0,0,0,0,0,0,0,1,0,0,0,0,0,0,0
-8365727.947,4871015.161,17737,2022033021,1258,0,0,0,0,0,0,0,0,0,7,0,,67,4,2022,3,40.034892,-75.150611,1252,6,0,0,0,0,0,0,0,0,,0,0,0,,,0,N,0,,40 02:05.610,,0,75 09:02.200,0,0,0,0,67301,0,0,0,N,0,0,0,2,67301,0,,4,,1,N,N,N,0,,0,0,1,,0,,,1,0,0,0,0,0,0,2,0,1,,,,N,,,,,,,,,,,0,0,0,0,0,0,0,0,0,0,0,0,0,0,1,0,0,0,0,0,0,0,0,0,0,0,0,0,0,0,0,0,0,0,0,0,0,0,0,1,0,0,0,1,0,0,0,0,0,1,0,0,0,0,0,0,0,0,0,0,0,0,0,1,0,0,0,1,1,0,0,0,0,0,0,0,1,0,0,0,0,0,0,0,1,0,0,0,0,0,0,0,0,0,0,0,0,0,0,0,1,0,0,0,0,0,0,0,0,0,0,1,0,0,0,0,0,0,0,0,0,1,0,1,0,0,0,0,0
-8370242.621,4859777.52,17738,2022037915,1156,0,0,0,1,0,0,0,0,0,8,1,,67,4,2022,6,39.957556,-75.191167,1155,6,0,0,0,0,0,0,0,0,,0,1,0,,,1,N,0,,39 57:27.200,,7,75 11:28.200,3,0,0,0,67301,1,0,0,N,0,0,0,2,67507,0,,1,,1,N,N,N,0,,1,0,0,,0,,,2,1,0,0,0,0,0,2,0,1,,,,N,,,,,,,,,,,1,0,0,0,0,0,0,0,1,0,0,1,0,0,0,0,0,0,0,0,0,0,0,0,0,0,0,0,0,0,0,0,0,0,0,0,0,0,0,0,0,0,0,0,0,0,0,0,0,0,0,0,1,0,0,0,0,0,1,1,0,0,0,0,0,0,0,1,1,0,0,0,0,0,0,0,1,0,0,0,0,0,0,0,0,0,0,0,0,0,0,0,0,0,0,0,0,0,0,0,1,0,0,0,0,0,0,0,0,1,0,0,0,0,0,0,0,0,0,0,0,1,0,0,1,0,0,0,0
-8361821.744,4864577.564,17739,2022014809,1936,1,0,0,0,0,0,0,0,0,2,0,,67,2,2022,6,39.9906,-75.115521,1926,6,0,0,0,0,0,0,0,0,,0,0,0,,,3,N,0,,39 59:26.160,1,0,75 06:55.875,3,0,0,0,67301,0,0,0,N,0,0,0,4,67301,0,,1,1950,9,N,N,N,1,,3,0,0,,0,N,,2,3,2,0,0,0,0,2,0,2,,3,,N,,,,,,,,,,,0,0,0,0,0,0,0,0,0,0,1,0,0,1,0,0,0,0,0,0,0,0,0,0,0,0,0,0,0,0,0,0,0,0,0,0,0,0,0,0,0,0,0,0,0,0,0,0,0,0,0,1,0,0,0,1,0,0,1,1,0,0,0,1,0,0,0,0,0,0,0,0,0,0,1,0,1,0,0,0,0,0,0,0,0,0,0,0,0,0,0,0,0,0,0,0,0,0,0,0,0,0,0,0,0,0,1,0,0,1,0,0,0,0,0,0,0,1,0,0,0,1,0,1,0,0,1,0,0
-8350991.134,4883167.028,17740,2022014591,826,1,0,0,0,0,0,0,0,0,5,0,,67,2,2022,6,40.118421,-75.018228,826,6,0,0,0,0,0,0,0,0,,0,0,0,,,1,N,0,,40 07:06.314,,0,75 01:05.620,3,0,0,0,67301,0,0,0,N,0,0,0,4,67301,0,,1,,9,N,N,N,0,,1,0,1,,0,,,2,1,0,0,0,0,0,2,0,2,,4,,N,,,,,,,,,,,1,0,0,0,0,0,0,0,0,0,1,0,0,0,0,0,0,0,0,0,0,0,0,0,0,0,0,0,0,0,0,0,0,0,0,0,0,0,0,0,0,0,0,0,0,0,0,0,0,0,0,0,0,0,0,0,0,0,1,1,0,0,0,0,0,0,0,0,0,0,0,0,0,0,1,0,1,0,0,0,0,0,0,0,0,0,0,0,0,0,0,0,0,0,0,0,0,0,0,0,0,0,0,0,0,0,1,0,0,1,0,0,0,0,0,0,0,0,0,0,0,1,0,1,0,0,1,0,0
-8364102.347,4867574.338,17741,2022014824,2341,1,0,0,0,0,0,0,0,0,5,0,,67,2,2022,5,40.011222,-75.136008,2331,6,0,0,0,0,0,0,0,0,,0,0,0,,,0,N,0,,40 00:40.400,1,0,75 08:09.630,9,0,0,0,67301,0,0,0,N,0,0,0,1,67301,0,,6,130,9,N,N,N,0,,0,0,1,,0,N,,2,0,0,0,0,0,1,2,0,2,,7,,N,,,,,,,,,,,0,0,0,0,0,0,0,0,0,0,0,0,0,0,0,0,0,0,0,0,0,0,0,0,0,0,0,0,0,0,0,0,0,0,0,0,0,0,0,0,0,0,1,0,0,1,0,0,0,0,0,0,0,0,0,1,0,0,0,0,0,0,0,0,0,0,0,1,1,0,0,0,0,0,1,0,1,0,0,0,0,0,0,0,0,0,0,0,0,0,0,0,0,0,0,0,0,0,0,0,0,0,0,0,0,0,0,0,0,0,0,0,0,0,0,0,0,0,0,0,0,1,0,1,0,0,1,0,0
-8368012.446,4868364.735,17742,2022048112,1806,1,0,0,0,0,0,0,0,0,1,0,,67,5,2022,1,40.01666,-75.171133,1804,6,0,0,0,0,0,0,0,0,,0,0,0,,,2,N,0,,40 00:59.977,,99,75 10:16.079,3,0,0,0,67301,0,0,0,N,0,0,0,2,67301,0,,1,,1,N,N,N,0,,2,0,1,,2,,,2,2,0,0,0,0,0,2,0,2,,,,N,,,,,,,,,,,1,0,0,0,0,0,0,0,0,0,0,0,0,0,0,0,0,0,0,0,0,0,0,0,0,0,0,0,0,0,0,0,0,0,0,0,0,0,0,0,0,0,0,0,0,0,0,0,0,0,0,0,0,0,0,0,0,0,1,1,0,0,0,0,0,0,0,0,0,0,0,0,0,0,1,0,1,0,0,0,1,0,0,0,0,0,0,0,0,1,0,0,0,0,0,0,0,0,0,0,0,0,0,0,0,0,1,0,0,1,0,0,0,0,0,0,0,0,0,0,0,1,0,1,0,0,0,0,0
-8364981.772,4865258.451,17743,2022024421,45,1,0,0,0,0,0,0,0,0,5,0,,67,3,2022,5,39.995286,-75.143908,44,6,0,0,0,0,0,0,0,0,,0,0,0,,,1,N,0,,39 59:43.030,,0,75 08:38.070,3,0,0,0,67301,0,0,0,N,0,0,0,1,67301,0,,6,,1,N,N,N,0,,1,0,2,,0,,,3,1,1,0,0,0,0,2,0,3,,3,,N,,,,,,,,,,,0,0,0,0,0,0,0,0,0,0,0,0,0,0,0,0,0,0,0,0,0,0,0,0,0,0,0,1,1,0,0,0,0,0,0,0,0,0,0,0,0,0,1,0,0,0,0,0,0,0,0,0,0,0,1,1,1,0,1,1,0,0,0,0,0,0,0,1,1,0,0,0,0,0,1,0,1,0,0,0,0,0,0,0,0,0,0,0,0,0,0,0,0,0,0,0,0,0,0,0,0,0,0,0,0,0,0,0,0,1,0,0,0,0,0,0,0,1,0,0,0,1,0,1,0,0,0,0,0
-8377056.488,4851077.58,17744,2022024525,1308,1,0,0,0,0,0,0,0,0,4,0,,67,3,2022,4,39.897624,-75.252377,1256,6,0,0,0,0,0,1,1,0,,0,0,0,,,1,,1,,39 53:51.445,,0,75 15:08.556,3,0,0,0,67301,0,0,0,N,0,0,0,2,67301,0,,1,,9,N,N,N,0,,1,0,1,,4,,,2,1,1,0,0,0,0,2,0,2,,7,,N,,,,,,,,,,,1,0,1,0,0,0,0,0,0,0,0,0,0,0,1,0,0,0,0,0,0,0,0,0,1,1,0,0,0,0,0,0,0,0,0,0,0,0,0,0,0,0,0,0,0,0,0,0,0,0,0,0,0,0,0,0,0,0,1,1,1,0,0,0,0,0,0,1,0,0,0,1,0,0,1,0,0,0,0,0,0,0,0,0,0,0,0,0,0,0,0,0,0,0,0,0,0,0,0,0,0,0,0,0,0,0,1,0,0,1,0,0,0,0,0,0,0,1,0,0,1,1,0,0,0,0,1,0,0
-8356060.402,4869650.464,17745,2022014736,1432,1,0,0,0,0,0,0,0,0,4,0,,67,2,2022,7,40.025505,-75.063766,1428,6,0,0,0,0,0,0,0,0,,0,0,0,,,3,,1,,40 01:31.818,6,0,75 03:49.557,3,0,0,0,67301,0,0,0,N,0,0,0,4,67301,0,,1,1700,1,N,N,N,1,,3,0,1,,3,N,,3,3,0,0,0,0,0,2,0,3,,3,,N,,,,,,,,,,,1,0,1,0,0,0,0,0,0,0,0,0,0,0,0,0,0,0,0,0,0,0,0,0,0,0,0,0,0,0,0,0,0,0,0,0,0,0,0,0,0,0,1,0,0,1,0,0,0,0,0,0,0,0,0,0,0,0,1,1,1,0,0,0,1,0,0,1,1,0,0,0,0,0,1,1,0,0,0,0,0,0,0,0,0,0,0,0,0,0,0,0,1,0,0,0,0,0,0,0,0,0,0,0,1,0,0,1,0,1,0,0,0,0,0,0,0,0,0,0,1,1,1,1,0,0,0,0,0