X,Y,objectid,crn,arrival_tm,automobile_count,belted_death_count,belted_susp_serious_inj_count,bicycle_count,bicycle_death_count,bicycle_susp_serious_inj_count,bus_count,chldpas_death_count,chldpas_susp_serious_inj_count,collision_type,comm_veh_count,cons_zone_spd_lim,county,crash_month,crash_year,day_of_week,dec_latitude,dec_longitude,dispatch_tm,district,driver_count_16yr,driver_count_17yr,driver_count_18yr,driver_count_19yr,driver_count_20yr,driver_count_50_64yr,driver_count_65_74yr,driver_count_75plus,est_hrs_closed,fatal_count,heavy_truck_count,horse_buggy_count,hour_of_day,illumination,injury_count,intersection_related_x,intersect_type,lane_closed,latitude,ln_close_dir,location_type,longitude,max_severity_level,mcycle_death_count,mcycle_susp_serious_inj_count,motorcycle_count,municipality,nonmotr_count,nonmotr_death_count,nonmotr_susp_serious_inj_count,ntfy_hiwy_maint,ped_count,ped_death_count,ped_susp_serious_inj_count,person_count,police_agcy,possible_inj_count,rdwy_surf_type_cd,relation_to_road,roadway_cleared,road_condition,sch_bus_ind,sch_zone_ind,secondary_crash,small_truck_count,spec_juris_cd,susp_minor_inj_count,susp_serious_inj_count,suv_count,tcd_func_cd,tcd_type,tfc_detour_ind,time_of_day,total_units,tot_inj_count,unbelted_occ_count,unb_death_count,unb_susp_serious_inj_count,unk_inj_deg_count,unk_inj_per_count,urban_rural,van_count,vehicle_count,weather1,weather2,workers_pres,work_zone_ind,work_zone_loc,work_zone_type,wz_close_detour,wz_flagger,wz_law_offcr_ind,wz_ln_closure,wz_moving,wz_other,wz_shlder_mdn,wz_workers_inj_killed,aggressive_driving,alcohol_related,angle_crash,atv,atv_route,backup_congestion,backup_nonrecurring,backup_prior,bicycle,cell_phone,child_passenger,comm_vehicle,core_network,cross_median,curved_road,curve_dvr_error,deer_related,distracted,drinking_driver,driver_16yr,driver_17yr,driver_18yr,driver_19yr,driver_20yr,driver_50_64yr,driver_65_74yr,driver_75plus,drugged_driver,drug_related,fatal,fatal_or_susp_serious_inj,fatigue_asleep,federal_aid_route,fire_in_vehicle,hazardous_truck,hit_barrier,hit_bridge,hit_deer,hit_embankment,hit_fixed_object,hit_gdrail,hit_gdrail_end,hit_parked_vehicle,hit_pole,hit_roadway_equipment,hit_run,hit_temp_construction_barrier,hit_traffic_island,hit_tree_shrub,hit_utility_pole,horse_buggy,ho_oppdir_sdswp,hvy_truck_related,icy_road,illegal_drug_related,illumination_dark,impaired_driver,impaired_nonmotorist,injury,injury_or_fatal,intersection,intersection_related_y,interstate,lane_departure,left_turn,limit_65mph,limit_70mph,local_road,local_road_only,marijuana_drugged_driver,marijuana_related,mature_driver,mc_drinking_driver,motorcycle,multiple_vehicle,nhtsa_agg_driving,non_intersection,no_clearance,opioid_related,other_freeway_expressway,overturned,pedestrian,phantom_vehicle,possible_injury,property_damage_only,psp_reported,ramp,ramp_segment,ramp_terminal,rear_end,roundabout,running_red_lt,running_stop_sign,rural,school_bus,school_bus_related,school_bus_unit,school_zone,shldr_related,signalized_int,single_vehicle,snowmobile,snow_slush_road,speeding,speeding_related,speed_change_lane,state_road,stop_controlled_int,sudden_deer,suspected_minor_injury,suspected_serious_injury,sv_run_off_rd,tailgating,train,train_trolley,trolley,turnpike,unbelted,underage_drnk_drv,unlicensed,unsignalized_int,urban,vehicle_failure,vehicle_towed,vulnerable_road_user,vulnerable_road_user_fatal,wet_road,work_zone,young_driver
-8363020.99,4868976.98,18548,2022010881,727,4,0,0,0,0,0,0,0,0,2,0,,67,1,2022,7,40.020872,-75.126294,724,6,0,0,0,0,0,0,0,0,,0,0,0,,,1,N,0,,40 01:15.140,1,0,75 07:34.660,3,0,0,0,67301,0,0,0,N,0,0,0,3,67301,0,,1,815,1,N,N,N,0,,1,0,2,,0,N,,6,1,0,0,0,0,1,2,0,6,,3,,N,,,,,,,,,,,0,0,0,0,0,0,0,0,0,0,0,0,0,0,0,0,0,0,0,0,0,0,0,0,0,0,0,0,0,0,0,0,0,0,0,0,0,0,0,0,0,0,1,0,0,1,0,0,0,0,0,1,0,0,0,0,0,0,1,1,0,0,0,1,0,0,0,1,1,0,0,0,0,0,1,0,1,0,0,0,0,0,0,0,0,0,0,0,0,0,0,0,0,0,0,0,0,0,0,0,0,0,0,0,0,0,0,0,0,1,0,0,0,0,0,0,0,0,0,0,0,1,0,1,0,0,0,0,0
-8371677.529,4858666.74,18549,2022009101,1905,1,0,0,0,0,0,0,0,0,4,0,,67,1,2022,5,39.949907,-75.204057,1850,6,0,0,0,0,0,0,0,0,,0,0,0,,,0,N,0,,39 56:59.664,6,7,75 12:14.605,9,0,0,0,67301,0,0,0,N,0,0,0,2,67508,0,,1,9999,1,,,N,0,,0,0,0,,0,N,,2,0,0,0,0,0,1,2,0,2,,3,,N,,,,,,,,,,,1,0,1,0,0,0,0,0,0,0,0,0,0,0,0,0,0,0,0,0,0,0,0,0,0,0,0,0,0,0,0,0,0,0,0,0,0,0,0,0,0,0,0,1,0,1,0,0,0,1,0,0,0,0,0,1,0,0,0,0,0,0,0,0,0,0,0,0,0,0,0,0,0,0,1,1,1,0,0,0,0,0,0,0,0,0,0,0,0,0,0,0,0,0,0,0,0,0,0,0,0,0,0,1,1,0,1,0,0,0,0,0,0,0,1,1,0,0,0,0,0,1,0,1,0,0,0,0,0
-8366397.422,4863629.835,18550,2022013613,1255,1,0,0,0,0,0,0,0,0,1,0,,67,1,2022,6,39.984077,-75.156625,1245,6,0,0,0,1,0,1,0,0,,0,0,0,,,1,N,0,,39 59:02.677,,0,75 09:23.851,8,0,0,0,67301,0,0,0,N,0,0,0,3,67508,0,,1,,1,N,N,N,1,,0,0,1,,0,N,,3,1,0,0,0,1,0,2,0,3,,3,,N,,,,,,,,,,,0,0,0,0,0,0,0,0,0,0,0,0,0,0,0,0,0,0,0,0,0,0,1,0,1,0,0,0,0,0,0,0,0,0,0,0,0,0,0,0,0,0,0,0,0,0,0,0,0,0,0,0,0,0,0,0,0,0,1,1,0,0,0,0,0,0,0,0,0,0,0,0,0,0,1,0,1,0,0,0,0,0,0,0,0,0,0,0,0,1,0,0,0,0,0,0,0,0,0,0,0,0,0,0,0,0,1,0,0,0,0,0,0,0,0,0,0,0,0,0,0,1,0,1,0,0,0,0,1
-8351750.556,4877470.18,18551,2022014607,1202,1,0,0,0,0,0,0,0,0,2,0,,67,1,2022,1,40.079275,-75.02505,1200,6,0,0,0,0,0,1,0,0,,0,0,0,,,1,N,0,,40 04:45.390,1,0,75 01:30.180,3,0,0,0,67301,0,0,0,N,0,0,0,2,67301,0,,1,20,1,N,N,N,0,,1,0,1,,0,N,,2,1,1,0,0,0,1,2,0,2,,3,,N,,,,,,,,,,,0,0,0,0,0,0,0,0,0,0,0,0,0,0,0,0,0,1,0,0,0,0,0,0,1,0,0,0,0,0,0,0,0,0,0,0,0,0,0,0,0,0,0,0,0,1,0,0,0,0,0,1,0,0,0,0,0,0,1,1,0,0,0,1,0,0,0,1,1,0,0,0,0,0,1,0,1,0,0,0,0,0,0,0,0,0,0,0,0,0,0,0,0,0,0,0,0,0,0,0,0,0,0,0,0,0,0,0,0,1,0,0,0,0,0,0,0,1,0,0,0,1,1,1,0,0,0,0,0
-8367507.055,4859233.079,18552,2022014622,245,0,0,0,0,0,0,0,0,0,7,0,,67,1,2022,7,39.953807,-75.166593,245,6,0,0,0,0,0,0,0,0,,0,0,0,,,0,,1,,39 57:13.704,,0,75 09:59.736,0,0,0,0,67301,0,0,0,N,0,0,0,1,67301,0,,4,,1,N,N,N,0,,0,0,1,,2,,,1,0,1,0,0,0,0,2,0,1,,3,,N,,,,,,,,,,,0,0,0,0,0,0,0,0,0,0,0,0,0,0,0,0,0,0,0,0,0,0,0,0,0,0,0,0,0,0,0,0,0,0,0,0,0,0,0,1,0,0,0,1,0,1,0,0,0,1,0,0,0,0,0,1,0,0,0,0,1,0,0,0,0,0,0,1,0,0,0,0,0,0,0,0,0,0,0,0,0,0,0,0,1,0,0,0,0,0,0,0,0,0,0,0,0,0,0,1,1,0,0,0,0,0,1,0,0,0,0,1,0,0,0,0,0,1,0,0,0,1,0,1,0,0,0,0,0
-8362488.214,4869666.6,18553,2022044055,2136,0,0,0,0,0,0,0,0,0,1,1,,67,5,2022,2,40.025616,-75.121508,2131,6,0,0,0,0,0,0,0,0,,0,1,0,,,3,,2,,40 01:32.217,3,0,75 07:17.428,2,0,3,2,67301,0,0,0,N,0,0,0,3,67301,0,,1,30,1,N,N,N,0,,0,3,0,,3,Y,,4,3,0,0,0,0,0,2,0,3,,3,,N,,,,,,,,,,,1,0,0,0,0,0,0,0,0,0,0,1,0,0,0,0,0,0,0,0,0,0,0,0,0,0,0,0,0,0,1,0,0,0,0,0,0,0,0,0,0,0,1,0,0,0,0,0,0,0,0,0,1,0,0,1,0,0,1,1,1,0,0,0,0,0,0,1,0,0,0,0,0,1,1,1,0,0,0,0,0,0,1,0,0,0,0,0,0,1,0,0,0,0,0,0,0,0,0,0,0,0,0,1,1,0,1,1,0,0,1,0,0,0,0,0,0,0,0,0,1,1,0,1,0,0,0,0,0
-8353734.715,4875033.147,18554,2022017088,1435,1,0,0,0,0,0,0,0,0,6,0,,67,2,2022,3,40.062522,-75.042874,1430,6,0,0,0,0,0,0,1,0,,0,0,0,,,1,,1,,40 03:45.079,,0,75 02:34.348,3,0,0,0,67301,0,0,0,N,0,0,0,2,67301,0,,1,,1,N,N,N,0,,1,0,1,,2,,,2,1,1,0,0,0,0,2,0,2,,3,,N,,,,,,,,,,,1,0,0,0,0,0,0,0,0,0,0,0,1,0,0,0,0,0,0,0,0,0,0,0,0,1,0,0,0,0,0,0,0,0,0,0,0,0,0,0,0,0,0,0,0,0,0,0,0,0,0,1,0,0,0,0,0,0,1,1,1,0,0,0,0,0,0,1,0,0,0,1,0,0,1,0,0,0,0,0,0,0,0,0,0,0,0,0,0,0,0,0,0,0,0,0,0,0,0,1,0,0,0,0,0,0,1,0,0,1,0,0,0,0,0,0,0,1,0,0,0,1,0,1,0,0,0,0,0
-8369836.527,4855475.373,18555,2022043791,715,0,0,0,0,0,0,0,0,0,4,0,,67,3,2022,6,39.927926,-75.187519,715,6,0,0,0,0,0,0,0,0,,0,0,0,,,0,,1,,39 55:40.533,5,1,75 11:15.068,9,0,0,0,67301,0,0,0,N,0,0,0,3,67301,0,,1,830,9,N,N,N,0,,0,0,1,,3,Y,,2,0,0,0,0,0,2,2,1,2,,4,,N,,,,,,,,,,,0,0,1,0,0,0,0,0,0,0,0,0,0,0,0,0,0,0,0,0,0,0,0,0,0,0,0,0,0,0,0,0,0,0,0,0,0,0,0,0,0,0,0,0,0,0,0,0,0,0,0,0,0,0,0,0,0,0,0,0,1,0,0,0,0,0,0,1,1,0,0,0,0,0,1,0,0,0,0,0,0,0,0,0,0,0,0,0,0,0,0,0,0,0,0,0,0,0,0,0,0,0,0,0,0,0,0,1,0,0,0,0,0,0,0,0,0,0,0,0,1,1,0,1,0,0,1,0,0
-8361943.75,4863017.775,18556,2022016304,48,2,0,0,0,0,0,0,0,0,5,0,,67,2,2022,2,39.979864,-75.116617,44,6,0,0,0,0,0,0,0,0,,0,0,0,,,1,N,0,,39 58:47.510,2,0,75 06:59.820,3,0,0,0,67301,0,0,0,N,0,0,0,1,67301,0,,6,200,1,N,N,N,0,,1,0,2,,0,N,,4,1,0,0,0,0,0,2,0,4,,3,,N,,,,,,,,,,,0,1,0,0,0,0,0,0,0,0,0,0,0,0,0,0,0,0,1,0,0,0,0,0,0,0,0,0,0,0,0,0,0,0,0,0,0,0,0,0,0,0,1,0,0,0,0,0,0,0,0,0,0,0,0,1,1,0,1,1,0,0,0,0,0,0,0,1,1,0,0,0,0,0,1,0,1,0,0,0,0,0,0,0,0,0,0,0,0,0,0,0,0,0,0,0,0,0,0,0,0,0,0,0,0,0,0,0,0,1,0,0,0,0,0,0,0,0,0,0,0,1,0,1,0,0,0,0,0
-8362580.164,4864061.918,18557,2022014805,1357,0,0,0,0,0,0,0,0,0,4,0,,67,1,2022,6,39.987051,-75.122334,1352,6,0,0,0,0,0,0,0,0,,0,0,0,,,1,,5,,39 59:13.382,4,0,75 07:20.404,3,0,0,0,67301,0,0,0,N,0,0,0,2,67301,0,,1,1400,1,N,N,N,0,,1,0,0,,2,N,,2,1,0,0,0,0,0,2,2,2,,3,,N,,,,,,,,,,,0,0,1,0,0,0,0,0,0,0,0,0,0,0,0,0,0,0,0,0,0,0,0,0,0,0,0,0,0,0,0,0,0,0,0,0,0,0,0,0,0,0,0,0,0,0,0,0,0,0,0,0,0,0,0,0,0,0,1,1,1,0,0,0,1,0,0,1,0,0,0,0,0,0,1,0,0,0,0,0,0,0,0,0,0,0,0,0,0,0,0,0,0,0,0,0,0,0,0,1,0,0,0,0,0,0,1,0,0,1,0,0,0,0,0,0,0,0,0,0,0,1,0,0,0,0,0,0,0
-8365254.282,4870002.705,18558,2022029285,2335,2,0,0,0,0,0,0,0,0,1,0,,67,3,2022,3,40.027928,-75.146356,2330,6,0,0,0,0,0,0,0,0,,0,0,0,,,2,N,0,,40 01:40.540,,0,75 08:46.880,3,0,0,0,67301,0,0,0,N,0,0,0,2,67301,0,,1,,1,N,N,N,0,,2,0,0,,0,,,4,2,0,0,0,0,0,2,2,4,,,,N,,,,,,,,,,,0,0,0,0,0,0,0,0,0,0,0,0,0,0,0,0,0,0,0,0,0,0,0,0,0,0,0,0,0,0,0,0,0,0,0,0,0,0,0,0,0,0,1,0,0,0,0,0,0,0,0,0,0,0,0,1,0,0,1,1,0,0,0,1,0,0,0,1,1,0,0,0,0,0,1,0,1,0,0,0,0,0,0,0,0,0,0,0,0,1,0,0,0,0,0,0,0,0,0,0,0,0,0,0,0,0,0,0,0,1,0,0,0,0,0,0,0,0,0,0,0,1,0,1,0,0,0,0,0
-8369589.62,4859192.417,18559,2022014759,827,1,0,0,0,0,0,1,0,0,1,1,,67,1,2022,2,39.953527,-75.185301,817,6,0,0,0,0,0,0,0,0,,0,0,0,,,1,,2,,39 57:12.696,,0,75 11:07.083,3,0,0,0,67301,0,0,0,N,0,0,0,5,67301,0,,1,,1,Y,N,N,0,,1,0,0,,2,,,2,1,0,0,0,0,0,2,0,2,,3,,N,,,,,,,,,,,0,0,0,0,0,0,0,0,0,0,0,1,0,0,0,0,0,0,0,0,0,0,0,0,0,0,0,0,0,0,0,0,0,0,0,0,0,0,0,0,0,0,0,0,0,0,0,0,0,0,0,0,0,0,0,0,0,0,1,1,1,0,0,0,0,0,0,1,0,0,0,0,0,0,1,0,0,0,0,0,0,0,0,0,0,0,0,0,0,1,0,0,0,0,0,1,0,0,0,1,0,0,0,0,0,0,1,0,0,1,0,0,0,0,0,0,0,0,0,0,0,1,0,0,0,0,0,0,0
-8370338.133,4861054.003,18560,2022010853,802,1,0,0,0,0,0,0,0,0,4,0,,67,1,2022,1,39.966345,-75.192025,755,6,0,0,0,0,0,0,0,0,,0,0,0,,,1,,1,,39 57:58.841,,0,75 11:31.289,3,0,0,0,67301,0,0,0,N,0,0,0,2,67301,0,,1,,1,N,N,N,0,,1,0,2,,3,,,3,1,0,0,0,0,0,2,0,3,,3,,N,,,,,,,,,,,1,0,1,0,0,0,0,0,0,0,0,0,0,0,0,0,0,0,0,0,0,0,0,0,0,0,0,0,0,0,0,0,0,0,0,0,0,0,0,0,0,0,1,0,0,1,0,0,0,0,0,0,0,0,0,0,0,0,1,1,1,0,0,0,0,0,0,1,1,0,0,0,0,0,1,1,0,0,0,0,0,0,0,0,0,0,0,0,0,0,0,0,1,0,0,0,0,0,0,0,0,0,0,1,1,0,0,1,0,1,0,0,0,0,0,0,0,0,0,0,1,1,0,1,0,0,0,0,0
-8350668.085,4879725.185,18561,2022014580,844,1,0,0,0,0,0,0,0,0,4,0,,67,1,2022,3,40.094773,-75.015326,840,6,0,0,0,0,0,0,0,0,,0,0,0,,,4,,1,,40 05:41.184,,0,75 00:55.174,3,0,0,0,67301,0,0,0,N,0,0,0,4,67301,0,,1,,1,N,N,N,0,,4,0,1,,2,,,2,4,4,0,0,0,0,2,0,2,,3,,N,,,,,,,,,,,1,0,1,0,0,0,0,0,0,0,1,0,1,0,0,0,0,0,0,0,0,0,0,0,0,0,0,0,0,0,0,0,0,0,0,0,0,0,0,0,0,0,0,0,0,0,0,0,0,0,0,0,0,0,0,0,0,0,1,1,1,0,0,0,1,0,0,1,0,0,0,0,0,0,1,0,0,0,0,0,0,0,0,0,0,0,0,0,0,0,0,0,0,0,0,0,0,0,0,1,0,0,0,0,0,0,1,0,0,1,0,0,0,0,0,0,0,1,0,0,0,1,0,1,0,0,0,0,0
-8367437.926,4872391.97,18562,2022014665,1520,1,0,0,0,0,0,0,0,0,1,0,,67,1,2022,7,40.044361,-75.165972,1517,6,0,0,0,0,0,1,0,0,,0,0,0,,,2,N,0,,40 02:39.700,3,0,75 09:57.500,3,0,0,0,67301,0,0,0,N,0,0,0,5,67301,0,,1,1542,1,N,N,N,0,,2,0,1,,0,Y,,2,2,4,0,0,0,0,2,0,2,,3,,N,,,,,,,,,,,0,0,0,0,0,0,0,0,0,0,0,0,0,0,0,0,0,0,0,0,0,0,0,0,1,0,0,0,0,0,0,0,0,0,0,0,0,0,0,0,0,0,0,0,0,0,0,0,0,0,0,0,0,0,0,0,0,0,1,1,0,0,0,0,0,0,0,1,1,0,0,0,0,0,1,0,1,0,0,0,0,0,0,0,0,0,0,0,0,1,0,0,0,0,0,0,0,0,0,0,0,0,0,0,0,0,0,0,0,1,0,0,0,0,0,0,0,1,0,0,0,1,0,0,0,0,0,0,0
-8354638.518,4873533.083,18563,2022004175,1516,1,0,0,0,0,0,0,0,0,5,0,,67,1,2022,3,40.052208,-75.050993,1454,6,0,0,0,0,0,2,0,0,,0,0,0,,,1,Y,0,,40 03:07.950,2,0,75 03:03.576,3,0,0,0,67301,0,0,0,N,0,0,0,6,67301,0,,1,1545,1,N,N,N,0,,1,0,2,,2,N,,4,1,0,0,0,0,0,2,1,4,,3,,N,,,,,,,,,,,0,0,0,0,0,0,0,0,0,0,0,0,1,0,0,0,0,0,0,0,0,0,0,0,1,0,0,0,0,0,0,0,0,0,0,0,0,0,0,0,0,0,0,0,0,0,0,0,0,0,0,0,0,0,0,0,0,0,1,1,0,0,0,0,0,0,0,0,0,0,0,0,0,0,1,0,1,0,0,0,0,0,0,0,0,0,0,0,0,0,0,0,0,0,0,0,0,0,0,0,0,0,0,0,0,0,1,0,0,1,0,0,0,0,0,0,0,0,0,0,0,1,0,1,0,0,0,0,0
-8367173.096,4861263.304,18564,2022014623,1935,2,0,0,0,0,0,0,0,0,4,0,,67,1,2022,5,39.967786,-75.163593,1927,6,0,0,0,0,0,0,0,0,,0,0,0,,,1,,1,,39 58:04.029,,0,75 09:48.934,3,0,0,0,67301,0,0,0,N,0,0,0,2,67301,0,,1,,1,N,N,N,0,,1,0,0,,3,,,2,1,0,0,0,0,0,2,0,2,,3,,N,,,,,,,,,,,1,0,1,0,0,0,0,0,0,0,0,0,0,0,0,0,0,0,0,0,0,0,0,0,0,0,0,0,0,0,0,0,0,0,0,0,0,0,0,0,0,0,0,0,0,0,0,0,0,0,0,0,0,0,0,1,0,0,1,1,1,0,0,0,0,0,0,1,1,0,0,0,0,0,1,0,0,1,0,0,0,0,0,0,0,0,0,0,0,0,0,0,0,0,0,0,0,0,0,0,0,0,0,0,1,0,0,1,0,1,0,0,0,0,0,0,0,0,0,0,1,1,0,0,0,0,0,0,0
-8370876.697,4867275.085,18565,2022014873,1720,2,0,0,0,0,0,0,0,0,4,0,,67,1,2022,5,40.009163,-75.196863,1711,6,0,0,0,0,0,0,1,0,,0,0,0,,,0,,1,,40 00:32.988,5,0,75 11:48.705,0,0,0,0,67301,0,0,0,N,0,0,0,3,67301,0,,1,1800,1,N,N,N,0,,0,0,1,,2,Y,,3,0,0,0,0,0,0,2,0,3,,,,N,,,,,,,,,,,1,0,1,0,0,0,0,0,0,0,0,0,0,0,0,0,0,0,0,0,0,0,0,0,0,1,0,0,0,0,0,0,0,0,0,0,0,0,0,0,0,0,0,0,0,0,0,0,0,0,0,0,0,0,0,0,0,0,0,0,1,0,0,0,1,0,0,1,0,0,0,1,0,0,1,0,0,0,0,0,1,0,0,0,1,0,0,0,0,0,0,0,0,0,0,0,0,0,0,1,0,0,0,0,0,0,1,0,0,0,0,0,0,0,0,0,0,0,0,0,0,1,0,1,0,0,0,0,0
-8357719.175,4872278.841,18566,2022014538,15,0,0,0,0,0,0,0,0,0,1,0,,67,1,2022,7,40.043583,-75.078667,8,6,0,0,0,0,0,0,0,0,,0,0,0,,,1,N,0,,40 02:36.900,,0,75 04:43.200,3,0,0,0,67301,0,0,0,N,0,0,0,1,67301,0,,6,,1,N,N,N,0,,1,0,2,,0,,,2,1,0,0,0,0,0,2,0,2,,3,,N,,,,,,,,,,,1,0,0,0,0,0,0,0,0,0,0,0,0,0,0,0,0,0,0,0,0,0,0,0,0,0,0,0,0,0,0,0,0,0,0,0,0,0,0,0,0,0,1,0,0,0,0,0,0,0,0,0,0,0,0,1,0,0,1,1,0,0,0,0,0,0,0,1,1,0,0,0,0,0,1,0,1,0,0,0,0,0,0,0,0,0,0,0,0,1,0,0,0,0,0,0,0,0,0,0,0,0,0,0,1,0,0,0,0,1,0,0,0,0,0,0,0,0,0,0,0,1,0,1,0,0,0,0,0
-8374384.153,4865982.252,18567,2022029239,950,0,0,0,0,0,0,0,0,0,8,0,,67,1,2022,4,40.000267,-75.228371,945,6,0,0,0,0,0,0,0,0,,0,0,0,,,1,,2,,40 00:00.960,,0,75 13:42.137,3,0,0,0,67301,1,0,0,N,1,0,0,2,67301,0,,1,,1,N,N,N,0,,1,0,0,,3,,,2,1,0,0,0,0,0,2,1,1,,3,,N,,,,,,,,,,,1,0,0,0,0,0,0,0,0,0,0,0,1,0,0,0,0,0,0,0,0,0,0,0,0,0,0,0,0,0,0,0,0,0,0,0,0,0,0,0,0,0,0,0,0,0,0,0,0,0,0,0,0,0,0,0,0,0,1,1,1,0,0,0,1,0,0,1,0,0,0,0,0,0,0,0,0,0,0,0,0,1,0,0,0,0,0,0,0,0,0,0,0,0,0,0,0,0,0,0,1,0,0,0,1,0,1,1,0,1,0,0,0,0,0,0,0,0,0,0,1,1,0,0,1,0,0,0,0
-8369913.003,4855486.115,18568,2022004164,1533,3,0,0,0,0,0,0,0,0,1,0,,67,1,2022,2,39.928,-75.188206,1531,6,0,0,0,0,0,0,0,0,,0,0,0,,,1,N,0,,39 55:40.800,,0,75 11:17.540,3,0,0,0,67301,0,0,0,N,0,0,0,4,67301,0,,6,,1,N,N,N,0,,1,0,0,,0,,,3,1,2,0,0,0,3,2,0,3,,,,N,,,,,,,,,,,0,0,0,0,0,0,0,0,0,0,1,0,0,0,0,0,0,0,0,0,0,0,0,0,0,0,0,0,0,0,0,0,0,0,0,0,0,0,0,0,0,0,1,0,0,1,0,0,0,0,0,0,0,0,0,0,0,0,1,1,0,0,0,0,0,0,0,1,1,0,0,0,0,0,1,0,1,0,0,0,0,0,0,0,0,0,0,0,0,1,0,0,0,0,0,0,0,0,0,0,0,0,0,0,0,0,0,0,0,1,0,0,0,0,0,0,0,1,0,0,0,1,0,1,0,0,0,0,0
-8363576.362,4864000.896,18569,2022014829,2230,1,0,0,0,0,0,0,0,0,2,0,,67,1,2022,1,39.986631,-75.131283,2228,6,0,0,0,0,0,0,0,0,,0,0,0,,,0,N,0,,39 59:11.870,,1,75 07:52.620,0,0,0,0,67301,0,0,0,N,0,0,0,1,67301,0,,6,,6,N,N,N,0,,0,0,1,,0,,,2,0,0,0,0,0,0,2,0,2,,9,,N,,,,,,,,,,,0,0,0,0,0,0,0,0,0,0,0,0,0,0,0,0,0,0,0,0,0,0,0,0,0,0,0,0,0,0,0,0,0,0,0,0,0,0,0,0,0,0,1,0,0,1,0,0,0,0,0,1,0,0,0,1,0,0,0,0,0,0,0,0,0,0,0,1,1,0,0,0,0,0,1,0,1,0,0,0,0,0,0,0,1,0,0,0,0,0,0,0,0,0,0,0,0,0,0,0,0,0,1,0,0,0,0,0,0,0,0,0,0,0,0,0,0,0,0,0,0,1,0,1,0,0,0,0,0
-8363573.691,4865764.424,18570,2022014819,2022,1,0,0,0,0,0,0,0,0,4,0,,67,1,2022,1,39.998768,-75.131259,2007,6,0,1,0,0,0,0,0,0,,0,0,0,,,0,,1,,39 59:55.564,,0,75 07:52.533,0,0,0,0,67301,0,0,0,N,0,0,0,2,67301,0,,1,,1,N,N,N,0,,0,0,1,,2,,,2,0,0,0,0,0,0,2,0,2,,,,N,,,,,,,,,,,1,0,1,0,0,0,0,0,0,0,0,0,0,0,0,0,0,0,0,0,1,0,0,0,0,0,0,0,0,0,0,0,0,0,0,0,0,0,0,0,0,0,0,0,0,0,0,0,0,0,0,0,0,0,0,1,0,0,0,0,1,0,0,0,1,0,0,1,0,0,0,0,0,0,1,0,0,0,0,0,0,0,0,0,1,0,0,0,0,0,0,0,0,0,0,0,0,0,0,1,0,0,0,0,0,0,1,0,0,0,0,0,0,0,0,0,0,0,0,0,0,1,0,1,0,0,0,0,1
-8369208.017,4854796.028,18571,2022014527,1222,1,0,0,0,0,0,0,0,0,8,0,,67,1,2022,5,39.923246,-75.181873,1220,6,0,0,0,0,0,1,0,0,,0,0,0,,,1,,5,,39 55:23.686,3,0,75 10:54.742,3,0,0,0,67301,1,0,0,N,1,0,0,2,67301,0,,1,30,2,N,N,N,0,,1,0,0,,2,Y,,2,1,0,0,0,0,0,2,0,1,,7,,N,,,,,,,,,,,0,0,0,0,0,0,0,0,0,0,0,0,0,0,0,0,0,0,0,0,0,0,0,0,1,0,0,0,0,0,0,0,0,0,0,0,0,0,0,0,0,0,0,0,0,0,0,0,0,0,0,0,0,1,0,0,0,0,1,1,1,0,0,0,0,0,0,1,0,0,0,0,0,0,0,0,0,0,0,0,0,1,0,0,0,0,0,0,0,0,0,0,0,0,0,0,0,0,0,1,1,0,0,0,0,0,1,0,0,1,0,0,0,0,0,0,0,0,0,0,0,1,0,0,1,0,0,0,0
-8372420.588,4867183.087,18572,2022010866,1555,2,0,0,0,0,0,0,0,0,4,0,,67,1,2022,6,40.00853,-75.210732,1555,6,1,0,0,0,0,0,0,0,,0,0,0,,,0,,1,,40 00:30.708,1,0,75 12:38.635,0,0,0,0,67301,0,0,0,N,0,0,0,3,67301,0,,1,1944,1,N,N,N,0,,0,0,0,,2,N,,2,0,0,0,0,0,0,2,0,2,,3,,N,,,,,,,,,,,1,0,1,0,0,0,0,0,0,0,0,0,1,0,0,0,0,0,0,1,0,0,0,0,0,0,0,0,0,0,0,0,0,0,0,0,0,0,0,0,0,0,0,0,0,0,0,0,0,0,0,0,0,0,0,0,0,0,0,0,1,0,0,0,0,0,0,1,0,0,0,0,0,0,1,0,0,0,0,0,0,0,0,0,1,0,0,0,0,0,0,0,0,0,0,0,0,0,0,1,0,0,0,0,0,0,1,0,0,0,0,0,0,0,0,0,0,0,0,0,0,1,0,1,0,0,0,0,1