X,Y,objectid,crn,arrival_tm,automobile_count,belted_death_count,belted_susp_serious_inj_count,bicycle_count,bicycle_death_count,bicycle_susp_serious_inj_count,bus_count,chldpas_death_count,chldpas_susp_serious_inj_count,collision_type,comm_veh_count,cons_zone_spd_lim,county,crash_month,crash_year,day_of_week,dec_latitude,dec_longitude,dispatch_tm,district,driver_count_16yr,driver_count_17yr,driver_count_18yr,driver_count_19yr,driver_count_20yr,driver_count_50_64yr,driver_count_65_74yr,driver_count_75plus,est_hrs_closed,fatal_count,heavy_truck_count,horse_buggy_count,hour_of_day,illumination,injury_count,intersection_related_x,intersect_type,lane_closed,latitude,ln_close_dir,location_type,longitude,max_severity_level,mcycle_death_count,mcycle_susp_serious_inj_count,motorcycle_count,municipality,nonmotr_count,nonmotr_death_count,nonmotr_susp_serious_inj_count,ntfy_hiwy_maint,ped_count,ped_death_count,ped_susp_serious_inj_count,person_count,police_agcy,possible_inj_count,rdwy_surf_type_cd,relation_to_road,roadway_cleared,road_condition,sch_bus_ind,sch_zone_ind,secondary_crash,small_truck_count,spec_juris_cd,susp_minor_inj_count,susp_serious_inj_count,suv_count,tcd_func_cd,tcd_type,tfc_detour_ind,time_of_day,total_units,tot_inj_count,unbelted_occ_count,unb_death_count,unb_susp_serious_inj_count,unk_inj_deg_count,unk_inj_per_count,urban_rural,van_count,vehicle_count,weather1,weather2,workers_pres,work_zone_ind,work_zone_loc,work_zone_type,wz_close_detour,wz_flagger,wz_law_offcr_ind,wz_ln_closure,wz_moving,wz_other,wz_shlder_mdn,wz_workers_inj_killed,aggressive_driving,alcohol_related,angle_crash,atv,atv_route,backup_congestion,backup_nonrecurring,backup_prior,bicycle,cell_phone,child_passenger,comm_vehicle,core_network,cross_median,curved_road,curve_dvr_error,deer_related,distracted,drinking_driver,driver_16yr,driver_17yr,driver_18yr,driver_19yr,driver_20yr,driver_50_64yr,driver_65_74yr,driver_75plus,drugged_driver,drug_related,fatal,fatal_or_susp_serious_inj,fatigue_asleep,federal_aid_route,fire_in_vehicle,hazardous_truck,hit_barrier,hit_bridge,hit_deer,hit_embankment,hit_fixed_object,hit_gdrail,hit_gdrail_end,hit_parked_vehicle,hit_pole,hit_roadway_equipment,hit_run,hit_temp_construction_barrier,hit_traffic_island,hit_tree_shrub,hit_utility_pole,horse_buggy,ho_oppdir_sdswp,hvy_truck_related,icy_road,illegal_drug_related,illumination_dark,impaired_driver,impaired_nonmotorist,injury,injury_or_fatal,intersection,intersection_related_y,interstate,lane_departure,left_turn,limit_65mph,limit_70mph,local_road,local_road_only,marijuana_drugged_driver,marijuana_related,mature_driver,mc_drinking_driver,motorcycle,multiple_vehicle,nhtsa_agg_driving,non_intersection,no_clearance,opioid_related,other_freeway_expressway,overturned,pedestrian,phantom_vehicle,possible_injury,property_damage_only,psp_reported,ramp,ramp_segment,ramp_terminal,rear_end,roundabout,running_red_lt,running_stop_sign,rural,school_bus,school_bus_related,school_bus_unit,school_zone,shldr_related,signalized_int,single_vehicle,snowmobile,snow_slush_road,speeding,speeding_related,speed_change_lane,state_road,stop_controlled_int,sudden_deer,suspected_minor_injury,suspected_serious_injury,sv_run_off_rd,tailgating,train,train_trolley,trolley,turnpike,unbelted,underage_drnk_drv,unlicensed,unsignalized_int,urban,vehicle_failure,vehicle_towed,vulnerable_road_user,vulnerable_road_user_fatal,wet_road,work_zone,young_driver
-8367610.248,4858644.813,19687,2022043868,1847,0,0,0,0,0,0,0,0,0,8,0,,67,5,2022,6,39.949756,-75.16752,1847,6,0,0,0,0,0,0,0,0,,0,0,0,,,1,,1,,39 56:59.121,,0,75 10:03.071,3,0,0,0,67301,1,0,0,N,1,0,0,2,67301,0,,1,,9,N,N,N,1,,1,0,0,,2,,,2,1,0,0,0,0,0,2,0,1,,,,N,,,,,,,,,,,1,0,0,0,0,0,0,0,0,0,0,0,0,0,0,0,0,1,0,0,0,0,0,0,0,0,0,0,0,0,0,0,0,0,0,0,0,0,0,0,0,0,0,0,0,1,0,0,0,0,0,0,0,0,0,0,0,0,1,1,1,0,0,0,1,0,0,1,0,0,0,0,0,0,0,0,0,0,0,0,0,1,0,0,0,0,0,0,0,0,0,0,0,0,0,0,0,0,0,1,1,0,0,0,0,0,1,0,0,1,0,0,0,0,0,0,0,0,0,0,0,1,0,0,1,0,1,0,0
-8373933.531,4855257.048,19688,2022047111,930,0,0,0,0,0,0,1,0,0,4,1,,67,5,2022,1,39.926422,-75.224323,930,6,0,0,0,0,0,0,0,0,,0,0,0,,,1,,2,,39 55:35.120,,0,75 13:27.564,4,0,0,0,67301,0,0,0,N,0,0,0,2,67508,1,,1,,1,N,N,Y,0,,0,0,1,,3,,,2,1,0,0,0,0,0,2,0,2,,3,,N,,,,,,,,,,,1,0,1,0,0,0,0,0,0,0,0,1,0,0,0,0,0,0,0,0,0,0,0,0,0,0,0,0,0,0,0,0,0,0,0,0,0,0,0,0,0,0,0,0,0,0,0,0,0,0,0,0,0,0,0,0,0,0,1,1,1,0,0,0,0,0,0,1,0,0,0,0,0,0,1,0,0,1,0,0,0,0,0,1,0,0,0,0,0,0,0,0,0,0,0,0,0,0,0,0,0,0,0,0,0,0,1,1,0,0,0,0,0,0,0,0,0,0,0,0,1,1,0,1,0,0,0,0,0
-8374757.74,4854816.059,19689,2022044981,1031,0,0,0,0,0,0,0,0,0,4,0,,67,5,2022,4,39.923384,-75.231727,1031,6,0,0,0,0,0,0,0,0,,0,0,0,,,1,,1,,39 55:24.182,,0,75 13:54.217,3,0,0,0,67301,0,0,0,N,0,0,0,2,67301,0,,1,,1,N,N,N,1,,1,0,1,,2,,,2,1,0,0,0,0,1,2,0,2,,,,N,,,,,,,,,,,1,0,1,0,0,0,0,0,0,0,0,0,0,0,0,0,0,0,0,0,0,0,0,0,0,0,0,0,0,0,0,0,0,0,0,0,0,0,0,0,0,0,0,0,0,0,0,0,0,0,0,0,0,0,0,1,0,0,1,1,1,0,0,0,0,0,0,1,0,0,0,0,0,0,1,0,0,0,0,0,0,0,0,0,0,0,0,0,0,0,0,0,0,0,0,0,0,0,0,1,0,0,0,1,1,0,1,0,0,1,0,0,0,0,0,0,0,0,0,0,0,1,0,1,0,0,0,0,0
-8346498.389,4880907.747,19690,2022055580,2309,2,0,0,0,0,0,0,0,0,4,0,,67,6,2022,5,40.102899,-74.977869,2305,6,0,0,1,0,0,0,0,0,,0,0,0,,,1,,2,,40 06:10.436,,0,74 58:40.328,3,0,0,0,67301,0,0,0,N,0,0,0,2,67301,0,,1,,1,N,N,N,0,,1,0,1,,3,,,3,1,0,0,0,0,0,2,0,3,,3,,N,,,,,,,,,,,1,0,1,0,0,0,0,0,0,0,0,0,0,0,1,0,0,0,0,0,0,1,0,0,0,0,0,0,0,0,0,0,0,0,0,0,0,0,0,0,0,0,1,0,0,0,0,0,0,0,0,0,0,0,0,1,0,0,1,1,1,0,0,0,1,0,0,1,1,0,0,0,0,0,1,0,0,0,0,0,0,0,0,0,0,0,0,0,0,0,0,0,0,0,0,0,0,0,0,0,0,0,0,0,0,0,0,1,0,1,0,0,0,0,0,0,0,0,0,0,1,1,0,0,0,0,0,0,1
-8355935.836,4869663.257,19691,2022045210,1717,2,0,0,0,0,0,0,0,0,1,0,,67,5,2022,6,40.025593,-75.062647,1715,6,0,0,0,0,1,1,0,0,,0,0,0,,,2,N,0,,40 01:32.136,1,0,75 03:45.528,3,0,0,0,67301,0,0,0,N,0,0,0,5,67301,0,,1,1825,1,N,N,N,0,,2,0,2,,0,N,,4,2,0,0,0,0,0,2,0,4,,3,,N,,,,,,,,,,,0,0,0,0,0,0,0,0,0,0,0,0,0,0,0,0,0,0,0,0,0,0,0,1,1,0,0,0,0,0,0,0,0,0,0,0,0,0,0,0,0,0,0,0,0,0,0,0,0,0,0,0,0,0,0,0,0,0,1,1,0,0,0,0,0,0,0,0,0,0,0,0,0,0,1,0,1,0,0,0,0,0,0,0,0,0,0,0,0,1,0,0,0,0,0,0,0,0,0,0,0,0,0,0,0,0,1,0,0,1,0,0,0,0,0,0,0,0,0,0,0,1,1,1,0,0,0,0,1
-8351664.951,4883804.937,19692,2022044146,632,2,0,0,0,0,0,0,0,0,5,0,,67,5,2022,2,40.122803,-75.024281,624,6,0,0,0,0,0,0,0,0,,0,0,0,,,1,N,0,,40 07:22.090,,0,75 01:27.410,8,0,0,0,67301,0,0,0,N,0,0,0,1,67301,0,,6,,99,N,N,N,0,,0,0,2,,0,,,4,1,0,0,0,1,0,2,0,4,,3,,N,,,,,,,,,,,0,0,0,0,0,0,0,0,0,0,0,0,0,0,0,0,0,0,0,0,0,0,0,0,0,0,0,0,0,0,0,0,0,0,0,0,0,0,0,0,0,0,1,0,0,0,0,0,0,0,0,0,0,0,0,0,0,0,1,1,0,0,0,0,0,0,0,1,1,0,0,0,0,0,1,0,1,0,0,0,1,0,0,0,0,0,0,0,0,0,0,0,0,0,0,0,0,0,0,0,0,0,0,0,0,0,0,0,0,0,0,0,0,0,0,0,0,0,0,0,0,1,0,1,0,0,0,0,0
-8366632.862,4858929.43,19693,2022056932,1920,1,0,0,0,0,0,0,0,0,8,0,,67,6,2022,5,39.951716,-75.15874,1907,6,0,0,0,0,0,0,0,0,,0,0,0,,,1,N,0,,39 57:06.177,,0,75 09:31.464,8,0,0,0,67301,1,0,0,N,1,0,0,2,67301,0,,1,,1,N,N,N,0,,0,0,0,,0,,,2,1,0,0,0,1,0,2,0,1,,3,,N,,,,,,,,,,,0,0,0,0,0,0,0,0,0,0,0,0,0,0,0,0,0,0,0,0,0,0,0,0,0,0,0,0,0,0,0,0,0,0,0,0,0,0,0,0,0,0,0,0,0,0,0,0,0,0,0,0,0,0,0,0,0,0,1,1,0,0,0,0,0,0,0,0,0,0,0,0,0,0,0,0,1,0,0,0,0,1,0,0,0,0,0,0,0,0,0,0,0,0,0,0,0,0,0,0,1,0,0,0,0,0,1,0,0,0,0,0,0,0,0,0,0,0,0,0,0,1,0,0,1,0,0,0,0
-8364557.088,4868221.854,19694,2022047211,2110,2,0,0,0,0,0,0,0,0,4,0,,67,5,2022,7,40.015677,-75.140093,2104,6,0,0,0,1,0,0,0,0,,0,0,0,,,0,,1,,40 00:56.437,,0,75 08:24.334,0,0,0,0,67301,0,0,0,N,0,0,0,3,67301,0,,1,,9,N,N,N,0,,0,0,0,,3,,,2,0,0,0,0,0,0,2,0,2,,,,N,,,,,,,,,,,1,0,1,0,0,0,0,0,0,0,0,0,0,0,0,0,0,0,0,0,0,0,1,0,0,0,0,0,0,0,0,0,0,0,0,0,0,0,0,0,0,0,0,0,0,0,0,0,0,0,0,0,0,0,0,1,0,0,0,0,1,0,0,0,0,0,0,1,1,0,0,0,0,0,1,0,0,1,0,0,0,0,0,0,1,0,0,0,0,0,0,0,0,0,0,0,0,0,0,0,0,0,0,0,0,0,0,1,0,0,0,0,0,0,0,0,0,0,0,0,1,1,0,1,0,0,1,0,1
-8374980.936,4859668.89,19695,2022044567,835,3,0,0,0,0,0,0,0,0,4,0,,67,5,2022,4,39.956808,-75.233732,835,6,0,0,0,0,0,1,0,0,,0,0,0,,,1,,1,,39 57:24.508,,0,75 14:01.435,3,0,0,0,67301,0,0,0,N,0,0,0,2,67301,0,,1,,1,N,N,Y,0,,1,0,1,,3,,,4,1,0,0,0,0,0,2,0,4,,,,N,,,,,,,,,,,1,0,1,0,0,0,0,0,0,0,0,0,0,0,0,0,0,0,0,0,0,0,0,0,1,0,0,0,0,0,0,0,0,0,0,0,0,0,0,0,0,0,1,0,0,0,0,0,0,0,0,0,0,0,0,0,0,0,1,1,1,0,0,0,0,0,0,1,1,0,0,0,0,0,1,0,0,0,0,0,0,0,0,0,0,0,0,0,0,0,0,0,0,0,0,0,0,0,0,0,0,0,0,0,0,0,0,1,0,1,0,0,0,0,0,0,0,0,0,0,1,1,0,0,0,0,0,0,0
-8367867.842,4875178.743,19696,2022043922,119,1,0,0,0,0,0,0,0,0,4,0,,67,5,2022,4,40.063523,-75.169834,118,6,0,0,0,0,0,0,0,0,,0,0,0,,,1,,1,,40 03:48.682,4,0,75 10:11.404,3,0,0,0,67301,0,0,0,N,0,0,0,2,67301,0,,1,300,1,N,N,N,0,,1,0,1,,2,N,,2,1,1,0,0,0,0,2,0,2,,3,,N,,,,,,,,,,,0,0,1,0,0,0,0,0,0,0,0,0,0,0,0,0,0,0,0,0,0,0,0,0,0,0,0,0,0,0,0,0,0,0,0,0,0,0,0,0,0,0,0,0,0,0,0,0,0,0,0,0,0,0,0,1,0,0,1,1,1,0,0,0,0,0,0,1,0,0,0,0,0,0,1,0,0,0,0,0,0,0,0,0,0,0,0,0,0,0,0,0,0,0,0,0,0,0,0,1,0,0,0,0,0,0,1,0,0,1,0,0,0,0,0,0,0,1,0,0,0,1,0,1,0,0,0,0,0
-8374127.672,4855202.178,19697,2022044983,2028,1,0,0,0,0,0,0,0,0,8,0,,67,5,2022,5,39.926044,-75.226067,2028,6,0,0,0,0,0,0,0,0,,0,0,0,,,1,N,0,,39 55:33.760,,0,75 13:33.840,4,0,0,0,67301,1,0,0,N,1,0,0,2,67301,1,,6,,1,N,N,N,0,,0,0,0,,0,,,2,1,0,0,0,0,0,2,0,1,,,,N,,,,,,,,,,,0,0,0,0,0,0,0,0,0,0,0,0,0,0,0,0,0,0,0,0,0,0,0,0,0,0,0,0,0,0,0,0,0,0,0,0,0,0,0,0,0,0,0,0,0,1,0,0,0,0,0,0,0,0,0,0,0,0,1,1,0,0,0,0,0,0,0,1,1,0,0,0,0,0,0,0,1,0,0,0,0,1,0,1,0,0,0,0,0,0,0,0,0,0,0,0,0,0,0,0,1,0,0,0,0,0,0,0,0,0,0,0,0,0,0,0,0,0,0,0,0,1,0,0,1,0,0,0,0
-8365518.22,4856200.059,19698,2022057040,1855,2,0,0,0,0,0,0,0,0,4,0,,67,6,2022,1,39.932918,-75.148727,1849,6,0,0,0,0,0,0,0,0,,0,0,0,,,1,,1,,39 55:58.503,1,0,75 08:55.417,3,0,0,0,67301,0,0,0,N,0,0,0,2,67301,0,,1,1925,1,N,N,N,0,,1,0,0,,2,N,,2,1,0,0,0,0,0,2,0,2,,3,,N,,,,,,,,,,,0,0,1,0,0,0,0,0,0,0,0,0,0,0,0,0,0,0,0,0,0,0,0,0,0,0,0,0,0,0,0,0,0,0,0,0,0,0,0,0,0,0,0,0,0,0,0,0,0,0,0,0,0,0,0,0,0,0,1,1,1,0,0,0,0,0,0,1,1,0,0,0,0,0,1,0,0,0,0,0,0,0,0,0,0,0,0,0,0,0,0,0,0,0,0,0,0,0,0,1,0,0,0,0,0,0,0,0,0,1,0,0,0,0,0,0,0,0,0,0,0,1,0,1,0,0,0,0,0
-8367055.877,4859036.018,19699,2022047162,1245,0,0,0,0,0,0,0,0,0,8,0,,67,5,2022,6,39.95245,-75.16254,1238,6,0,0,0,0,0,0,0,0,,0,0,0,,,1,N,0,,39 57:08.820,,0,75 09:45.144,2,0,0,0,67301,1,0,1,N,1,0,1,2,67301,0,,4,,1,N,N,N,0,,0,1,0,,0,,,2,1,0,0,0,0,0,2,0,1,,3,,N,,,,,,,,,,,0,0,0,0,0,0,0,0,0,0,0,0,0,0,0,0,0,0,0,0,0,0,0,0,0,0,0,0,0,0,1,0,0,0,0,0,0,0,0,0,0,0,0,0,0,1,0,0,0,0,0,0,0,0,0,0,0,0,1,1,0,0,0,1,0,0,0,0,0,0,0,0,0,0,0,0,1,0,0,0,0,1,0,0,0,0,0,0,0,0,0,0,0,0,0,0,0,0,0,0,1,0,0,0,0,0,1,0,0,0,1,1,0,0,0,0,0,0,0,0,0,1,0,0,1,0,0,0,0
-8359337.649,4870796.204,19700,2022045560,26,2,0,0,0,0,0,0,0,0,6,0,,67,5,2022,7,40.033386,-75.093206,7,6,0,0,0,0,0,0,0,0,,0,0,0,,,0,N,0,,40 02:00.190,,0,75 05:35.540,0,0,0,0,67301,0,0,0,N,0,0,0,1,67301,0,,6,,1,N,N,N,0,,0,0,0,,0,,,2,0,0,0,0,0,0,2,0,2,,,,N,,,,,,,,,,,0,0,0,0,0,0,0,0,0,0,0,0,0,1,0,0,0,0,0,0,0,0,0,0,0,0,0,0,0,0,0,0,0,0,0,0,0,0,0,0,0,0,1,0,0,1,0,0,0,0,0,1,0,0,0,0,0,0,0,0,0,0,0,0,0,0,0,1,1,0,0,0,0,0,1,0,1,0,0,0,0,0,0,0,1,0,0,0,0,0,0,0,0,0,0,0,0,0,0,0,0,0,0,0,0,0,0,0,0,0,0,0,0,0,0,0,0,0,0,0,0,1,0,1,0,0,0,0,0
-8364138.526,4864623.624,19701,2022044087,1000,0,0,0,0,0,0,0,0,0,4,0,,67,5,2022,2,39.990917,-75.136333,1000,6,0,0,0,0,0,1,0,0,,0,0,0,,,2,N,0,,39 59:27.300,,7,75 08:10.800,4,0,0,0,67301,0,0,0,N,0,0,0,3,67301,1,,1,,1,N,N,N,0,,0,0,1,,0,,,2,2,0,0,0,1,0,2,1,2,,3,,N,,,,,,,,,,,0,0,1,0,0,0,0,0,0,0,0,0,0,0,0,0,0,0,0,0,0,0,0,0,1,0,0,0,0,0,0,0,0,0,0,0,0,0,0,0,0,0,0,0,0,0,0,0,0,0,0,0,0,0,0,0,0,0,1,1,0,0,0,0,0,0,0,1,1,0,0,0,0,0,1,0,1,0,0,0,0,0,0,1,0,0,0,0,0,0,0,0,0,0,0,0,0,0,0,0,0,0,0,0,0,0,0,0,0,0,0,0,0,0,0,0,0,0,0,0,0,1,1,0,0,0,0,0,0
-8355018.674,4870136.308,19702,2022050540,58,1,0,0,0,0,0,0,0,0,5,0,,67,5,2022,6,40.028847,-75.054408,58,6,0,0,0,0,0,0,0,0,,0,0,0,,,0,N,0,,40 01:43.850,,0,75 03:15.870,0,0,0,0,67301,0,0,0,N,0,0,0,1,67301,0,,6,,1,N,N,Y,0,,0,0,2,,0,,,4,0,0,0,0,0,0,2,0,4,,98,,N,,,,,,,,,,,0,1,0,0,0,0,0,0,0,0,0,0,0,0,0,0,0,0,1,0,0,0,0,0,0,0,0,0,0,0,0,0,0,0,0,0,0,0,0,0,0,0,1,0,0,1,0,0,0,0,0,0,0,0,0,1,1,0,0,0,0,0,0,0,0,0,0,1,1,0,0,0,0,0,1,0,1,0,0,0,0,0,0,0,1,0,0,0,0,0,0,0,0,0,0,0,0,0,0,0,0,0,0,0,0,0,0,0,0,0,0,0,0,0,0,0,0,0,0,0,0,1,0,1,0,0,0,0,0
-8373804.289,4854674.099,19703,2022047121,920,0,0,0,0,0,0,1,0,0,4,1,,67,5,2022,6,39.922406,-75.223162,905,6,0,0,0,0,0,0,0,0,,0,0,0,,,2,,1,,39 55:20.661,,0,75 13:23.382,4,0,0,0,67301,0,0,0,N,0,0,0,4,67508,2,,1,,1,N,N,Y,0,,0,0,1,,2,,,2,2,0,0,0,0,0,2,0,2,,3,,N,,,,,,,,,,,1,0,1,0,0,0,0,0,0,0,0,1,0,0,0,0,0,0,0,0,0,0,0,0,0,0,0,0,0,0,0,0,0,0,0,0,0,0,0,0,0,0,0,0,0,0,0,0,0,0,0,0,0,0,0,0,0,0,1,1,1,0,0,0,1,0,0,1,0,0,0,0,0,0,1,0,0,0,0,0,0,0,0,1,0,0,0,0,0,0,0,0,0,0,0,0,0,0,0,1,0,0,0,0,0,0,1,0,0,0,0,0,0,0,0,0,0,0,0,0,0,1,0,1,0,0,0,0,0
-8367603.681,4872845.229,19704,2022045063,1912,2,0,0,0,0,0,0,0,0,5,0,,67,5,2022,6,40.047478,-75.167461,1912,6,0,0,0,0,0,0,0,0,,0,0,0,,,1,N,0,,40 02:50.920,,0,75 10:02.860,3,0,0,0,67301,0,0,0,N,0,0,0,1,67301,0,,6,,9,N,N,N,0,,1,0,0,,0,,,2,1,0,0,0,0,0,2,0,2,,,,N,,,,,,,,,,,0,0,0,0,0,0,0,0,0,0,0,0,0,0,0,0,0,0,0,0,0,0,0,0,0,0,0,0,0,0,0,0,0,0,0,0,0,0,0,0,0,0,1,0,0,0,0,0,0,0,0,0,0,0,0,0,0,0,1,1,0,0,0,0,0,0,0,1,1,0,0,0,0,0,1,0,1,0,0,0,0,0,0,0,0,0,0,0,0,0,0,0,0,0,0,0,0,0,0,0,0,0,0,0,0,0,0,0,0,1,0,0,0,0,0,0,0,0,0,0,0,1,0,1,0,0,1,0,0
-8376556.442,4859738.744,19705,2022055636,1215,2,0,0,0,0,0,0,0,0,4,0,,67,6,2022,4,39.957289,-75.247885,1206,6,0,0,1,0,0,0,1,0,,0,0,0,,,2,,1,,39 57:26.242,2,0,75 14:52.386,3,0,0,0,67301,0,0,0,N,0,0,0,3,67301,1,,1,1345,1,N,N,N,0,,1,0,1,,2,N,,3,2,0,0,0,0,0,2,0,3,,,,N,,,,,,,,,,,1,0,1,0,0,0,0,0,0,0,0,0,0,0,0,0,0,0,0,0,0,1,0,0,0,1,0,0,0,0,0,0,0,0,0,0,0,0,0,0,0,0,0,0,0,0,0,0,0,0,0,0,0,0,0,0,0,0,1,1,1,0,0,0,1,0,0,1,0,0,0,1,0,0,1,0,0,0,0,0,0,0,0,1,0,0,0,0,0,0,0,0,0,0,0,0,0,0,0,1,0,0,0,0,0,0,1,0,0,1,0,0,0,0,0,0,0,0,0,0,0,1,0,1,0,0,0,0,1
-8370120.281,4871497.728,19706,2022043914,2155,1,0,0,0,0,0,0,0,0,4,0,,67,5,2022,7,40.038211,-75.190068,2150,6,0,0,0,0,2,0,0,0,,0,0,0,,,0,,1,,40 02:17.558,7,0,75 11:24.246,9,0,0,0,67301,0,0,0,N,0,0,0,3,67301,0,,1,2215,9,N,N,N,0,,0,0,2,,2,Y,,3,0,0,0,0,0,2,2,0,3,,7,,N,,,,,,,,,,,1,0,1,0,0,0,0,0,0,0,0,0,0,0,0,0,0,0,0,0,0,0,0,1,0,0,0,0,0,0,0,0,0,0,0,0,0,0,0,0,0,0,0,0,0,0,0,0,0,0,0,0,0,0,0,1,0,0,0,0,1,0,0,0,0,0,0,1,0,0,0,0,0,0,1,0,0,0,0,0,0,0,0,0,0,0,0,0,0,0,0,0,0,0,0,0,0,0,0,1,0,0,0,0,1,0,1,0,0,0,0,0,0,0,0,0,0,0,0,0,0,1,1,1,0,0,1,0,1
-8361636.954,4865406.666,19707,2022044047,1720,1,0,0,0,0,0,0,0,0,8,0,,67,5,2022,2,39.996306,-75.113861,1720,6,0,0,0,0,0,0,0,0,,0,0,0,,,1,N,0,,39 59:46.700,,1,75 06:49.900,4,0,0,0,67301,1,0,0,N,1,0,0,2,67301,1,,1,,1,N,N,N,0,,0,0,0,,0,,,2,1,1,0,0,0,0,2,0,1,,3,,N,,,,,,,,,,,0,0,0,0,0,0,0,0,0,0,0,0,0,0,0,0,0,0,0,0,0,0,0,0,0,0,0,0,0,0,0,0,0,0,0,0,0,0,0,0,0,0,0,0,0,0,0,0,0,0,0,0,0,0,0,0,0,0,1,1,0,0,0,0,0,0,0,1,1,0,0,0,0,0,0,0,1,0,0,0,0,1,0,1,0,0,0,0,0,0,0,0,0,0,0,0,0,0,0,0,1,0,0,0,0,0,0,0,0,0,0,0,0,0,0,0,0,1,0,0,0,1,0,0,1,0,0,0,0
-8368862.148,4871102.978,19708,2022043908,1328,1,0,0,0,0,0,0,0,0,4,0,,67,5,2022,4,40.035496,-75.178766,1322,6,0,0,0,0,0,0,0,1,,0,0,0,,,2,,1,,40 02:07.785,,0,75 10:43.557,3,0,0,0,67301,0,0,0,N,0,0,0,4,67301,0,,1,,1,N,N,N,0,,2,0,1,,2,,,2,2,0,0,0,0,2,2,0,2,,4,,N,,,,,,,,,,,0,0,1,0,0,0,0,0,0,0,0,0,0,0,0,0,0,0,0,0,0,0,0,0,0,0,1,0,0,0,0,0,0,0,0,0,0,0,0,0,0,0,0,0,0,0,0,0,0,0,0,0,0,0,0,0,0,0,1,1,1,0,0,0,0,0,0,1,1,0,0,1,0,0,1,0,0,0,0,0,0,0,0,0,0,0,0,0,0,0,0,0,0,0,0,0,0,0,0,1,0,0,0,0,0,0,0,0,0,1,0,0,0,0,0,0,0,0,0,0,0,1,0,1,0,0,0,0,0
-8358860.422,4864406.406,19709,2022045330,1305,1,0,0,0,0,0,0,0,0,1,0,,67,5,2022,7,39.989422,-75.088919,1259,6,0,0,0,0,0,0,0,0,,0,0,0,,,1,N,0,,39 59:21.918,,0,75 05:20.108,3,0,0,0,67301,0,0,0,N,0,0,0,1,67301,0,,6,,9,N,N,N,0,,1,0,3,,0,,,4,1,0,0,0,0,0,2,0,4,,,,N,,,,,,,,,,,0,0,0,0,0,0,0,0,0,0,0,0,0,0,0,0,0,0,0,0,0,0,0,0,0,0,0,0,0,0,0,0,0,0,0,0,0,0,0,0,0,0,1,0,0,0,0,0,0,0,0,0,0,0,0,0,0,0,1,1,0,0,0,0,0,0,0,0,0,0,0,0,0,0,1,0,1,0,0,0,0,0,0,0,0,0,0,0,0,1,0,0,0,0,0,0,0,0,0,0,0,0,0,0,0,0,1,0,0,1,0,0,0,0,0,0,0,0,0,0,0,1,0,1,0,0,1,0,0
-8374546.011,4855416.001,19710,2022060034,1610,2,0,0,0,0,0,0,0,0,4,0,,67,6,2022,6,39.927517,-75.229825,1610,6,0,0,0,0,0,1,1,0,,0,0,0,,,1,N,0,,39 55:39.060,,7,75 13:47.370,3,0,0,0,67301,0,0,0,N,0,0,0,3,67301,0,,1,,1,N,N,N,0,,1,0,0,,0,,,2,1,0,0,0,0,0,2,0,2,,3,,N,,,,,,,,,,,1,0,1,0,0,0,0,0,0,0,0,0,0,0,0,0,0,0,0,0,0,0,0,0,1,1,0,0,0,0,0,0,0,0,0,0,0,0,0,0,0,0,0,0,0,0,0,0,0,0,0,0,0,0,0,0,0,0,1,1,0,0,0,0,1,0,0,1,1,0,0,1,0,0,1,0,1,0,0,0,0,0,0,0,0,0,0,0,0,0,0,0,0,0,0,0,0,0,0,0,0,0,0,0,0,0,0,0,0,1,0,0,0,0,0,0,0,0,0,0,0,1,0,0,0,0,0,0,0
-8364604.065,4874032.351,19711,2022051458,1305,3,0,0,0,0,0,0,0,0,1,0,,67,5,2022,6,40.055641,-75.140515,1305,6,0,0,0,0,0,1,0,0,,0,0,0,,,1,N,0,,40 03:20.308,,0,75 08:25.855,4,0,0,0,67301,0,0,0,N,0,0,0,4,67301,1,,1,,99,N,N,N,0,,0,0,0,,0,,,3,1,2,0,0,0,2,2,0,3,,,,N,,,,,,,,,,,0,0,0,0,0,0,0,0,0,0,0,0,0,0,0,0,0,0,0,0,0,0,0,0,1,0,0,0,0,0,0,0,0,0,0,0,0,0,0,0,0,0,0,0,0,0,0,0,0,0,0,0,0,0,0,0,0,0,1,1,0,0,0,0,0,0,0,0,0,0,0,0,0,0,1,0,1,0,0,0,0,0,0,1,0,0,0,0,0,1,0,0,0,0,0,0,0,0,0,0,0,0,0,0,0,0,1,0,0,0,0,0,0,0,0,0,0,1,0,0,0,1,0,0,0,0,0,0,0
-8360269.171,4863491.526,19712,2022056893,2336,2,0,0,0,0,0,0,0,0,2,0,,67,6,2022,7,39.983125,-75.101574,2336,6,0,0,0,0,0,0,0,0,,0,0,0,,,2,N,0,,39 58:59.251,3,0,75 06:05.668,4,0,0,0,67301,0,0,0,N,0,0,0,2,67301,2,,1,25,1,N,N,N,0,,0,0,0,,0,N,,2,2,0,0,0,0,0,2,0,2,,3,,N,,,,,,,,,,,0,1,0,0,0,0,0,0,0,0,1,0,0,0,0,0,0,0,0,0,0,0,0,0,0,0,0,0,1,0,0,0,0,0,0,0,0,0,0,0,0,0,0,0,0,1,0,0,0,0,0,1,0,0,1,1,0,0,1,1,0,0,0,1,0,0,0,0,0,0,0,0,0,0,1,0,1,0,0,0,0,0,0,1,0,0,0,0,0,0,0,0,0,0,0,0,0,0,0,0,0,0,0,0,0,0,1,0,0,0,0,0,0,0,0,0,0,0,0,0,0,1,0,1,0,0,0,0,0