X,Y,objectid,crn,arrival_tm,automobile_count,belted_death_count,belted_susp_serious_inj_count,bicycle_count,bicycle_death_count,bicycle_susp_serious_inj_count,bus_count,chldpas_death_count,chldpas_susp_serious_inj_count,collision_type,comm_veh_count,cons_zone_spd_lim,county,crash_month,crash_year,day_of_week,dec_latitude,dec_longitude,dispatch_tm,district,driver_count_16yr,driver_count_17yr,driver_count_18yr,driver_count_19yr,driver_count_20yr,driver_count_50_64yr,driver_count_65_74yr,driver_count_75plus,est_hrs_closed,fatal_count,heavy_truck_count,horse_buggy_count,hour_of_day,illumination,injury_count,intersection_related_x,intersect_type,lane_closed,latitude,ln_close_dir,location_type,longitude,max_severity_level,mcycle_death_count,mcycle_susp_serious_inj_count,motorcycle_count,municipality,nonmotr_count,nonmotr_death_count,nonmotr_susp_serious_inj_count,ntfy_hiwy_maint,ped_count,ped_death_count,ped_susp_serious_inj_count,person_count,police_agcy,possible_inj_count,rdwy_surf_type_cd,relation_to_road,roadway_cleared,road_condition,sch_bus_ind,sch_zone_ind,secondary_crash,small_truck_count,spec_juris_cd,susp_minor_inj_count,susp_serious_inj_count,suv_count,tcd_func_cd,tcd_type,tfc_detour_ind,time_of_day,total_units,tot_inj_count,unbelted_occ_count,unb_death_count,unb_susp_serious_inj_count,unk_inj_deg_count,unk_inj_per_count,urban_rural,van_count,vehicle_count,weather1,weather2,workers_pres,work_zone_ind,work_zone_loc,work_zone_type,wz_close_detour,wz_flagger,wz_law_offcr_ind,wz_ln_closure,wz_moving,wz_other,wz_shlder_mdn,wz_workers_inj_killed,aggressive_driving,alcohol_related,angle_crash,atv,atv_route,backup_congestion,backup_nonrecurring,backup_prior,bicycle,cell_phone,child_passenger,comm_vehicle,core_network,cross_median,curved_road,curve_dvr_error,deer_related,distracted,drinking_driver,driver_16yr,driver_17yr,driver_18yr,driver_19yr,driver_20yr,driver_50_64yr,driver_65_74yr,driver_75plus,drugged_driver,drug_related,fatal,fatal_or_susp_serious_inj,fatigue_asleep,federal_aid_route,fire_in_vehicle,hazardous_truck,hit_barrier,hit_bridge,hit_deer,hit_embankment,hit_fixed_object,hit_gdrail,hit_gdrail_end,hit_parked_vehicle,hit_pole,hit_roadway_equipment,hit_run,hit_temp_construction_barrier,hit_traffic_island,hit_tree_shrub,hit_utility_pole,horse_buggy,ho_oppdir_sdswp,hvy_truck_related,icy_road,illegal_drug_related,illumination_dark,impaired_driver,impaired_nonmotorist,injury,injury_or_fatal,intersection,intersection_related_y,interstate,lane_departure,left_turn,limit_65mph,limit_70mph,local_road,local_road_only,marijuana_drugged_driver,marijuana_related,mature_driver,mc_drinking_driver,motorcycle,multiple_vehicle,nhtsa_agg_driving,non_intersection,no_clearance,opioid_related,other_freeway_expressway,overturned,pedestrian,phantom_vehicle,possible_injury,property_damage_only,psp_reported,ramp,ramp_segment,ramp_terminal,rear_end,roundabout,running_red_lt,running_stop_sign,rural,school_bus,school_bus_related,school_bus_unit,school_zone,shldr_related,signalized_int,single_vehicle,snowmobile,snow_slush_road,speeding,speeding_related,speed_change_lane,state_road,stop_controlled_int,sudden_deer,suspected_minor_injury,suspected_serious_injury,sv_run_off_rd,tailgating,train,train_trolley,trolley,turnpike,unbelted,underage_drnk_drv,unlicensed,unsignalized_int,urban,vehicle_failure,vehicle_towed,vulnerable_road_user,vulnerable_road_user_fatal,wet_road,work_zone,young_driver
-8375604.103,4851621.865,19893,2022045906,1912,0,0,0,0,0,0,0,0,0,4,0,,67,5,2022,1,39.901375,-75.23933,1909,6,0,0,0,0,0,0,0,0,,0,0,0,19,,1,,2,,39 54:04.950,,0,75 14:21.587,2,0,1,1,67301,0,0,0,N,0,0,0,2,67301,0,,1,,1,N,N,N,0,,0,1,0,,2,,1905,2,1,0,0,0,0,0,2,0,2,,3,,N,,,,,,,,,,,1,0,1,0,0,0,0,0,0,0,0,0,0,0,0,0,0,0,0,0,0,0,0,0,0,0,0,0,0,0,1,0,0,0,0,0,0,0,0,0,0,0,0,0,0,1,0,0,0,0,0,0,0,0,0,0,0,0,1,1,1,0,0,0,1,0,0,1,0,0,0,0,0,1,1,0,0,0,0,0,0,0,0,0,0,0,0,0,0,0,0,0,0,0,0,0,0,0,0,1,0,0,0,0,0,0,1,0,0,0,1,0,0,0,0,0,0,0,0,0,0,1,0,1,0,0,0,0,0
-8362110.841,4868112.406,19894,2022060089,1919,1,0,0,0,0,0,0,0,0,8,0,,67,6,2022,3,40.014924,-75.118118,1919,6,0,0,0,0,0,0,0,0,,0,0,0,19,,2,N,0,,40 00:53.726,,0,75 07:05.223,3,0,0,0,67301,2,0,0,N,2,0,0,3,67301,0,,1,,1,N,N,N,0,,2,0,0,,0,,1906,3,2,1,0,0,0,0,2,0,1,,4,,N,,,,,,,,,,,0,0,0,0,0,0,0,0,0,0,0,0,0,0,0,0,0,0,0,0,0,0,0,0,0,0,0,0,0,0,0,0,0,0,0,0,0,0,0,0,0,0,0,0,0,0,0,0,0,0,0,0,0,0,0,0,0,0,1,1,0,0,0,0,0,0,0,0,0,0,0,0,0,0,0,0,1,0,0,0,0,1,0,0,0,0,0,0,0,0,0,0,0,0,0,0,0,0,0,0,1,0,0,0,0,0,1,0,0,1,0,0,0,0,0,0,0,1,0,0,0,1,0,0,1,0,0,0,0
-8359416.463,4872528.077,19895,2022047904,2232,0,0,0,0,0,0,0,0,0,1,0,,67,5,2022,6,40.045297,-75.093914,2224,6,0,0,0,0,0,0,0,0,,0,0,0,22,,1,N,0,,40 02:43.070,,0,75 05:38.090,3,0,0,1,67301,0,0,0,N,0,0,0,3,67301,0,,1,,1,N,N,N,0,,1,0,1,,0,,2224,2,1,1,0,0,0,1,2,0,2,,,,N,,,,,,,,,,,1,0,0,0,0,0,0,0,0,0,0,0,0,0,0,0,0,0,0,0,0,0,0,0,0,0,0,0,0,0,0,0,0,0,0,0,0,0,0,0,0,0,0,0,0,1,0,0,0,0,0,0,0,0,0,1,0,0,1,1,0,0,0,0,0,0,0,1,1,0,0,0,0,1,1,0,1,0,0,0,0,0,0,0,0,0,0,0,0,1,0,0,0,0,0,0,0,0,0,0,0,0,0,0,1,0,0,0,0,1,0,0,0,0,0,0,0,1,0,0,0,1,0,0,0,0,0,0,0
-8350574.799,4884981.143,19896,2022060016,1249,1,0,0,0,0,0,0,0,0,7,0,,67,6,2022,5,40.130882,-75.014488,1230,6,0,0,0,0,0,0,1,0,,0,0,0,12,,0,N,0,,40 07:51.175,,0,75 00:52.158,0,0,0,0,67301,0,0,0,N,0,0,0,1,67301,0,,2,,9,N,N,N,0,,0,0,0,,0,,1228,1,0,0,0,0,0,0,2,0,1,,7,,N,,,,,,,,,,,1,0,0,0,0,0,0,0,0,0,0,0,0,0,1,0,0,0,0,0,0,0,0,0,0,1,0,0,0,0,0,0,0,0,0,0,0,0,0,1,0,0,0,0,0,0,0,0,0,0,0,0,0,0,0,0,0,0,0,0,0,0,0,1,0,0,0,0,0,0,0,1,0,0,0,0,1,0,0,0,0,0,0,0,1,0,0,0,0,0,0,0,0,0,0,0,0,0,0,0,1,0,0,0,1,0,1,0,0,0,0,1,0,0,0,0,0,0,0,0,0,1,1,1,0,0,1,0,0
-8371943.249,4862141.663,19897,2022045445,2151,2,0,0,0,0,0,0,0,0,4,0,,67,5,2022,6,39.973833,-75.206444,2151,6,0,0,0,0,0,0,0,0,,0,0,0,21,,0,,1,,39 58:25.797,,0,75 12:23.198,0,0,0,0,67301,0,0,0,N,0,0,0,2,67301,0,,1,,1,N,N,N,0,,0,0,0,,2,,2100,2,0,0,0,0,0,0,2,0,2,,3,,N,,,,,,,,,,,0,0,1,0,0,0,0,0,0,0,0,0,1,1,0,0,0,1,0,0,0,0,0,0,0,0,0,0,0,0,0,0,0,0,0,0,0,0,0,0,0,0,0,0,0,1,0,0,0,0,0,0,0,0,0,1,0,0,0,0,1,0,0,0,1,0,0,1,0,0,0,0,0,0,1,0,0,0,0,0,0,0,0,0,1,0,0,0,0,0,0,0,0,0,0,0,0,0,0,1,0,0,0,0,0,0,1,0,0,0,0,0,0,0,0,0,0,0,0,0,0,1,0,1,0,0,0,0,0
-8371525.802,4877714.891,19898,2022045947,2332,2,0,0,0,0,0,0,0,0,4,0,,67,5,2022,2,40.080957,-75.202694,2322,6,0,0,0,1,0,1,0,0,,0,0,0,22,,0,,1,,40 04:51.446,2,0,75 12:09.698,0,0,0,0,67301,0,0,0,N,0,0,0,2,67301,0,,1,8,1,N,N,N,0,,0,0,0,,2,N,2222,2,0,0,0,0,0,0,2,0,2,,3,,N,,,,,,,,,,,0,0,1,0,0,0,0,0,0,0,0,0,0,0,0,0,0,0,0,0,0,0,1,0,1,0,0,0,0,0,0,0,0,0,0,0,0,0,0,0,0,0,0,0,0,0,0,0,0,0,0,0,0,0,0,1,0,0,0,0,1,0,0,0,0,0,0,1,0,0,0,0,0,0,1,0,0,0,0,0,0,0,0,0,1,0,0,0,0,0,0,0,0,0,0,0,0,0,0,1,0,0,0,0,0,0,1,0,0,0,0,0,0,0,0,0,0,0,0,0,0,1,0,1,0,0,0,0,1
-8369021.891,4855156.743,19899,2022047681,2313,1,0,0,0,0,0,0,0,0,3,0,,67,5,2022,2,39.925731,-75.180201,2310,6,0,0,0,0,0,0,0,0,,0,0,0,23,,0,N,0,,39 55:32.630,4,0,75 10:48.723,9,0,0,0,67301,0,0,0,N,0,0,0,1,67301,0,,6,100,1,N,N,N,0,,0,0,3,,0,N,2300,4,0,0,0,0,0,1,2,0,4,,3,,N,,,,,,,,,,,0,0,0,0,0,0,0,0,0,0,0,0,0,0,0,0,0,0,0,0,0,0,0,0,0,0,0,0,0,0,0,0,0,0,0,0,0,0,0,0,0,0,1,0,0,1,0,0,0,0,0,0,0,0,0,1,0,0,0,0,0,0,0,0,0,0,0,0,0,0,0,0,0,0,1,0,1,0,0,0,0,0,0,0,0,0,0,0,0,0,0,0,0,0,0,0,0,0,0,0,0,0,0,0,0,0,1,0,0,0,0,0,0,0,0,0,0,0,0,0,0,1,0,1,0,0,0,0,0
-8375735.461,4875995.203,19900,2022068561,1238,1,0,0,0,0,0,0,0,0,1,0,,67,7,2022,1,40.069136,-75.24051,1232,6,0,0,0,0,0,0,0,0,,0,0,0,12,,0,N,0,,40 04:08.891,,0,75 14:25.835,0,0,0,0,67301,0,0,0,N,0,0,0,3,67301,0,,1,,1,N,N,N,0,,0,0,1,,0,,1230,2,0,3,0,0,0,0,2,0,2,,3,,N,,,,,,,,,,,1,0,0,0,0,0,0,0,0,0,0,0,0,0,0,0,0,0,0,0,0,0,0,0,0,0,0,0,0,0,0,0,0,0,0,0,0,0,0,0,0,0,0,0,0,0,0,0,0,0,0,0,0,0,0,0,0,0,0,0,0,0,0,0,0,0,0,0,0,0,0,0,0,0,1,0,1,0,0,0,0,0,0,0,1,0,0,0,0,1,0,0,0,0,0,0,0,0,0,0,0,0,0,0,0,0,1,0,0,0,0,0,0,0,0,0,0,1,0,0,0,1,0,1,0,0,0,0,0
-8368073.337,4858020.863,19901,2022032901,2220,3,0,0,0,0,0,0,0,0,4,0,,67,3,2022,5,39.945459,-75.17168,2215,6,0,0,0,0,1,0,0,0,,0,0,0,22,,2,,1,,39 56:43.651,4,0,75 10:18.048,3,0,0,0,67301,0,0,0,N,0,0,0,2,67301,0,,1,1115,9,N,N,N,0,,2,0,0,,2,N,2205,3,2,0,0,0,0,0,2,0,3,,,,N,,,,,,,,,,,1,0,1,0,0,0,0,0,0,0,0,0,0,0,0,0,0,0,0,0,0,0,0,1,0,0,0,0,0,0,0,0,0,0,0,0,0,0,0,0,0,0,1,0,0,0,0,0,0,0,0,0,0,0,0,1,0,0,1,1,1,0,0,0,0,0,0,1,1,0,0,0,0,0,1,0,0,0,0,0,0,0,0,0,0,0,0,0,0,0,0,1,0,0,0,0,0,0,0,1,0,0,0,0,0,0,0,0,0,1,0,0,0,0,0,0,0,0,0,0,0,1,0,1,0,0,1,0,1
-8366750.082,4857939.986,19902,2022055564,930,1,0,0,0,0,0,0,0,0,8,0,,67,6,2022,6,39.944902,-75.159793,900,6,0,0,0,0,0,0,0,0,,0,0,0,5,,1,,1,,39 56:41.647,,0,75 09:35.256,4,0,0,0,67301,1,0,0,N,1,0,0,2,67301,1,,1,,99,N,N,N,0,,0,0,0,,2,,500,2,1,0,0,0,0,0,2,0,1,,3,,N,,,,,,,,,,,0,0,0,0,0,0,0,0,0,0,0,0,0,0,0,0,0,1,0,0,0,0,0,0,0,0,0,0,0,0,0,0,0,0,0,0,0,0,0,0,0,0,0,0,0,1,0,0,0,0,0,0,0,0,0,0,0,0,1,1,1,0,0,0,0,0,0,1,1,0,0,0,0,0,0,0,0,0,0,0,0,1,0,1,0,0,0,0,0,0,0,0,0,0,0,0,0,0,0,1,1,0,0,0,0,0,0,0,0,0,0,0,0,0,0,0,0,0,0,0,0,1,0,0,1,0,0,0,0
-8354728.798,4871537.713,19903,2022045535,1857,1,0,0,0,0,0,0,0,0,4,0,,67,5,2022,7,40.038486,-75.051804,1853,6,0,0,0,0,1,0,0,0,,0,0,0,18,,0,,1,,40 02:18.549,,0,75 03:06.494,0,0,0,0,67301,0,0,0,N,0,0,0,2,67301,0,,1,,9,N,N,Y,1,,0,0,1,,2,,1836,4,0,2,0,0,0,0,2,1,4,,,,N,,,,,,,,,,,1,0,1,0,0,0,0,0,0,0,0,0,0,0,0,0,0,0,0,0,0,0,0,1,0,0,0,0,0,0,0,0,0,0,0,0,0,0,0,0,0,0,1,0,0,0,0,0,0,0,0,0,0,0,0,0,0,0,0,0,1,0,0,0,1,0,0,1,1,0,0,0,0,0,1,0,0,0,0,0,0,0,0,0,1,0,0,0,0,0,0,0,0,0,0,0,0,0,0,1,0,0,0,0,0,0,0,0,0,0,0,0,0,0,0,0,0,1,0,0,0,1,0,1,0,0,1,0,1
-8346803.405,4878726.535,19904,2022024739,1521,0,0,0,0,0,0,0,0,0,4,0,,67,3,2022,5,40.08791,-74.980609,1521,6,0,0,1,0,0,0,0,0,,0,0,0,14,,1,,1,,40 05:16.476,,0,74 58:50.192,3,0,0,0,67301,0,0,0,N,0,0,0,2,67301,0,,1,,1,N,N,N,0,,1,0,2,,3,,1425,2,1,0,0,0,0,0,2,0,2,,3,,N,,,,,,,,,,,0,0,1,0,0,0,0,0,0,0,0,0,0,0,0,0,0,0,0,0,0,1,0,0,0,0,0,0,0,0,0,0,0,0,0,0,0,0,0,0,0,0,0,0,0,0,0,0,0,0,0,0,0,0,0,0,0,0,1,1,1,0,0,0,0,0,0,1,1,0,0,0,0,0,1,0,0,0,0,0,0,0,0,0,0,0,0,0,0,0,0,0,0,0,0,0,0,0,0,0,0,0,0,0,0,0,0,1,0,1,0,0,0,0,0,0,0,0,0,0,1,1,0,1,0,0,0,0,1
-8352564.19,4871744.473,19905,2022047184,1740,2,0,0,0,0,0,0,0,0,3,0,,67,5,2022,3,40.039908,-75.032359,1740,6,0,0,0,0,0,0,0,1,,0,0,0,17,,1,N,0,,40 02:23.668,2,0,75 01:56.494,4,0,0,0,67301,0,0,0,N,0,0,0,2,67301,1,,1,1817,1,N,N,N,0,,0,0,0,,0,N,1737,2,1,0,0,0,0,0,2,0,2,,,,N,,,,,,,,,,,0,0,0,0,0,0,0,0,0,0,0,0,0,0,0,0,0,0,0,0,0,0,0,0,0,0,1,0,0,0,0,0,0,0,0,0,0,0,0,0,0,0,0,0,0,0,0,0,0,0,0,0,0,0,0,0,0,0,1,1,0,0,0,0,0,0,0,0,0,0,0,1,0,0,1,0,1,0,0,0,0,0,0,1,0,0,0,0,0,0,0,0,0,0,0,0,0,0,0,0,0,0,0,0,0,0,1,0,0,0,0,0,0,0,0,0,0,0,0,0,0,1,0,1,0,0,0,0,0
-8370609.975,4859358.839,19906,2022041703,2353,1,0,0,0,0,0,0,0,0,1,0,,67,4,2022,7,39.954673,-75.194467,2348,6,0,0,0,0,0,0,0,0,,0,0,0,23,,0,,1,,39 57:16.822,,0,75 11:40.080,0,0,0,0,67301,0,0,0,N,0,0,0,2,67504,0,,1,,1,N,N,N,0,,0,0,1,,1,,2345,2,0,0,0,0,0,0,2,0,2,,3,,N,,,,,,,,,,,1,0,0,0,0,0,0,0,0,0,0,0,0,0,0,0,0,0,0,0,0,0,0,0,0,0,0,0,0,0,0,0,0,0,0,0,0,0,0,0,0,0,0,0,0,0,0,0,0,0,0,0,0,0,0,1,0,0,0,0,1,0,0,0,0,0,0,1,0,0,0,0,0,0,1,0,0,0,0,0,0,0,0,0,1,0,0,0,0,1,0,0,0,0,0,0,0,0,0,1,0,0,0,0,1,0,1,0,0,0,0,0,0,0,0,0,0,0,0,0,0,1,0,1,0,0,0,0,0
-8369206.682,4872662.585,19907,2022046048,214,2,0,0,0,0,0,0,0,0,2,0,,67,3,2022,4,40.046222,-75.181861,212,6,0,0,0,0,0,1,0,0,,0,0,0,2,,1,N,0,,40 02:46.400,6,0,75 10:54.700,8,0,0,0,67301,0,0,0,N,0,0,0,1,67301,0,,6,441,1,N,N,Y,0,,0,0,0,,0,Y,209,2,1,0,0,0,1,0,2,0,2,,3,,N,,,,,,,,,,,0,0,0,0,0,0,0,0,0,0,0,0,0,1,0,0,0,0,0,0,0,0,0,0,1,0,0,0,0,0,0,0,0,0,0,0,0,0,0,0,0,0,1,0,0,0,0,0,0,0,0,1,0,0,0,1,0,0,1,1,0,0,0,0,0,0,0,1,1,0,0,0,0,0,1,0,1,0,0,0,0,0,0,0,0,0,0,0,0,0,0,0,0,0,0,0,0,0,0,0,0,0,0,0,0,0,0,0,0,0,0,0,0,0,0,0,0,0,0,0,0,1,0,1,0,0,0,0,0
-8350727.641,4879606.005,19908,2022055576,445,1,0,0,0,0,0,0,0,0,1,0,,67,6,2022,2,40.093954,-75.015861,427,6,0,0,0,0,0,1,0,0,,0,0,0,22,,2,Y,0,,40 05:38.233,,0,75 00:57.098,3,0,0,0,67301,0,0,0,N,0,0,0,3,67301,0,,1,,1,N,N,N,1,,2,0,1,,2,,2230,3,2,0,0,0,0,0,2,0,3,,3,,N,,,,,,,,,,,0,0,0,0,0,0,0,0,0,0,0,0,1,0,0,0,0,0,0,0,0,0,0,0,1,0,0,0,0,0,0,0,0,0,0,0,0,0,0,0,0,0,0,0,0,1,0,0,0,0,0,0,0,0,0,1,0,0,1,1,0,0,0,0,0,0,0,0,0,0,0,0,0,0,1,0,1,0,0,0,0,0,0,0,0,0,0,0,0,1,0,0,0,0,0,0,0,0,0,0,0,0,0,0,0,0,1,0,0,1,0,0,0,0,0,0,0,0,0,0,0,1,0,0,0,0,0,0,0
-8367036.618,4859795.528,19909,2022024071,,2,0,0,0,0,0,0,0,0,1,0,,67,2,2022,3,39.95768,-75.162367,,6,0,0,0,0,0,0,0,0,,0,0,0,19,,1,,1,,39 57:27.649,,8,75 09:44.521,8,0,0,0,67301,0,0,0,N,0,0,0,2,0,0,,1,,1,,,N,0,,0,0,0,,0,,1920,2,1,1,0,0,1,0,2,0,2,,,,N,,,,,,,,,,,1,0,0,0,0,0,0,0,0,0,0,0,0,0,0,0,0,0,0,0,0,0,0,0,0,0,0,0,0,0,0,0,0,0,0,0,0,0,0,0,0,0,0,0,0,0,0,0,0,0,0,0,0,0,0,1,0,0,1,1,1,0,0,0,0,0,0,0,0,0,0,0,0,0,1,0,0,0,0,0,0,0,0,0,0,0,1,0,1,1,0,0,0,0,0,0,0,0,0,0,0,0,0,0,0,0,1,0,0,0,0,0,0,0,0,0,0,1,0,0,1,1,0,0,0,0,0,0,0
-8349935.268,4874345.481,19910,2022047168,752,0,0,0,0,0,0,0,0,0,4,0,,67,5,2022,4,40.057794,-75.008743,745,6,0,0,0,0,0,1,0,0,,0,0,0,7,,2,,1,,40 03:28.059,1,0,75 00:31.473,3,0,0,0,67301,0,0,0,N,0,0,0,2,67301,0,,1,855,1,N,N,N,0,,2,0,2,,2,N,730,2,2,0,0,0,0,0,2,0,2,,3,,N,,,,,,,,,,,0,0,1,0,0,0,0,0,0,0,0,0,0,0,0,0,0,0,0,0,0,0,0,0,1,0,0,0,0,0,0,0,0,0,0,0,0,0,0,0,0,0,0,0,0,0,0,0,0,0,0,0,0,0,0,0,0,0,1,1,1,0,0,0,1,0,0,0,0,0,0,0,0,0,1,0,0,0,0,0,0,0,0,0,0,0,0,0,0,0,0,0,0,0,0,0,0,0,0,1,0,0,0,0,0,0,1,0,0,1,0,0,0,0,0,0,0,0,0,0,0,1,0,1,0,0,0,0,0
-8365903.942,4861923.046,19911,2022060103,1637,0,0,0,0,0,0,0,0,0,8,0,,67,6,2022,6,39.972328,-75.152192,1630,6,0,0,0,0,0,0,0,0,,0,0,0,14,,1,,1,,39 58:20.379,,0,75 09:07.890,8,0,0,0,67301,1,0,0,N,1,0,0,1,67301,0,,1,,1,N,N,N,0,,0,0,0,,3,,1405,2,1,0,0,0,1,0,2,0,1,,3,,N,,,,,,,,,,,1,0,0,0,0,0,0,0,0,0,0,0,0,0,0,0,0,0,0,0,0,0,0,0,0,0,0,0,0,0,0,0,0,0,0,0,0,0,0,0,0,0,0,0,0,1,0,0,0,0,0,0,0,0,0,0,0,0,1,1,1,0,0,0,1,0,0,1,1,0,0,0,0,0,0,0,0,0,0,0,0,1,0,0,0,0,0,0,0,0,0,0,0,0,0,0,0,0,0,0,1,0,0,0,0,0,0,1,0,0,0,0,0,0,0,0,0,0,0,0,1,1,0,0,1,0,0,0,0
-8357398.908,4871913.868,19912,2022020748,859,0,0,0,0,0,0,0,0,0,5,0,,67,2,2022,6,40.041073,-75.07579,858,6,0,0,0,0,0,0,0,0,,0,0,0,8,,1,,2,,40 02:27.863,1,0,75 04:32.844,3,0,0,0,67301,0,0,0,N,0,0,0,2,67301,0,,1,944,9,N,N,N,0,,1,0,2,,0,N,856,2,1,1,0,0,0,0,2,0,2,,7,,N,,,,,,,,,,,0,0,0,0,0,0,0,0,0,0,0,0,0,0,0,0,0,0,0,0,0,0,0,0,0,0,0,0,0,0,0,0,0,0,0,0,0,0,0,0,0,0,0,0,0,0,0,0,0,0,0,0,0,0,0,0,0,0,1,1,1,0,0,0,0,0,0,1,0,0,0,0,0,0,1,0,0,0,0,0,0,0,0,0,0,0,0,0,0,0,0,0,0,0,0,0,0,0,0,0,0,0,0,0,0,0,1,0,0,1,0,0,0,0,0,0,0,1,0,0,1,1,0,0,0,0,1,0,0
-8364766.591,4864967.114,19913,2022047796,1038,2,0,0,0,0,0,0,0,0,1,0,,67,5,2022,7,39.993281,-75.141975,1036,6,0,0,0,0,0,0,0,0,,0,0,0,10,,0,N,0,,39 59:35.810,,0,75 08:31.110,0,0,0,0,67301,0,0,0,N,0,0,0,3,67301,0,,4,,9,N,N,N,0,,0,0,0,,0,,1034,2,0,0,0,0,0,0,2,0,2,,4,,N,,,,,,,,,,,0,0,0,0,0,0,0,0,0,0,0,0,0,0,0,0,0,0,0,0,0,0,0,0,0,0,0,0,0,0,0,1,0,0,0,0,0,0,0,0,0,0,1,0,0,0,0,0,0,0,0,0,0,0,0,0,0,0,0,0,0,0,0,1,0,0,0,1,1,0,0,0,0,0,1,0,1,0,0,0,0,0,0,0,1,0,0,0,0,1,0,0,0,0,0,0,0,0,0,0,0,0,0,0,0,0,0,0,0,0,0,1,0,0,0,0,0,0,0,0,0,1,0,1,0,0,1,0,0
-8370188.408,4854417.327,19914,2022060367,400,2,0,0,0,0,0,0,0,0,2,0,,67,6,2022,1,39.920637,-75.19068,355,6,0,0,0,0,0,1,0,0,,0,0,0,3,,2,,7,,39 55:14.292,,2,75 11:26.447,3,0,0,0,67301,0,0,0,N,0,0,0,2,67301,0,,9,,8,N,N,N,0,,2,0,0,,0,,354,2,2,1,0,0,0,0,2,0,2,,4,,N,,,,,,,,,,,0,0,0,0,0,0,0,0,0,0,0,0,0,0,1,0,0,0,0,0,0,0,0,0,1,0,0,0,0,0,0,0,0,0,0,0,0,0,0,0,0,0,0,0,0,0,0,0,0,0,0,1,0,0,0,1,0,0,1,1,1,0,0,0,0,0,0,0,0,0,0,0,0,0,1,0,0,0,0,0,0,0,0,0,0,0,0,0,0,0,0,0,0,0,0,0,0,0,0,0,0,0,0,0,0,0,1,0,0,1,0,0,0,0,0,0,0,1,0,0,1,1,1,1,0,0,1,0,0
-8369685.578,4864890.685,19915,2022068802,935,0,0,0,0,0,0,0,0,0,1,0,,67,4,2022,2,39.992755,-75.186163,935,6,0,0,0,0,0,1,1,0,,0,0,0,6,,2,,1,,39 59:33.918,,0,75 11:10.185,3,0,0,0,67301,0,0,0,N,0,0,0,3,67301,0,,1,,1,N,N,N,0,,2,0,2,,2,,637,2,2,1,0,0,0,0,2,0,2,,,,N,,,,,,,,,,,1,0,0,0,0,0,0,0,0,0,0,0,0,0,0,0,0,0,0,0,0,0,0,0,1,1,0,0,0,0,0,0,0,0,0,0,0,0,0,0,0,0,0,0,0,0,0,0,0,0,0,0,0,0,0,0,0,0,1,1,1,0,0,0,0,0,0,1,0,0,0,1,0,0,1,0,0,0,0,0,0,0,0,0,0,0,0,0,0,1,0,0,0,0,0,0,0,0,0,1,0,0,0,0,0,0,1,0,0,1,0,0,1,0,0,0,0,1,0,0,0,1,0,1,0,0,0,0,0
-8365043.331,4861967.205,19916,2022033239,834,1,0,0,0,0,0,0,0,0,1,0,,67,4,2022,3,39.972632,-75.144461,833,6,0,0,0,0,0,0,0,0,,0,0,0,8,,2,,1,,39 58:21.475,1,0,75 08:40.059,3,0,0,0,67301,0,0,0,N,0,0,0,3,67301,1,,1,930,1,N,N,N,0,,1,0,2,,2,N,830,3,2,0,0,0,0,0,2,0,3,,4,,N,,,,,,,,,,,1,0,0,0,0,0,0,0,0,0,0,0,0,0,0,0,0,0,0,0,0,0,0,0,0,0,0,0,0,0,0,0,0,0,0,0,0,0,0,0,0,0,0,0,0,1,0,0,0,0,0,0,0,0,0,0,0,0,1,1,1,0,0,0,0,0,0,1,1,0,0,0,0,0,1,0,0,0,0,0,0,0,0,1,0,0,0,0,0,1,0,0,0,0,0,0,0,0,0,1,0,0,0,1,1,0,0,0,0,1,0,0,0,0,0,0,0,0,0,0,0,1,0,1,0,0,0,0,0
-8373303.908,4861205.64,19917,2022060361,103,2,0,0,0,0,0,0,0,0,4,0,,67,6,2022,4,39.967389,-75.218667,56,6,0,0,0,0,0,1,0,0,,0,0,0,0,,0,N,0,,39 58:02.600,,0,75 13:07.200,9,0,0,0,67301,0,0,0,N,0,0,0,1,67301,0,,2,,1,N,N,N,0,,0,0,0,,0,,54,2,0,0,0,0,0,1,2,0,2,,,,N,,,,,,,,,,,0,0,1,0,0,0,0,0,0,0,0,0,0,0,0,0,0,0,0,0,0,0,0,0,1,0,0,0,0,0,0,0,0,0,0,0,0,0,0,0,0,0,1,0,0,0,0,0,0,0,0,0,0,0,0,1,0,0,0,0,0,0,0,1,0,0,0,1,1,0,0,0,0,0,1,0,1,0,0,0,0,0,0,0,0,0,0,0,0,0,0,0,0,0,0,0,0,0,0,0,0,0,0,0,0,0,0,0,0,0,0,1,0,0,0,0,0,0,0,0,0,1,0,1,0,0,0,0,0
-8366377.496,4864414.687,19918,2022031070,,1,0,0,0,0,0,0,0,0,4,0,,67,3,2022,3,39.989479,-75.156446,,6,0,0,0,0,0,0,0,0,,0,0,0,15,,1,,1,,39 59:22.124,,0,75 09:23.205,8,0,0,0,67301,0,0,0,N,0,0,0,2,0,0,,1,,1,,,N,0,,0,0,0,,3,,1500,2,1,0,0,0,1,0,2,1,2,,,,N,,,,,,,,,,,1,0,1,0,0,0,0,0,0,0,0,0,0,0,0,0,0,0,0,0,0,0,0,0,0,0,0,0,0,0,0,0,0,0,0,0,0,0,0,0,0,0,0,0,0,1,0,0,0,0,0,0,0,0,0,0,0,0,1,1,1,0,0,0,0,0,0,1,1,0,0,0,0,0,1,0,0,0,0,0,0,0,0,0,0,0,0,0,0,0,0,0,1,0,0,0,0,0,0,0,0,0,0,0,0,0,0,1,0,0,0,0,0,0,0,0,0,0,0,0,1,1,0,0,0,0,0,0,0