X,Y,objectid,crn,arrival_tm,automobile_count,belted_death_count,belted_susp_serious_inj_count,bicycle_count,bicycle_death_count,bicycle_susp_serious_inj_count,bus_count,chldpas_death_count,chldpas_susp_serious_inj_count,collision_type,comm_veh_count,cons_zone_spd_lim,county,crash_month,crash_year,day_of_week,dec_latitude,dec_longitude,dispatch_tm,district,driver_count_16yr,driver_count_17yr,driver_count_18yr,driver_count_19yr,driver_count_20yr,driver_count_50_64yr,driver_count_65_74yr,driver_count_75plus,est_hrs_closed,fatal_count,heavy_truck_count,horse_buggy_count,hour_of_day,illumination,injury_count,intersection_related_x,intersect_type,lane_closed,latitude,ln_close_dir,location_type,longitude,max_severity_level,mcycle_death_count,mcycle_susp_serious_inj_count,motorcycle_count,municipality,nonmotr_count,nonmotr_death_count,nonmotr_susp_serious_inj_count,ntfy_hiwy_maint,ped_count,ped_death_count,ped_susp_serious_inj_count,person_count,police_agcy,possible_inj_count,rdwy_surf_type_cd,relation_to_road,roadway_cleared,road_condition,sch_bus_ind,sch_zone_ind,secondary_crash,small_truck_count,spec_juris_cd,susp_minor_inj_count,susp_serious_inj_count,suv_count,tcd_func_cd,tcd_type,tfc_detour_ind,time_of_day,total_units,tot_inj_count,unbelted_occ_count,unb_death_count,unb_susp_serious_inj_count,unk_inj_deg_count,unk_inj_per_count,urban_rural,van_count,vehicle_count,weather1,weather2,workers_pres,work_zone_ind,work_zone_loc,work_zone_type,wz_close_detour,wz_flagger,wz_law_offcr_ind,wz_ln_closure,wz_moving,wz_other,wz_shlder_mdn,wz_workers_inj_killed,aggressive_driving,alcohol_related,angle_crash,atv,atv_route,backup_congestion,backup_nonrecurring,backup_prior,bicycle,cell_phone,child_passenger,comm_vehicle,core_network,cross_median,curved_road,curve_dvr_error,deer_related,distracted,drinking_driver,driver_16yr,driver_17yr,driver_18yr,driver_19yr,driver_20yr,driver_50_64yr,driver_65_74yr,driver_75plus,drugged_driver,drug_related,fatal,fatal_or_susp_serious_inj,fatigue_asleep,federal_aid_route,fire_in_vehicle,hazardous_truck,hit_barrier,hit_bridge,hit_deer,hit_embankment,hit_fixed_object,hit_gdrail,hit_gdrail_end,hit_parked_vehicle,hit_pole,hit_roadway_equipment,hit_run,hit_temp_construction_barrier,hit_traffic_island,hit_tree_shrub,hit_utility_pole,horse_buggy,ho_oppdir_sdswp,hvy_truck_related,icy_road,illegal_drug_related,illumination_dark,impaired_driver,impaired_nonmotorist,injury,injury_or_fatal,intersection,intersection_related_y,interstate,lane_departure,left_turn,limit_65mph,limit_70mph,local_road,local_road_only,marijuana_drugged_driver,marijuana_related,mature_driver,mc_drinking_driver,motorcycle,multiple_vehicle,nhtsa_agg_driving,non_intersection,no_clearance,opioid_related,other_freeway_expressway,overturned,pedestrian,phantom_vehicle,possible_injury,property_damage_only,psp_reported,ramp,ramp_segment,ramp_terminal,rear_end,roundabout,running_red_lt,running_stop_sign,rural,school_bus,school_bus_related,school_bus_unit,school_zone,shldr_related,signalized_int,single_vehicle,snowmobile,snow_slush_road,speeding,speeding_related,speed_change_lane,state_road,stop_controlled_int,sudden_deer,suspected_minor_injury,suspected_serious_injury,sv_run_off_rd,tailgating,train,train_trolley,trolley,turnpike,unbelted,underage_drnk_drv,unlicensed,unsignalized_int,urban,vehicle_failure,vehicle_towed,vulnerable_road_user,vulnerable_road_user_fatal,wet_road,work_zone,young_driver
-8362119.747,4870382.437,21030,2022090205,10,1,0,0,0,0,0,0,0,0,4,0,,67,9,2022,6,40.03054,-75.118198,6,6,0,0,0,0,0,0,0,0,,0,0,0,,,2,,1,,40 01:49.943,,0,75 07:05.511,8,0,0,0,67301,0,0,0,N,0,0,0,3,67301,0,,1,,9,N,N,N,0,,0,0,1,,2,,,2,2,0,0,0,2,0,2,0,2,,3,,N,,,,,,,,,,,1,0,1,0,0,0,0,0,0,0,1,0,0,0,0,0,0,0,0,0,0,0,0,0,0,0,0,0,0,0,0,0,0,0,0,0,0,0,0,0,0,0,0,0,0,0,0,0,0,0,0,0,0,0,0,1,0,0,1,1,1,0,0,0,1,0,0,1,0,0,0,0,0,0,1,0,0,0,0,0,0,0,0,0,0,0,0,0,0,0,0,0,0,0,0,0,0,0,0,1,0,0,0,0,0,0,1,0,0,0,0,0,0,0,0,0,0,0,0,0,0,1,0,1,0,0,1,0,0
-8354297.88,4869255.643,21031,2022060047,1035,1,0,0,0,0,0,0,0,0,4,0,,67,6,2022,5,40.022789,-75.047933,1035,6,0,0,0,0,0,0,0,0,,0,0,0,,,0,,1,,40 01:22.040,,0,75 02:52.558,0,0,0,0,67301,0,0,0,N,0,0,0,2,67301,0,,1,,9,N,N,N,0,,0,0,1,,3,,,2,0,0,0,0,0,0,2,0,2,,7,,N,,,,,,,,,,,1,0,1,0,0,0,0,0,0,0,0,0,0,0,0,0,0,0,0,0,0,0,0,0,0,0,0,0,0,0,0,0,0,0,0,0,0,0,0,0,0,0,0,0,0,0,0,0,0,0,0,0,0,0,0,0,0,0,0,0,1,0,0,0,0,0,0,1,1,0,0,0,0,0,1,0,0,1,0,0,0,0,0,0,1,0,0,0,0,0,0,0,0,0,0,0,0,0,0,0,0,0,0,0,0,0,0,1,0,0,0,0,0,0,0,0,0,0,0,0,1,1,0,1,0,0,1,0,0
-8375456.716,4859522.94,21032,2022095014,2350,2,0,0,0,0,0,0,0,0,1,0,,67,8,2022,4,39.955803,-75.238006,2349,6,0,0,0,0,0,0,0,0,,0,0,0,,,2,N,0,,39 57:20.890,1,0,75 14:16.820,3,0,0,0,67301,0,0,0,N,0,0,0,3,67301,0,,1,30,1,N,N,Y,0,,2,0,1,,7,Y,,3,2,0,0,0,0,0,2,0,3,,3,,N,,,,,,,,,,,0,1,0,0,0,0,0,0,0,0,0,0,0,0,0,0,0,0,1,0,0,0,0,0,0,0,0,0,0,0,0,0,0,0,0,0,0,0,0,0,0,0,1,0,0,0,0,0,0,0,0,0,0,0,0,1,1,0,1,1,0,0,0,0,0,0,0,1,1,0,0,0,0,0,1,0,1,0,0,0,0,0,0,0,0,0,0,0,0,1,0,0,0,0,0,0,0,0,0,0,0,0,0,0,0,0,0,0,0,1,0,0,0,0,0,0,0,0,0,0,0,1,0,1,0,0,0,0,0
-8371466.802,4868487.268,21033,2022077266,232,1,0,0,0,0,0,0,0,0,7,0,,67,8,2022,2,40.017503,-75.202164,222,6,0,0,0,0,0,0,0,0,,0,0,0,,,0,N,0,,40 01:03.010,,0,75 12:07.790,0,0,0,0,67301,0,0,0,N,0,0,0,1,67301,0,,3,,9,N,N,N,0,,0,0,0,,0,,,1,0,0,0,0,0,0,2,0,1,,3,,N,,,,,,,,,,,0,0,0,0,0,0,0,0,0,0,0,0,0,0,0,0,0,0,0,0,0,0,0,0,0,0,0,0,0,0,0,0,0,0,0,0,0,0,0,1,0,1,0,0,0,0,0,0,0,0,0,0,0,0,0,1,0,0,0,0,0,0,0,1,0,0,0,1,1,0,0,0,0,0,0,0,1,0,0,0,0,0,0,0,1,0,0,0,0,0,0,0,0,0,0,0,0,0,0,0,1,0,0,0,0,0,0,0,0,0,0,1,0,0,0,0,0,0,0,0,0,1,0,1,0,0,1,0,0
-8359977.402,4866844.316,21034,2022072611,543,2,0,0,0,0,0,0,0,0,1,0,,67,7,2022,7,40.006199,-75.098953,534,6,0,0,0,0,0,0,0,0,,0,0,0,,,1,N,0,,40 00:22.317,,0,75 05:56.229,2,0,0,0,67301,1,0,1,N,1,0,1,3,67301,0,,1,,1,N,N,N,0,,0,1,0,,0,,,3,1,1,0,0,0,1,2,0,2,,3,,N,,,,,,,,,,,0,0,0,0,0,0,0,0,0,0,0,0,0,0,0,0,0,1,0,0,0,0,0,0,0,0,0,0,0,0,1,0,0,0,0,0,0,0,0,0,0,0,0,0,0,0,0,0,0,0,0,0,0,0,0,0,0,0,1,1,0,0,0,0,0,0,0,0,0,0,0,0,0,0,1,0,1,0,0,0,0,1,0,0,0,0,0,0,0,1,0,0,0,0,0,0,0,0,0,0,0,0,0,0,0,0,1,0,0,0,1,0,0,0,0,0,0,1,0,0,0,1,0,1,1,0,0,0,0
-8353748.741,4875051.328,21035,2022081679,1845,1,0,0,0,0,0,0,0,0,4,0,,67,9,2022,2,40.062647,-75.043,1835,6,0,0,0,0,0,1,0,0,,0,0,0,,,1,,1,,40 03:45.528,,0,75 02:34.801,3,0,0,0,67301,0,0,0,N,0,0,0,3,67301,0,,1,,1,N,N,Y,0,,1,0,1,,2,,,3,1,0,0,0,0,0,2,0,3,,,,N,,,,,,,,,,,1,0,1,0,0,0,0,0,0,0,0,0,0,0,0,0,0,0,0,0,0,0,0,0,1,0,0,0,0,0,0,0,0,0,0,0,0,0,0,0,0,0,0,0,0,1,0,0,0,0,0,0,0,0,0,0,0,0,1,1,1,0,0,0,1,0,0,1,0,0,0,0,0,0,1,0,0,0,0,0,0,0,0,0,0,0,0,0,0,0,0,1,0,0,0,0,0,0,0,1,0,0,0,0,0,0,1,0,0,1,0,0,0,0,0,0,0,0,0,0,0,1,0,0,0,0,0,0,0
-8367462.638,4857256.988,21036,2022080736,1655,0,0,0,1,0,0,0,0,0,8,0,,67,9,2022,6,39.940198,-75.166194,1650,6,0,0,0,0,0,1,0,0,,0,0,0,,,1,N,0,,39 56:24.711,,0,75 09:58.298,3,0,0,0,67301,1,0,0,N,0,0,0,2,67301,0,,1,,1,N,N,N,0,,1,0,1,,0,,,2,1,0,0,0,0,0,2,0,1,,,,N,,,,,,,,,,,0,0,0,0,0,0,0,0,1,0,0,0,0,0,0,0,0,0,0,0,0,0,0,0,1,0,0,0,0,0,0,0,0,0,0,0,0,0,0,0,0,0,0,0,0,0,0,0,0,0,0,0,0,0,0,0,0,0,1,1,0,0,0,0,0,0,0,0,0,0,0,0,0,0,0,0,1,0,0,0,0,0,0,0,0,0,0,0,0,0,0,0,0,0,0,0,0,0,0,0,1,0,0,0,0,0,1,0,0,1,0,0,0,0,0,0,0,0,0,0,0,1,0,0,1,0,0,0,0
-8374183.555,4865004.602,21037,2022097448,2030,2,0,0,0,0,0,0,0,0,2,0,,67,10,2022,6,39.993539,-75.226569,2028,6,0,0,0,0,0,0,0,0,,0,0,0,,,1,N,0,,39 59:36.740,,0,75 13:35.650,8,0,0,0,67301,0,0,0,N,0,0,0,1,67301,0,,6,,1,N,N,N,0,,0,0,0,,0,,,2,1,0,0,0,1,0,2,0,2,,3,,N,,,,,,,,,,,0,0,0,0,0,0,0,0,0,0,0,0,0,0,1,0,0,0,0,0,0,0,0,0,0,0,0,0,0,0,0,0,0,0,0,0,0,0,0,0,0,0,1,0,0,0,0,0,0,0,0,1,0,0,0,1,0,0,1,1,0,0,0,0,0,0,0,1,1,0,0,0,0,0,1,0,1,0,0,0,0,0,0,0,0,0,0,0,0,0,0,0,0,0,0,0,0,0,0,0,0,0,0,0,0,0,0,0,0,0,0,0,0,0,0,0,0,0,0,0,0,1,0,1,0,0,0,0,0
-8367687.058,4859261.542,21038,2022081838,1835,0,0,0,0,0,0,0,0,0,8,0,,67,9,2022,6,39.954003,-75.16821,1830,6,0,0,0,0,0,0,0,0,,0,0,0,,,1,,1,,39 57:14.411,,0,75 10:05.557,3,0,0,0,67301,1,0,0,N,1,0,0,2,67301,0,,1,,1,N,N,N,0,,1,0,0,,2,,,2,1,0,0,0,0,0,2,0,1,,3,,N,,,,,,,,,,,0,0,0,0,0,0,0,0,0,0,0,0,0,0,0,0,0,0,0,0,0,0,0,0,0,0,0,0,0,0,0,0,0,0,0,0,0,0,0,0,0,0,0,0,0,0,0,0,0,0,0,0,0,0,0,0,0,0,1,1,1,0,0,0,0,0,0,1,0,0,0,0,0,0,0,0,0,0,0,0,0,1,0,0,0,0,0,0,0,0,0,0,0,0,0,0,0,0,0,1,1,0,0,0,0,0,1,0,0,1,0,0,0,0,0,0,0,0,0,0,0,1,0,0,1,0,0,0,0
-8357739.323,4869847.881,21039,2022094265,559,3,0,0,0,0,0,0,0,0,4,0,,67,10,2022,1,40.026863,-75.078848,555,6,0,0,0,1,0,0,0,0,,0,0,0,,,1,,1,,40 01:36.706,2,0,75 04:43.852,3,0,0,0,67301,0,0,0,N,0,0,0,2,67301,0,,1,625,9,N,N,N,0,,1,0,1,,3,N,,4,1,2,0,0,0,0,2,0,4,,,,N,,,,,,,,,,,1,0,1,0,0,0,0,0,0,0,0,0,0,0,0,0,0,0,0,0,0,0,1,0,0,0,0,0,0,0,0,0,0,0,0,0,0,0,0,0,0,0,1,0,0,0,0,0,0,0,0,0,0,0,0,1,0,0,1,1,1,0,0,0,0,0,0,1,1,0,0,0,0,0,1,0,0,0,0,0,0,0,0,0,0,0,0,0,0,0,0,0,1,0,0,0,0,0,0,0,0,0,0,0,0,0,0,1,0,1,0,0,0,0,0,0,0,1,0,0,1,1,0,1,0,0,1,0,1
-8372298.359,4861129.967,21040,2022093657,1717,1,0,0,0,0,0,0,0,0,4,1,,67,10,2022,1,39.966868,-75.209634,1630,6,0,0,0,0,0,0,0,0,,0,1,0,,,1,,1,,39 58:00.724,,0,75 12:34.682,8,0,0,0,67301,0,0,0,N,0,0,0,2,67301,0,,1,,1,N,N,N,0,,0,0,0,,3,,,2,1,0,0,0,1,1,2,0,2,,3,,N,,,,,,,,,,,0,0,1,0,0,0,0,0,0,0,0,1,0,0,0,0,0,0,0,0,0,0,0,0,0,0,0,0,0,0,0,0,0,0,0,0,0,0,0,0,0,0,0,0,0,1,0,0,0,0,0,0,1,0,0,0,0,0,1,1,1,0,0,0,0,0,0,1,1,0,0,0,0,0,1,0,0,0,0,0,0,0,0,0,0,0,0,0,0,0,0,0,0,0,0,0,0,0,0,0,0,0,0,0,0,0,0,1,0,0,0,0,0,0,0,0,0,0,0,0,1,1,0,1,0,0,0,0,0
-8376269.349,4861502.532,21041,2022095021,1100,0,0,0,0,0,0,0,0,0,4,0,,67,10,2022,7,39.969433,-75.245306,1100,6,1,0,0,0,0,0,0,0,,0,0,0,,,0,N,0,,39 58:09.959,2,7,75 14:43.102,0,0,0,0,67301,0,0,0,N,0,0,0,3,67301,0,,1,1200,9,N,N,N,0,,0,0,2,,2,N,,2,0,0,0,0,0,0,2,0,2,,,,N,,,,,,,,,,,0,0,1,0,0,0,0,0,0,0,0,0,0,0,0,0,0,0,0,1,0,0,0,0,0,0,0,0,0,0,0,0,0,0,0,0,0,0,0,0,0,0,0,0,0,0,0,0,0,0,0,0,0,0,0,0,0,0,0,0,0,0,0,0,1,0,0,0,0,0,0,0,0,0,1,0,1,0,0,0,0,0,0,0,1,0,0,0,0,0,0,0,0,0,0,0,0,0,0,0,0,0,0,0,0,0,1,0,0,0,0,0,0,0,0,0,0,0,0,0,0,1,0,1,0,0,1,0,1
-8366934.873,4876303.593,21042,2022086889,2225,0,0,0,0,0,0,0,0,0,8,0,,67,9,2022,3,40.071256,-75.161453,2223,6,0,0,0,0,0,0,0,0,,0,0,0,,,1,N,0,,40 04:16.521,,0,75 09:41.230,8,0,0,0,67301,1,0,0,N,1,0,0,1,67301,0,,1,,1,N,N,N,0,,0,0,0,,0,,,2,1,0,0,0,1,0,2,0,1,,,,N,,,,,,,,,,,0,0,0,0,0,0,0,0,0,0,0,0,0,0,0,0,0,0,0,0,0,0,0,0,0,0,0,0,0,0,0,0,0,0,0,0,0,0,0,0,0,0,0,0,0,1,0,0,0,0,0,0,0,0,0,1,0,0,1,1,0,0,0,0,0,0,0,0,0,0,0,0,0,0,0,0,1,0,0,0,0,1,0,0,0,0,0,0,0,0,0,0,0,0,0,0,0,0,0,0,1,0,0,0,0,0,1,0,0,0,0,0,0,0,0,0,0,0,0,0,0,1,0,0,1,0,0,0,0
-8374105.742,4856594.071,21043,2022096724,1105,1,0,0,0,0,0,0,0,0,4,0,,67,10,2022,1,39.935632,-75.22587,1100,6,0,0,0,0,0,1,0,0,,0,0,0,,,1,,1,,39 56:08.274,4,0,75 13:33.131,3,0,0,0,67301,0,0,0,N,0,0,0,2,67301,0,,1,1130,1,N,N,N,0,,1,0,2,,2,N,,3,1,0,0,0,0,0,2,0,3,,3,,N,,,,,,,,,,,0,0,1,0,0,0,0,0,0,0,0,0,0,0,0,0,0,0,0,0,0,0,0,0,1,0,0,0,0,0,0,0,0,0,0,0,0,0,0,0,0,0,1,0,0,0,0,0,0,0,0,0,0,0,0,0,0,0,1,1,1,0,0,0,0,0,0,1,0,0,0,0,0,0,1,0,0,0,0,0,0,0,0,0,0,0,0,0,0,0,0,0,0,0,0,0,0,0,0,1,0,0,0,0,0,0,1,0,0,1,0,0,0,0,0,0,0,0,0,0,0,1,0,1,0,0,0,0,0
-8369343.716,4868647.886,21044,2022094289,103,0,0,0,0,0,0,1,0,0,1,1,,67,10,2022,6,40.018608,-75.183092,20,6,0,0,0,0,0,0,0,0,,0,0,0,,,2,,1,,40 01:06.988,,0,75 10:59.131,8,0,0,0,67301,0,0,0,N,0,0,0,2,67508,0,,1,,1,N,N,N,0,,0,0,1,,3,,,2,2,1,0,0,2,0,2,0,2,,3,,N,,,,,,,,,,,1,0,0,0,0,0,0,0,0,0,0,1,0,0,0,0,0,0,0,0,0,0,0,0,0,0,0,0,0,0,0,0,0,0,0,0,0,0,0,0,0,0,0,0,0,0,0,0,0,0,0,0,0,0,0,1,0,0,1,1,1,0,0,0,0,0,0,1,1,0,0,0,0,0,1,0,0,0,0,0,0,0,0,0,0,0,0,0,0,1,0,0,0,0,0,0,0,0,0,0,0,0,0,0,0,0,0,1,0,0,0,0,0,0,0,0,0,1,0,0,1,1,0,1,0,0,0,0,0
-8366356.234,4863876.384,21045,2022095045,1010,0,0,0,0,0,0,0,0,0,4,1,,67,10,2022,6,39.985774,-75.156255,1005,6,0,0,0,0,0,1,0,0,,0,1,0,,,1,N,0,,39 59:08.788,1,7,75 09:22.518,8,0,0,0,67301,0,0,0,N,0,0,0,3,67505,0,,1,1030,1,N,N,N,0,,0,0,1,,0,N,,2,1,0,0,0,1,0,2,0,2,,3,,N,,,,,,,,,,,1,0,1,0,0,0,0,0,0,0,0,1,0,0,0,0,0,0,0,0,0,0,0,0,1,0,0,0,0,0,0,0,0,0,0,0,0,0,0,0,0,0,0,0,0,1,0,0,0,0,0,0,1,0,0,0,0,0,1,1,0,0,0,0,1,0,0,0,0,0,0,0,0,0,1,0,1,0,0,0,0,0,0,0,0,0,0,0,0,0,0,0,0,0,0,0,0,0,0,0,0,0,0,0,0,0,1,0,0,0,0,0,0,0,0,0,0,0,0,0,0,1,0,1,0,0,0,0,0
-8349889.627,4873631.539,21046,2022093066,741,0,0,0,0,0,0,0,0,0,7,0,,67,10,2022,7,40.052885,-75.008333,737,6,0,0,0,1,0,0,0,0,,0,0,0,,,0,N,0,,40 03:10.385,,0,75 00:29.997,0,0,0,0,67301,0,0,0,N,0,0,0,1,67301,0,,5,,1,N,N,N,0,,0,0,1,,0,,,1,0,0,0,0,0,0,2,0,1,,3,,N,,,,,,,,,,,0,0,0,0,0,0,0,0,0,0,0,0,0,0,0,0,0,0,0,0,0,0,1,0,0,0,0,0,0,0,0,0,0,0,0,0,0,0,0,1,0,0,0,0,0,0,0,0,0,0,0,0,0,0,0,0,0,0,0,0,0,0,0,1,0,0,0,0,0,0,0,0,0,0,0,0,1,0,0,0,0,0,0,0,1,0,0,0,0,0,0,0,0,0,0,0,0,0,0,0,1,0,0,0,0,0,1,0,0,0,0,1,0,0,0,0,0,0,0,0,0,1,0,1,0,0,0,0,1
-8360019.258,4864815.128,21047,2022090276,1606,1,0,0,0,0,0,0,0,0,4,0,,67,8,2022,2,39.992235,-75.099329,1556,6,0,0,0,0,0,1,0,0,,0,0,0,,,1,,1,,39 59:32.047,2,0,75 05:57.585,8,0,0,0,67301,0,0,0,N,0,0,0,4,67301,0,,1,1620,1,N,N,N,0,,0,0,1,,2,N,,2,1,0,0,0,1,3,2,0,2,,3,,N,,,,,,,,,,,0,0,1,0,0,0,0,0,0,0,0,0,0,0,0,0,0,0,0,0,0,0,0,0,1,0,0,0,0,0,0,0,0,0,0,0,0,0,0,0,0,0,0,0,0,0,0,0,0,0,0,0,0,0,0,0,0,0,1,1,1,0,0,0,1,0,0,1,0,0,0,0,0,0,1,0,0,0,0,0,0,0,0,0,0,0,0,0,0,0,0,0,0,0,0,0,0,0,0,1,0,0,0,0,0,0,1,0,0,0,0,0,0,0,0,0,0,0,0,0,0,1,0,1,0,0,0,0,0
-8351711.817,4882518.389,21048,2022080272,2036,0,0,0,0,0,0,0,0,0,8,0,,67,8,2022,4,40.113965,-75.024702,2030,6,0,0,0,0,0,0,0,1,,0,0,0,,,1,,2,,40 06:50.274,,0,75 01:28.927,3,0,0,0,67301,1,0,0,N,1,0,0,2,67301,0,,1,,1,N,N,N,0,,1,0,0,,3,,,2,1,0,0,0,0,0,2,1,1,,,,N,,,,,,,,,,,1,0,0,0,0,0,0,0,0,0,0,0,0,0,0,0,0,0,0,0,0,0,0,0,0,0,1,0,0,0,0,0,0,0,0,0,0,0,0,0,0,0,0,0,0,0,0,0,0,0,0,0,0,0,0,1,0,0,1,1,1,0,0,0,0,0,0,1,1,0,0,1,0,0,0,0,0,1,0,0,0,1,0,0,0,0,0,0,0,0,0,0,0,0,0,0,0,0,0,0,1,0,0,0,0,0,0,1,0,1,0,0,0,0,0,0,0,0,0,0,1,1,0,0,1,0,0,0,0
-8369116.401,4862750.618,21049,2022060069,2200,3,0,0,0,0,0,0,0,0,5,0,,67,6,2022,6,39.978025,-75.18105,2145,6,0,0,0,0,0,1,0,0,,0,0,0,,,1,N,0,,39 58:40.890,2,0,75 10:51.780,4,0,0,0,67301,0,0,0,N,0,0,0,1,67301,1,,6,2215,1,N,N,N,0,,0,0,2,,0,Y,,5,1,0,0,0,0,0,2,0,5,,3,,N,,,,,,,,,,,0,0,0,0,0,0,0,0,0,0,0,0,0,0,0,0,0,0,0,0,0,0,0,0,1,0,0,0,0,0,0,0,0,0,0,0,0,0,0,0,0,0,1,0,0,0,0,0,0,0,0,0,0,0,0,1,0,0,1,1,0,0,0,0,0,0,0,1,1,0,0,0,0,0,1,0,1,0,0,0,0,0,0,1,0,0,0,0,0,0,0,0,0,0,0,0,0,0,0,0,0,0,0,0,0,0,0,0,0,0,0,0,0,0,0,0,0,0,0,0,0,1,0,1,0,0,0,0,0
-8359881,4867431.614,21050,2022096753,145,0,0,0,0,0,0,0,0,0,5,0,,67,8,2022,2,40.01024,-75.098087,114,6,0,0,0,0,0,0,0,0,,0,0,0,,,1,,1,,40 00:36.863,,0,75 05:53.112,8,0,0,1,67301,0,0,0,N,0,0,0,2,67301,0,,1,,1,N,N,N,0,,0,0,1,,2,,,2,1,0,0,0,1,0,2,0,2,,3,,N,,,,,,,,,,,0,0,0,0,0,0,0,0,0,0,0,0,0,0,0,0,0,0,0,0,0,0,0,0,0,0,0,0,0,0,0,0,0,0,0,0,0,0,0,0,0,0,0,0,0,0,0,0,0,0,0,0,0,0,0,1,0,0,1,1,1,0,0,0,0,0,0,1,0,0,0,0,0,1,1,0,0,0,0,0,0,0,0,0,0,0,0,0,0,0,0,0,0,0,0,0,0,0,0,1,0,0,0,0,0,0,1,0,0,0,0,0,0,0,0,0,0,0,0,0,0,1,1,1,0,0,0,0,1
-8366327.736,4862600.264,21051,2022094157,1335,2,0,0,0,0,0,0,0,0,4,0,,67,10,2022,5,39.97699,-75.155999,1330,6,0,0,0,0,0,0,0,0,,0,0,0,,,1,,1,,39 58:37.164,,0,75 09:21.596,3,0,0,0,67301,0,0,0,N,0,0,0,2,67301,0,,1,,99,N,N,N,0,,1,0,0,,2,,,2,1,0,0,0,0,0,2,0,2,,3,,N,,,,,,,,,,,1,0,1,0,0,0,0,0,0,0,0,0,0,0,0,0,0,0,0,0,0,0,0,0,0,0,0,0,0,0,0,0,0,0,0,0,0,0,0,0,0,0,0,0,0,0,0,0,0,0,0,0,0,0,0,0,0,0,1,1,1,0,0,0,0,0,0,1,1,0,0,0,0,0,1,0,0,0,0,0,0,0,0,0,0,0,0,0,0,0,0,0,0,0,0,0,0,0,0,1,0,0,0,0,0,0,0,0,0,1,0,0,0,0,0,0,0,0,0,0,0,1,0,1,0,0,0,0,0
-8368134.897,4857652.059,21052,2022080473,2020,2,0,0,0,0,0,0,0,0,5,0,,67,8,2022,3,39.942919,-75.172233,2006,6,0,0,0,0,0,0,0,0,,0,0,0,,,0,N,0,,39 56:34.510,,0,75 10:20.040,0,0,0,0,67301,0,0,0,N,0,0,0,1,67301,0,,6,,9,N,N,N,0,,0,0,0,,0,,,2,0,0,0,0,0,0,2,0,2,,4,,N,,,,,,,,,,,0,0,0,0,0,0,0,0,0,0,0,0,0,0,0,0,0,0,0,0,0,0,0,0,0,0,0,0,0,0,0,0,0,0,0,0,0,0,0,0,0,0,1,0,0,0,0,0,0,0,0,0,0,0,0,1,0,0,0,0,0,0,0,0,0,0,0,1,1,0,0,0,0,0,1,0,1,0,0,0,0,0,0,0,1,0,0,0,0,0,0,0,0,0,0,0,0,0,0,0,0,0,0,0,0,0,0,0,0,0,0,0,0,0,0,0,0,0,0,0,0,1,1,1,0,0,1,0,0
-8366517.09,4866264.609,21053,2022094637,1320,0,0,0,0,0,0,1,0,0,1,1,,67,10,2022,4,40.00221,-75.1577,1310,6,0,0,0,0,0,1,0,0,,0,0,0,,,4,,1,,40 00:07.957,,0,75 09:27.721,4,0,0,0,67301,0,0,0,N,0,0,0,5,67508,2,,1,,1,N,N,N,1,,0,0,0,,2,N,,2,4,1,0,0,2,0,2,0,2,,3,,N,,,,,,,,,,,0,0,0,0,0,0,0,0,0,0,0,1,0,0,0,0,0,1,0,0,0,0,0,0,1,0,0,0,0,0,0,0,0,0,0,0,0,0,0,0,0,0,0,0,0,0,0,0,0,0,0,0,0,0,0,0,0,0,1,1,1,0,0,0,0,0,0,1,0,0,0,0,0,0,1,0,0,0,0,0,0,0,0,1,0,0,0,0,0,1,0,0,0,0,0,0,0,0,0,1,0,0,0,0,0,0,1,0,0,0,0,0,0,0,0,0,0,1,0,0,0,1,0,0,0,0,0,0,0
-8363789.985,4869453.196,21054,2022093417,353,0,0,0,0,0,0,0,0,0,4,0,,67,10,2022,1,40.024148,-75.133202,350,6,0,0,0,0,0,0,0,0,,0,0,0,,,1,,2,,40 01:26.931,3,0,75 07:59.528,3,0,0,0,67301,0,0,0,N,0,0,0,2,67301,0,,1,415,1,N,N,N,0,,1,0,1,,2,Y,,2,1,0,0,0,0,0,2,0,2,,3,,N,,,,,,,,,,,1,0,1,0,0,0,0,0,0,0,0,0,0,0,0,0,0,0,0,0,0,0,0,0,0,0,0,0,0,0,0,0,0,0,0,0,0,0,0,0,0,0,0,0,0,1,0,0,0,0,0,0,0,0,0,1,0,0,1,1,1,0,0,0,0,0,0,1,0,0,0,0,0,0,1,1,0,0,0,0,1,0,0,0,0,0,0,0,0,0,0,1,0,0,0,0,0,0,0,1,0,0,0,0,0,0,1,0,0,1,0,0,0,0,0,0,0,0,0,0,0,1,0,1,0,0,0,0,0
-8375759.394,4860422.639,21055,2022087022,1540,1,0,0,0,0,0,1,0,0,4,1,,67,9,2022,6,39.961998,-75.240725,1525,6,0,0,0,0,0,1,0,0,,0,0,0,,,1,,1,,39 57:43.192,,1,75 14:26.610,4,0,0,0,67301,0,0,0,N,0,0,0,2,67508,1,,1,,1,N,N,Y,0,,0,0,0,,2,,,2,1,0,0,0,0,0,2,0,2,,3,,N,,,,,,,,,,,1,0,1,0,0,0,0,0,0,0,0,1,0,0,0,0,0,0,0,0,0,0,0,0,1,0,0,0,0,0,0,0,0,0,0,0,0,0,0,0,0,0,1,0,0,0,0,0,0,0,0,0,0,0,0,0,0,0,1,1,1,0,0,0,1,0,0,1,0,0,0,0,0,0,1,0,0,0,0,0,0,0,0,1,0,0,0,0,0,0,0,0,0,0,0,0,0,0,0,1,0,0,0,0,0,0,1,0,0,0,0,0,0,0,0,0,0,0,0,0,0,1,0,0,0,0,0,0,0