X,Y,objectid,crn,arrival_tm,automobile_count,belted_death_count,belted_susp_serious_inj_count,bicycle_count,bicycle_death_count,bicycle_susp_serious_inj_count,bus_count,chldpas_death_count,chldpas_susp_serious_inj_count,collision_type,comm_veh_count,cons_zone_spd_lim,county,crash_month,crash_year,day_of_week,dec_latitude,dec_longitude,dispatch_tm,district,driver_count_16yr,driver_count_17yr,driver_count_18yr,driver_count_19yr,driver_count_20yr,driver_count_50_64yr,driver_count_65_74yr,driver_count_75plus,est_hrs_closed,fatal_count,heavy_truck_count,horse_buggy_count,hour_of_day,illumination,injury_count,intersection_related_x,intersect_type,lane_closed,latitude,ln_close_dir,location_type,longitude,max_severity_level,mcycle_death_count,mcycle_susp_serious_inj_count,motorcycle_count,municipality,nonmotr_count,nonmotr_death_count,nonmotr_susp_serious_inj_count,ntfy_hiwy_maint,ped_count,ped_death_count,ped_susp_serious_inj_count,person_count,police_agcy,possible_inj_count,rdwy_surf_type_cd,relation_to_road,roadway_cleared,road_condition,sch_bus_ind,sch_zone_ind,secondary_crash,small_truck_count,spec_juris_cd,susp_minor_inj_count,susp_serious_inj_count,suv_count,tcd_func_cd,tcd_type,tfc_detour_ind,time_of_day,total_units,tot_inj_count,unbelted_occ_count,unb_death_count,unb_susp_serious_inj_count,unk_inj_deg_count,unk_inj_per_count,urban_rural,van_count,vehicle_count,weather1,weather2,workers_pres,work_zone_ind,work_zone_loc,work_zone_type,wz_close_detour,wz_flagger,wz_law_offcr_ind,wz_ln_closure,wz_moving,wz_other,wz_shlder_mdn,wz_workers_inj_killed,aggressive_driving,alcohol_related,angle_crash,atv,atv_route,backup_congestion,backup_nonrecurring,backup_prior,bicycle,cell_phone,child_passenger,comm_vehicle,core_network,cross_median,curved_road,curve_dvr_error,deer_related,distracted,drinking_driver,driver_16yr,driver_17yr,driver_18yr,driver_19yr,driver_20yr,driver_50_64yr,driver_65_74yr,driver_75plus,drugged_driver,drug_related,fatal,fatal_or_susp_serious_inj,fatigue_asleep,federal_aid_route,fire_in_vehicle,hazardous_truck,hit_barrier,hit_bridge,hit_deer,hit_embankment,hit_fixed_object,hit_gdrail,hit_gdrail_end,hit_parked_vehicle,hit_pole,hit_roadway_equipment,hit_run,hit_temp_construction_barrier,hit_traffic_island,hit_tree_shrub,hit_utility_pole,horse_buggy,ho_oppdir_sdswp,hvy_truck_related,icy_road,illegal_drug_related,illumination_dark,impaired_driver,impaired_nonmotorist,injury,injury_or_fatal,intersection,intersection_related_y,interstate,lane_departure,left_turn,limit_65mph,limit_70mph,local_road,local_road_only,marijuana_drugged_driver,marijuana_related,mature_driver,mc_drinking_driver,motorcycle,multiple_vehicle,nhtsa_agg_driving,non_intersection,no_clearance,opioid_related,other_freeway_expressway,overturned,pedestrian,phantom_vehicle,possible_injury,property_damage_only,psp_reported,ramp,ramp_segment,ramp_terminal,rear_end,roundabout,running_red_lt,running_stop_sign,rural,school_bus,school_bus_related,school_bus_unit,school_zone,shldr_related,signalized_int,single_vehicle,snowmobile,snow_slush_road,speeding,speeding_related,speed_change_lane,state_road,stop_controlled_int,sudden_deer,suspected_minor_injury,suspected_serious_injury,sv_run_off_rd,tailgating,train,train_trolley,trolley,turnpike,unbelted,underage_drnk_drv,unlicensed,unsignalized_int,urban,vehicle_failure,vehicle_towed,vulnerable_road_user,vulnerable_road_user_fatal,wet_road,work_zone,young_driver
-8355945.187,4870210.452,23128,2022118347,,0,0,0,0,0,0,0,0,0,1,0,,67,12,2022,6,40.029357,-75.062731,,6,0,0,0,0,0,0,0,0,,0,0,0,,,4,,5,,40 01:45.685,,0,75 03:45.831,8,0,0,0,67301,0,0,0,N,0,0,0,5,0,0,,1,,1,,,N,0,,0,0,0,,0,,,2,4,1,0,0,4,0,2,2,2,,,,N,,,,,,,,,,,1,0,0,0,0,0,0,0,0,0,0,0,0,0,0,0,0,0,0,0,0,0,0,0,0,0,0,0,0,0,0,0,0,0,0,0,0,0,0,0,0,0,0,0,0,0,0,0,0,0,0,0,0,0,0,0,0,0,1,1,1,0,0,0,0,0,0,1,0,0,0,0,0,0,1,0,0,0,0,0,0,0,0,0,0,0,0,0,0,1,0,0,0,0,0,0,0,0,0,0,0,0,0,0,0,0,1,0,0,0,0,0,0,0,0,0,0,1,0,0,1,1,0,0,0,0,0,0,0
-8364138.303,4863703.058,23129,2022124511,1905,1,0,0,0,0,0,0,0,0,4,0,,67,12,2022,5,39.984581,-75.136331,1904,6,0,0,0,0,0,0,0,0,,0,0,0,,,0,N,0,,39 59:04.490,2,0,75 08:10.790,0,0,0,0,67301,0,0,0,N,0,0,0,2,67301,0,,1,1934,9,N,N,N,1,,0,0,0,,0,N,,2,0,0,0,0,0,0,2,0,2,,7,,N,,,,,,,,,,,0,0,1,0,0,0,0,0,0,0,0,0,0,0,0,0,0,0,0,0,0,0,0,0,0,0,0,0,0,0,0,0,0,0,0,0,0,0,0,0,0,0,0,0,0,0,0,0,0,0,0,0,0,0,0,1,0,0,0,0,0,0,0,0,0,0,0,1,1,0,0,0,0,0,1,0,1,0,0,0,0,0,0,0,1,0,0,0,0,0,0,0,0,0,0,0,0,0,0,0,0,0,0,0,0,0,0,0,0,0,0,0,0,0,0,0,0,0,0,0,0,1,1,1,0,0,1,0,0
-8347149.052,4875294.234,23130,2022091859,741,0,0,0,0,0,0,0,0,0,1,0,,67,10,2022,2,40.064317,-74.983714,738,6,1,0,0,0,0,0,0,0,,0,0,0,,,1,N,0,,40 03:51.542,,0,74 59:01.371,8,0,0,0,67301,0,0,0,N,0,0,0,4,67301,0,,1,,9,N,N,N,0,,0,0,3,,0,,,3,1,0,0,0,1,0,2,0,3,,7,,N,,,,,,,,,,,0,0,0,0,0,0,0,0,0,0,0,0,0,0,0,0,0,0,0,1,0,0,0,0,0,0,0,0,0,0,0,0,0,0,0,0,0,0,0,0,0,0,0,0,0,0,0,0,0,0,0,0,0,0,0,0,0,0,1,1,0,0,0,0,0,0,0,0,0,0,0,0,0,0,1,0,1,0,0,0,0,0,0,0,0,0,0,0,0,1,0,0,0,0,0,0,0,0,0,0,0,0,0,0,0,0,1,0,0,0,0,0,0,0,0,0,0,0,0,0,0,1,0,0,0,0,1,0,1
-8370698.697,4872067.271,23131,2022124829,100,1,0,0,0,0,0,0,0,0,7,0,,67,12,2022,1,40.042128,-75.195264,50,6,0,0,0,0,0,0,0,0,,0,0,0,,,0,N,0,,40 02:31.660,,0,75 11:42.950,0,0,0,0,67301,0,0,0,N,0,0,0,1,67301,0,,5,,1,N,N,N,0,,0,0,0,,0,,,1,0,0,0,0,0,0,2,0,1,,,,N,,,,,,,,,,,0,0,0,0,0,0,0,0,0,0,0,0,0,0,1,0,0,0,0,0,0,0,0,0,0,0,0,0,0,0,0,0,0,0,0,0,0,0,0,1,0,0,0,0,0,0,0,0,0,0,0,0,0,0,0,1,0,0,0,0,0,0,0,1,0,0,0,1,1,0,0,0,0,0,0,0,1,0,0,0,0,0,0,0,1,0,0,0,0,0,0,0,0,0,0,0,0,0,0,0,1,0,0,0,0,0,0,0,0,0,0,1,0,0,0,0,0,0,0,0,0,1,0,1,0,0,0,0,0
-8366236.565,4857776.492,23132,2022093129,1125,0,0,0,0,0,0,0,0,0,8,0,,67,10,2022,4,39.943776,-75.15518,1118,6,0,0,0,0,0,0,0,0,,0,0,0,,,1,,2,,39 56:37.593,,0,75 09:18.647,3,0,0,0,67301,1,0,0,N,1,0,0,2,67301,0,,1,,9,N,N,N,0,,1,0,1,,0,,,2,1,1,0,0,0,0,2,0,1,,4,,N,,,,,,,,,,,0,0,0,0,0,0,0,0,0,0,0,0,0,0,0,0,0,0,0,0,0,0,0,0,0,0,0,0,0,0,0,0,0,0,0,0,0,0,0,0,0,0,0,0,0,0,0,0,0,0,0,0,0,0,0,0,0,0,1,1,1,0,0,0,0,0,0,1,1,0,0,0,0,0,0,0,0,0,0,0,0,1,0,0,0,0,0,0,0,0,0,0,0,0,0,0,0,0,0,0,1,0,0,0,0,0,0,0,0,1,0,0,0,0,0,0,0,1,0,0,1,1,0,0,1,0,1,0,0
-8367561.824,4856658.822,23133,2022124320,804,1,0,0,0,0,0,0,0,0,5,1,,67,12,2022,4,39.936078,-75.167085,801,6,0,0,0,0,0,0,1,0,,0,1,0,,,0,N,0,,39 56:09.881,,0,75 10:01.507,0,0,0,0,67301,0,0,0,N,0,0,0,1,67301,0,,6,,1,N,N,N,0,,0,0,0,,0,,,2,0,0,0,0,0,0,2,0,2,,,,N,,,,,,,,,,,0,0,0,0,0,0,0,0,0,0,0,1,0,0,0,0,0,0,0,0,0,0,0,0,0,1,0,0,0,0,0,0,0,0,0,0,0,0,0,0,0,0,1,0,0,0,0,0,0,0,0,0,1,0,0,0,0,0,0,0,0,0,0,0,0,0,0,0,0,0,0,1,0,0,1,0,1,0,0,0,0,0,0,0,1,0,0,0,0,0,0,0,0,0,0,0,0,0,0,0,0,0,0,0,0,0,1,0,0,0,0,0,0,0,0,0,0,0,0,0,0,1,0,1,0,0,0,0,0
-8366903.035,4858361.657,23134,2022118344,,1,0,0,0,0,0,0,0,0,1,0,,67,10,2022,5,39.947806,-75.161167,,6,0,0,0,0,0,0,0,0,,0,0,0,,,1,N,0,,39 56:52.100,,0,75 09:40.200,8,0,0,0,67301,0,0,0,N,0,0,0,2,0,0,,1,,1,,,N,0,,0,0,0,,0,,,2,1,0,0,0,1,0,2,0,2,,,,N,,,,,,,,,,,1,0,0,0,0,0,0,0,0,0,0,0,0,0,0,0,0,0,0,0,0,0,0,0,0,0,0,0,0,0,0,0,0,0,0,0,0,0,0,0,0,0,0,0,0,1,0,0,0,0,0,0,0,0,0,1,0,0,1,1,0,0,0,0,0,0,0,1,1,0,0,0,0,0,1,0,1,0,0,0,0,0,0,0,0,0,0,0,0,1,0,0,0,0,0,0,0,0,0,0,0,0,0,0,0,0,0,0,0,0,0,0,1,0,0,0,0,0,0,0,0,1,0,0,0,0,0,0,0
-8366516.422,4853996.405,23135,2022093795,358,3,0,0,0,0,0,0,0,0,4,0,,67,10,2022,1,39.917737,-75.157694,354,6,0,0,0,0,0,1,0,0,,0,0,0,,,1,,1,,39 55:03.853,,0,75 09:27.698,4,0,0,0,67301,0,0,0,N,0,0,0,2,67301,1,,1,,9,N,N,N,0,,0,0,0,,3,,,3,1,1,0,0,0,0,2,0,3,,4,,N,,,,,,,,,,,1,0,1,0,0,0,0,0,0,0,0,0,0,0,0,0,0,0,0,0,0,0,0,0,1,0,0,0,0,0,0,0,0,0,0,0,0,0,0,0,0,0,1,0,0,1,0,0,0,0,0,0,0,0,0,1,0,0,1,1,1,0,0,0,0,0,0,1,1,0,0,0,0,0,1,0,0,0,0,0,0,0,0,1,0,0,0,0,0,0,0,0,0,0,0,0,0,0,0,0,0,0,0,0,0,0,0,1,0,0,0,0,0,0,0,0,0,1,0,0,1,1,0,1,0,0,1,0,0
-8365597.48,4860329.979,23136,2022091218,235,0,0,0,1,0,0,0,0,0,8,0,,67,10,2022,1,39.96136,-75.149439,217,6,0,0,0,0,0,0,0,0,,0,0,0,,,1,N,0,,39 57:40.896,,0,75 08:57.982,8,0,0,0,67301,1,0,0,N,0,0,0,2,67301,0,,1,,9,N,N,N,0,,0,0,0,,0,,,2,1,0,0,0,1,1,2,0,1,,7,,N,,,,,,,,,,,0,0,0,0,0,0,0,0,1,0,0,0,0,0,0,0,0,0,0,0,0,0,0,0,0,0,0,0,0,0,0,0,0,0,0,0,0,0,0,0,0,0,0,0,0,1,0,0,0,0,0,0,0,0,0,1,0,0,1,1,0,0,0,0,0,0,0,0,0,0,0,0,0,0,0,0,1,0,0,0,0,0,0,0,0,0,0,0,0,0,0,0,0,0,0,0,0,0,0,0,1,0,0,0,0,0,1,0,0,0,0,0,0,0,0,0,0,0,0,0,0,1,0,0,1,0,1,0,0
-8368090.481,4868438.72,23137,2022090816,1831,1,0,0,0,0,0,0,0,0,5,0,,67,10,2022,1,40.017169,-75.171834,1825,6,0,0,0,0,0,1,0,0,,0,0,0,,,1,N,0,,40 01:01.807,,0,75 10:18.601,3,0,0,0,67301,0,0,0,N,0,0,0,2,67301,0,,1,,9,N,N,N,0,,1,0,1,,0,,,2,1,0,0,0,0,1,2,0,2,,7,,N,,,,,,,,,,,0,0,0,0,0,0,0,0,0,0,0,0,0,0,0,0,0,0,0,0,0,0,0,0,1,0,0,0,0,0,0,0,0,0,0,0,0,0,0,0,0,0,0,0,0,0,0,0,0,0,0,0,0,0,0,0,0,0,1,1,0,0,0,1,0,0,0,0,0,0,0,0,0,0,1,0,1,0,0,0,0,0,0,0,0,0,0,0,0,0,0,0,0,0,0,0,0,0,0,0,0,0,0,0,0,0,1,0,0,1,0,0,0,0,0,0,0,0,0,0,0,1,0,1,0,0,1,0,0
-8354592.877,4874484.668,23138,2022091316,1700,1,0,0,0,0,0,0,0,0,4,0,,67,10,2022,2,40.058751,-75.050583,1658,6,0,0,0,0,0,0,0,0,,0,0,0,,,0,,1,,40 03:31.504,,0,75 03:02.099,0,0,0,0,67301,0,0,0,N,0,0,0,2,67301,0,,1,,9,N,N,N,1,,0,0,0,,3,,,2,0,0,0,0,0,0,2,0,2,,,,N,,,,,,,,,,,1,0,1,0,0,0,0,0,0,0,0,0,0,0,0,0,0,0,0,0,0,0,0,0,0,0,0,0,0,0,0,0,0,0,0,0,0,0,0,0,0,0,0,0,0,0,0,0,0,0,0,0,0,0,0,0,0,0,0,0,1,0,0,0,0,0,0,1,0,0,0,0,0,0,1,0,0,0,0,0,0,0,0,0,1,0,0,0,0,0,0,0,1,0,0,0,0,0,0,0,0,0,0,0,0,0,1,1,0,0,0,0,0,0,0,0,0,0,0,0,1,1,0,1,0,0,1,0,0
-8369231.84,4866722.239,23139,2023001275,,1,0,0,0,0,0,0,0,0,4,0,,67,12,2022,6,40.005359,-75.182087,,6,0,0,0,0,0,0,0,0,,0,0,0,,,2,N,0,,40 00:19.293,,0,75 10:55.514,8,0,0,0,67301,0,0,0,N,0,0,0,3,0,0,,1,,1,,,N,0,,0,0,0,,0,,,2,2,0,0,0,2,0,2,0,2,,,,N,,,,,,,,,,,1,0,1,0,0,0,0,0,0,0,0,0,0,0,0,0,0,0,0,0,0,0,0,0,0,0,0,0,0,0,0,0,0,0,0,0,0,0,0,0,0,0,0,0,0,1,0,0,0,0,0,0,0,0,0,1,0,0,1,1,0,0,0,0,0,0,0,0,0,0,0,0,0,0,1,0,1,0,0,0,0,0,0,0,0,0,0,0,0,0,0,0,0,0,0,0,0,0,0,0,0,0,0,0,0,0,1,0,0,0,0,0,0,0,0,0,0,0,0,0,0,1,0,0,0,0,0,0,0
-8366299.349,4857404.067,23140,2022091318,420,1,0,0,0,0,0,0,0,0,5,0,,67,10,2022,2,39.941211,-75.155744,415,6,0,0,0,0,0,0,0,0,,0,0,0,,,0,N,0,,39 56:28.360,,0,75 09:20.680,0,0,0,0,67301,0,0,0,N,0,0,0,1,67301,0,,6,,9,N,N,N,0,,0,0,2,,0,,,3,0,1,0,0,0,0,2,0,3,,7,,N,,,,,,,,,,,1,0,0,0,0,0,0,0,0,0,0,0,0,0,0,0,0,0,0,0,0,0,0,0,0,0,0,0,0,0,0,0,0,0,0,0,0,0,0,0,0,0,1,0,0,0,0,0,0,0,0,0,0,0,0,1,0,0,0,0,0,0,0,0,0,0,0,1,1,0,0,0,0,0,1,0,1,0,0,0,0,0,0,0,1,0,0,0,0,0,0,0,0,0,0,0,0,0,0,0,0,0,0,0,1,0,0,0,0,0,0,0,0,0,0,0,0,1,0,0,0,1,0,1,0,0,1,0,0
-8370992.024,4869703.379,23141,2022122917,1435,0,0,0,0,0,0,0,0,0,6,1,,67,12,2022,5,40.025869,-75.197899,1425,6,0,0,0,0,0,1,0,0,,0,0,0,,,1,N,0,,40 01:33.128,5,0,75 11:52.438,8,0,0,0,67301,0,0,0,N,0,0,0,2,67301,0,,1,1800,9,N,N,N,1,,0,0,1,,0,Y,,2,1,1,0,0,1,0,2,0,2,,7,,N,,,,,,,,,,,0,0,0,0,0,0,0,0,0,0,0,1,0,0,0,0,0,0,0,0,0,0,0,0,1,0,0,0,0,0,0,0,0,0,0,0,0,0,0,0,0,0,0,0,0,1,0,0,0,0,0,1,0,0,0,0,0,0,1,1,0,0,0,1,0,0,0,0,0,0,0,0,0,0,1,0,1,0,0,0,0,0,0,0,0,0,0,0,0,0,0,0,0,0,0,0,0,0,0,0,0,0,0,0,0,0,1,0,0,0,0,0,0,0,0,0,0,1,0,0,0,1,0,1,0,0,1,0,0
-8365584.566,4856029.335,23142,2022090912,945,1,0,0,0,0,0,0,0,0,4,0,,67,10,2022,1,39.931742,-75.149323,940,6,0,0,0,0,0,0,0,0,,0,0,0,,,1,,1,,39 55:54.270,,0,75 08:57.561,3,0,0,0,67301,0,0,0,N,0,0,0,3,67301,0,,1,,9,N,N,N,0,,1,0,2,,2,,,3,1,0,0,0,0,1,2,0,3,,,,N,,,,,,,,,,,0,0,1,0,0,0,0,0,0,0,0,0,0,0,0,0,0,0,0,0,0,0,0,0,0,0,0,0,0,0,0,0,0,0,0,0,0,0,0,0,0,0,1,0,0,0,0,0,0,0,0,0,0,0,0,0,0,0,1,1,1,0,0,0,0,0,0,1,1,0,0,0,0,0,1,0,0,0,0,0,0,0,0,0,0,0,0,0,0,0,0,0,0,0,0,0,0,0,0,1,0,0,0,0,0,0,0,0,0,1,0,0,0,0,0,0,0,0,0,0,0,1,0,1,0,0,1,0,0
-8368357.536,4862942.668,23143,2022112406,40,1,0,0,0,0,0,0,0,0,5,0,,67,10,2022,1,39.979347,-75.174233,36,6,0,0,0,0,0,0,0,0,,0,0,0,,,0,N,0,,39 58:45.650,,0,75 10:27.240,9,0,0,0,67301,0,0,0,N,0,0,0,1,67301,0,,6,,1,N,N,N,0,,0,0,1,,0,,,2,0,0,0,0,0,1,2,0,2,,3,,N,,,,,,,,,,,0,0,0,0,0,0,0,0,0,0,0,0,0,0,0,0,0,0,0,0,0,0,0,0,0,0,0,0,0,0,0,0,0,0,0,0,0,0,0,0,0,0,1,0,0,1,0,0,0,0,0,0,0,0,0,1,0,0,0,0,0,0,0,0,0,0,0,1,1,0,0,0,0,0,1,0,1,0,0,0,0,0,0,0,0,0,0,0,0,0,0,0,0,0,0,0,0,0,0,0,0,0,0,0,0,0,0,0,0,0,0,0,0,0,0,0,0,0,0,0,0,1,0,1,0,0,0,0,0
-8366939.214,4856817.943,23144,2022124319,835,2,0,0,0,0,0,0,0,0,4,0,,67,12,2022,7,39.937174,-75.161492,835,6,0,0,0,1,0,1,0,0,,0,0,0,,,1,,1,,39 56:13.826,3,0,75 09:41.371,8,0,0,0,67301,0,0,0,N,0,0,0,2,67301,0,,1,836,99,N,N,N,0,,0,0,0,,2,Y,,2,1,1,0,0,1,1,2,0,2,,,,N,,,,,,,,,,,1,0,1,0,0,0,0,0,0,0,0,0,0,0,0,0,0,0,0,0,0,0,1,0,1,0,0,0,0,0,0,0,0,0,0,0,0,0,0,0,0,0,0,0,0,0,0,0,0,0,0,0,0,0,0,0,0,0,1,1,1,0,0,0,1,0,0,1,1,0,0,0,0,0,1,0,0,0,0,0,0,0,0,0,0,0,0,0,0,0,0,0,0,0,0,0,0,0,0,1,0,0,0,0,0,0,0,0,0,0,0,0,0,0,0,0,0,1,0,0,0,1,0,1,0,0,0,0,1
-8375497.793,4857210.527,23145,2022090891,1300,0,0,0,0,0,0,0,0,0,7,0,,67,10,2022,1,39.939878,-75.238375,1253,6,0,0,0,0,0,0,0,0,,0,0,0,,,1,N,0,,39 56:23.560,,0,75 14:18.150,3,0,0,0,67301,0,0,0,N,0,0,0,2,67301,0,,4,,9,N,N,N,0,,1,0,1,,0,,,1,1,0,0,0,0,0,2,0,1,,,,N,,,,,,,,,,,0,0,0,0,0,0,0,0,0,0,0,0,0,0,0,0,0,0,0,0,0,0,0,0,0,0,0,0,0,0,0,0,0,0,0,0,0,0,0,1,1,0,0,0,0,0,0,0,0,0,0,0,0,0,0,0,0,0,1,1,0,0,0,1,0,0,0,1,1,0,0,0,0,0,0,0,1,0,0,0,0,0,0,0,0,0,0,0,0,0,0,0,0,0,0,0,0,0,0,0,1,0,0,0,0,0,0,0,0,1,0,1,0,0,0,0,0,0,0,0,0,1,0,1,0,0,1,0,0
-8370538.396,4852257.749,23146,2023007894,,2,0,0,0,0,0,0,0,0,1,0,,67,10,2022,4,39.905757,-75.193824,,6,0,0,0,0,0,0,0,0,,0,0,0,,,1,,1,,39 54:20.725,,0,75 11:37.765,8,0,0,0,67301,0,0,0,N,0,0,0,2,0,0,,1,,1,,,N,0,,0,0,0,,2,,,2,1,1,0,0,1,0,2,0,2,,,,N,,,,,,,,,,,1,0,0,0,0,0,0,0,0,0,0,0,0,0,0,0,0,0,0,0,0,0,0,0,0,0,0,0,0,0,0,0,0,0,0,0,0,0,0,0,0,0,0,0,0,0,0,0,0,0,0,0,0,0,0,0,0,0,1,1,1,0,0,0,0,0,0,1,0,0,0,0,0,0,1,0,0,0,0,0,0,0,0,0,0,0,0,0,0,1,0,0,0,0,0,0,0,0,0,1,0,0,0,0,0,0,1,0,0,0,0,0,0,0,0,0,0,1,0,0,0,1,0,0,0,0,0,0,0
-8372752.876,4866975.986,23147,2022095496,330,2,0,0,0,0,0,0,0,0,1,0,,67,10,2022,1,40.007105,-75.213717,326,6,0,0,0,0,0,0,0,0,,0,0,0,,,0,,1,,40 00:25.579,,0,75 12:49.382,9,0,0,0,67301,0,0,0,N,0,0,0,3,67301,0,,1,,9,N,N,N,0,,0,0,1,,2,,,3,0,1,0,0,0,1,2,0,3,,7,,N,,,,,,,,,,,0,0,0,0,0,0,0,0,0,0,0,0,1,0,0,0,0,0,0,0,0,0,0,0,0,0,0,0,0,0,0,0,0,0,0,0,0,0,0,0,0,0,0,0,0,0,0,0,0,0,0,0,0,0,0,1,0,0,0,0,1,0,0,0,0,0,0,1,0,0,0,0,0,0,1,0,0,0,0,0,0,0,0,0,0,0,0,0,0,1,0,0,0,0,0,0,0,0,0,1,0,0,0,0,0,0,1,0,0,0,0,0,0,0,0,0,0,1,0,0,0,1,0,1,0,0,1,0,0
-8371260.861,4875076.054,23148,2022091557,1420,1,0,0,0,0,0,0,0,0,6,0,,67,10,2022,2,40.062817,-75.200314,1415,6,0,0,0,0,0,0,0,0,,0,0,0,,,0,N,0,,40 03:46.140,,0,75 12:01.130,0,0,0,0,67301,0,0,0,N,0,0,0,2,67301,0,,1,,9,N,N,N,0,,0,0,1,,0,,,2,0,0,0,0,0,0,2,0,2,,4,,N,,,,,,,,,,,0,0,0,0,0,0,0,0,0,0,0,0,0,0,1,0,0,0,0,0,0,0,0,0,0,0,0,0,0,0,0,0,0,0,0,0,0,0,0,0,0,0,0,0,0,0,0,0,0,0,0,1,0,0,0,0,0,0,0,0,0,0,0,1,0,0,0,1,1,0,0,0,0,0,1,0,1,0,0,0,0,0,0,0,1,0,0,0,0,0,0,0,0,0,0,0,0,0,0,0,0,0,0,0,0,0,0,0,0,0,0,0,0,0,0,0,0,0,0,0,0,1,0,1,0,0,1,0,0
-8366841.253,4859547.047,23149,2022093291,1735,0,0,0,0,0,0,0,0,0,4,0,,67,10,2022,3,39.955969,-75.160612,1730,6,0,0,0,0,0,0,0,0,,0,0,0,,,1,,1,,39 57:21.490,,0,75 09:38.204,3,0,0,1,67301,0,0,0,N,0,0,0,2,67301,0,,1,,9,N,N,N,0,,1,0,1,,2,,,2,1,1,0,0,0,0,2,0,2,,,,N,,,,,,,,,,,1,0,1,0,0,0,0,0,0,0,0,0,0,0,0,0,0,0,0,0,0,0,0,0,0,0,0,0,0,0,0,0,0,0,0,0,0,0,0,0,0,0,0,0,0,0,0,0,0,0,0,0,0,0,0,1,0,0,1,1,1,0,0,0,1,0,0,1,1,0,0,0,0,1,1,0,0,0,0,0,0,0,0,0,0,0,0,0,0,0,0,0,0,0,0,0,0,0,0,1,0,0,0,0,0,0,0,0,0,1,0,0,0,0,0,0,0,1,0,0,0,1,0,0,0,0,1,0,0
-8366597.129,4862432.626,23150,2022122785,1715,2,0,0,0,0,0,0,0,0,4,0,,67,9,2022,6,39.975836,-75.158419,1712,6,0,0,0,1,0,0,0,0,,0,0,0,,,3,,1,,39 58:33.009,,0,75 09:30.309,3,0,0,0,67301,0,0,0,N,0,0,0,4,67301,2,,1,,1,N,N,N,0,,1,0,0,,2,,,2,3,0,0,0,0,0,2,0,2,,3,,N,,,,,,,,,,,0,0,1,0,0,0,0,0,0,0,0,0,0,0,0,0,0,0,0,0,0,0,1,0,0,0,0,0,0,0,0,0,0,0,0,0,0,0,0,0,0,0,0,0,0,0,0,0,0,0,0,0,0,0,0,0,0,0,1,1,1,0,0,0,1,0,0,1,0,0,0,0,0,0,1,0,0,0,0,0,0,0,0,1,0,0,0,0,0,0,0,0,0,0,0,0,0,0,0,1,0,0,0,0,0,0,1,0,0,1,0,0,0,0,0,0,0,0,0,0,0,1,0,1,0,0,0,0,1
-8364538.386,4869013.756,23151,2022091066,2102,0,0,0,0,0,0,0,0,0,4,0,,67,10,2022,1,40.021125,-75.139925,2102,6,0,0,0,0,0,0,0,0,,0,0,0,,,2,,1,,40 01:16.051,,0,75 08:23.731,4,0,0,0,67301,0,0,0,N,0,0,0,2,67301,1,,1,,9,N,N,N,0,,0,0,1,,2,,,2,2,0,0,0,1,0,2,0,2,,7,,N,,,,,,,,,,,1,0,1,0,0,0,0,0,0,0,0,0,1,0,0,0,0,0,0,0,0,0,0,0,0,0,0,0,0,0,0,0,0,0,0,0,0,0,0,0,0,0,0,0,0,0,0,0,0,0,0,0,0,0,0,1,0,0,1,1,1,0,0,0,1,0,0,1,0,0,0,0,0,0,1,0,0,0,0,0,0,0,0,1,0,0,0,0,0,0,0,0,0,0,0,0,0,0,0,1,0,0,0,0,0,0,1,0,0,0,0,0,0,0,0,0,0,0,0,0,0,1,0,1,0,0,1,0,0
-8366546.368,4873100.878,23152,2022121504,,1,0,0,0,0,0,0,0,0,5,0,,67,9,2022,2,40.049236,-75.157963,,6,0,0,0,0,0,0,0,0,,0,0,0,,,1,N,0,,40 02:57.249,,0,75 09:28.667,8,0,0,0,67301,0,0,0,N,0,0,0,2,0,0,,1,,1,,,N,0,,0,0,1,,0,,,2,1,1,0,0,1,0,2,0,2,,,,N,,,,,,,,,,,1,0,0,0,0,0,0,0,0,0,0,0,0,0,0,0,0,0,0,0,0,0,0,0,0,0,0,0,0,0,0,0,0,0,0,0,0,0,0,0,0,0,0,0,0,0,0,0,0,0,0,0,0,0,0,0,0,0,1,1,0,0,0,0,0,0,0,1,1,0,0,0,0,0,1,0,1,0,0,0,0,0,0,0,0,0,0,0,0,0,0,0,0,0,0,0,0,0,0,0,0,0,0,0,0,0,0,0,0,0,0,0,0,0,0,0,0,1,0,0,0,1,0,1,0,0,0,0,0
-8366346.327,4874231.455,23153,2022090304,156,0,0,0,0,0,0,0,0,0,4,0,,67,10,2022,7,40.05701,-75.156166,153,6,0,0,0,0,0,0,0,0,,0,0,0,,,0,,1,,40 03:25.235,,0,75 09:22.197,9,0,0,0,67301,0,0,0,N,0,0,0,2,67301,0,,1,,9,N,N,N,0,,0,0,1,,3,,,2,0,0,0,0,0,1,2,0,2,,7,,N,,,,,,,,,,,1,0,1,0,0,0,0,0,0,0,0,0,0,0,0,0,0,0,0,0,0,0,0,0,0,0,0,0,0,0,0,0,0,0,0,0,0,0,0,0,0,0,0,0,0,1,0,0,0,0,0,0,0,0,0,1,0,0,0,0,1,0,0,0,0,0,0,1,1,0,0,0,0,0,1,0,0,0,0,0,0,0,0,0,0,0,0,0,0,0,0,0,0,0,0,0,0,0,0,0,0,0,0,0,1,0,0,1,0,0,0,0,0,0,0,0,0,0,0,0,1,1,0,1,0,0,1,0,0