X,Y,objectid,crn,arrival_tm,automobile_count,belted_death_count,belted_susp_serious_inj_count,bicycle_count,bicycle_death_count,bicycle_susp_serious_inj_count,bus_count,chldpas_death_count,chldpas_susp_serious_inj_count,collision_type,comm_veh_count,cons_zone_spd_lim,county,crash_month,crash_year,day_of_week,dec_latitude,dec_longitude,dispatch_tm,district,driver_count_16yr,driver_count_17yr,driver_count_18yr,driver_count_19yr,driver_count_20yr,driver_count_50_64yr,driver_count_65_74yr,driver_count_75plus,est_hrs_closed,fatal_count,heavy_truck_count,horse_buggy_count,hour_of_day,illumination,injury_count,intersection_related_x,intersect_type,lane_closed,latitude,ln_close_dir,location_type,longitude,max_severity_level,mcycle_death_count,mcycle_susp_serious_inj_count,motorcycle_count,municipality,nonmotr_count,nonmotr_death_count,nonmotr_susp_serious_inj_count,ntfy_hiwy_maint,ped_count,ped_death_count,ped_susp_serious_inj_count,person_count,police_agcy,possible_inj_count,rdwy_surf_type_cd,relation_to_road,roadway_cleared,road_condition,sch_bus_ind,sch_zone_ind,secondary_crash,small_truck_count,spec_juris_cd,susp_minor_inj_count,susp_serious_inj_count,suv_count,tcd_func_cd,tcd_type,tfc_detour_ind,time_of_day,total_units,tot_inj_count,unbelted_occ_count,unb_death_count,unb_susp_serious_inj_count,unk_inj_deg_count,unk_inj_per_count,urban_rural,van_count,vehicle_count,weather1,weather2,workers_pres,work_zone_ind,work_zone_loc,work_zone_type,wz_close_detour,wz_flagger,wz_law_offcr_ind,wz_ln_closure,wz_moving,wz_other,wz_shlder_mdn,wz_workers_inj_killed,aggressive_driving,alcohol_related,angle_crash,atv,atv_route,backup_congestion,backup_nonrecurring,backup_prior,bicycle,cell_phone,child_passenger,comm_vehicle,core_network,cross_median,curved_road,curve_dvr_error,deer_related,distracted,drinking_driver,driver_16yr,driver_17yr,driver_18yr,driver_19yr,driver_20yr,driver_50_64yr,driver_65_74yr,driver_75plus,drugged_driver,drug_related,fatal,fatal_or_susp_serious_inj,fatigue_asleep,federal_aid_route,fire_in_vehicle,hazardous_truck,hit_barrier,hit_bridge,hit_deer,hit_embankment,hit_fixed_object,hit_gdrail,hit_gdrail_end,hit_parked_vehicle,hit_pole,hit_roadway_equipment,hit_run,hit_temp_construction_barrier,hit_traffic_island,hit_tree_shrub,hit_utility_pole,horse_buggy,ho_oppdir_sdswp,hvy_truck_related,icy_road,illegal_drug_related,illumination_dark,impaired_driver,impaired_nonmotorist,injury,injury_or_fatal,intersection,intersection_related_y,interstate,lane_departure,left_turn,limit_65mph,limit_70mph,local_road,local_road_only,marijuana_drugged_driver,marijuana_related,mature_driver,mc_drinking_driver,motorcycle,multiple_vehicle,nhtsa_agg_driving,non_intersection,no_clearance,opioid_related,other_freeway_expressway,overturned,pedestrian,phantom_vehicle,possible_injury,property_damage_only,psp_reported,ramp,ramp_segment,ramp_terminal,rear_end,roundabout,running_red_lt,running_stop_sign,rural,school_bus,school_bus_related,school_bus_unit,school_zone,shldr_related,signalized_int,single_vehicle,snowmobile,snow_slush_road,speeding,speeding_related,speed_change_lane,state_road,stop_controlled_int,sudden_deer,suspected_minor_injury,suspected_serious_injury,sv_run_off_rd,tailgating,train,train_trolley,trolley,turnpike,unbelted,underage_drnk_drv,unlicensed,unsignalized_int,urban,vehicle_failure,vehicle_towed,vulnerable_road_user,vulnerable_road_user_fatal,wet_road,work_zone,young_driver
-8376590.617,4861012.753,24349,2023005424,,3,0,0,0,0,0,0,0,0,4,0,,67,1,2023,3,39.966061,-75.248192,,6,0,0,0,0,0,0,0,0,,0,0,0,,,0,,2,,39 57:57.819,,0,75 14:53.491,9,0,0,0,67301,0,0,0,N,0,0,0,1,67301,0,,1,,1,N,N,N,0,,0,0,0,,3,,,3,0,0,0,0,0,1,2,0,3,,3,,N,,,,,,,,,,,0,0,1,0,0,0,0,0,0,0,0,0,0,0,0,0,0,0,0,0,0,0,0,0,0,0,0,0,0,0,0,0,0,0,0,0,0,0,0,0,0,0,1,0,0,1,0,0,0,0,0,0,0,0,0,1,0,0,0,0,1,0,0,0,1,0,0,1,1,0,0,0,0,0,1,0,0,0,0,0,0,0,0,0,0,0,0,0,0,0,0,0,0,0,0,0,0,0,0,0,0,0,0,0,0,0,0,1,0,0,0,0,0,0,0,0,0,0,0,0,1,1,0,1,0,0,0,0,0
-8370282.807,4859507.111,24350,2023004731,,0,0,0,0,0,0,0,0,0,8,0,,67,1,2023,7,39.955694,-75.191528,,6,0,0,0,0,0,0,1,0,,0,0,0,,,1,Y,0,,39 57:20.500,2,0,75 11:29.500,8,0,0,0,67301,1,0,0,N,1,0,0,2,67507,0,,1,1710,1,N,N,N,0,,0,0,1,,0,N,,2,1,0,0,0,1,0,2,0,1,,3,,N,,,,,,,,,,,0,0,0,0,0,0,0,0,0,0,0,0,0,0,0,0,0,0,0,0,0,0,0,0,0,1,0,0,0,0,0,0,0,0,0,0,0,0,0,0,0,0,0,0,0,0,0,0,0,0,0,0,0,0,0,0,0,0,1,1,0,0,0,0,0,0,0,1,1,0,0,1,0,0,0,0,1,0,0,0,0,1,0,0,0,0,0,0,0,0,0,0,0,0,0,0,0,0,0,0,1,0,0,0,0,0,0,0,0,0,0,0,0,0,0,0,0,0,0,0,0,1,0,0,1,0,0,0,0
-8374240.216,4854834.058,24351,2023024786,,1,0,0,0,0,0,0,0,0,8,0,,67,3,2023,5,39.923508,-75.227078,,6,0,0,0,0,0,0,0,0,,0,0,0,,,1,N,0,,39 55:24.630,,0,75 13:37.480,3,0,0,0,67301,1,0,0,N,1,0,0,2,67301,0,,1,,1,N,Y,N,0,,1,0,0,,0,,,2,1,0,0,0,0,0,2,0,1,,3,,N,,,,,,,,,,,0,0,0,0,0,0,0,0,0,0,0,0,0,0,0,0,0,0,0,0,0,0,0,0,0,0,0,0,0,0,0,0,0,0,0,0,0,0,0,0,0,0,0,0,0,0,0,0,0,0,0,0,0,0,0,0,0,0,1,1,0,0,0,0,0,0,0,1,1,0,0,0,0,0,0,0,1,0,0,0,0,1,0,0,0,0,0,0,0,0,0,0,0,0,0,0,0,1,0,0,1,0,0,0,0,0,0,0,0,1,0,0,0,0,0,0,0,0,0,0,0,1,0,0,1,0,0,0,0
-8375394.266,4859905.901,24352,2023005958,,2,0,0,0,0,0,0,0,0,4,0,,67,1,2023,1,39.95844,-75.237445,,6,0,0,0,0,0,0,0,0,,0,0,0,,,1,,1,,39 57:30.385,1,0,75 14:14.802,4,0,0,0,67301,0,0,0,N,0,0,0,3,67301,1,,1,235,1,N,N,N,0,,0,0,0,,2,N,,2,1,1,0,0,0,0,2,0,2,,3,,N,,,,,,,,,,,1,0,1,0,0,0,0,0,0,0,0,0,0,0,0,0,0,1,0,0,0,0,0,0,0,0,0,0,0,0,0,0,0,0,0,0,0,0,0,0,0,0,0,1,0,1,0,0,0,0,0,0,0,0,0,1,0,0,1,1,1,0,0,0,0,0,0,1,0,0,0,0,0,0,1,0,0,0,0,0,0,0,0,1,0,0,0,0,0,0,0,1,0,0,0,0,0,0,0,1,0,0,0,0,0,0,1,0,0,0,0,0,0,0,0,0,0,1,0,0,0,1,0,1,0,0,0,0,0
-8365389.646,4869734.053,24353,2023004896,,0,0,0,0,0,0,0,0,0,8,0,,67,1,2023,5,40.02608,-75.147572,,6,0,0,0,0,0,1,0,0,,0,0,0,,,1,,1,,40 01:33.889,,0,75 08:51.258,3,0,0,0,67301,1,0,0,N,1,0,0,2,67301,0,,1,,99,N,N,N,0,,1,0,1,,2,,,2,1,0,0,0,0,0,2,0,1,,3,,N,,,,,,,,,,,1,0,0,0,0,0,0,0,0,0,0,0,0,0,0,0,0,0,0,0,0,0,0,0,1,0,0,0,0,0,0,0,0,0,0,0,0,0,0,0,0,0,0,0,0,0,0,0,0,0,0,0,0,0,0,0,0,0,1,1,1,0,0,0,1,0,0,1,0,0,0,0,0,0,0,0,0,0,0,0,0,1,0,0,0,0,0,0,0,0,0,0,0,0,0,0,0,0,0,1,1,0,0,0,0,0,1,0,0,1,0,0,0,0,0,0,0,0,0,0,0,1,0,0,1,0,0,0,0
-8375581.728,4858747.187,24354,2023005960,,3,0,0,0,0,0,0,0,0,4,0,,67,1,2023,2,39.950461,-75.239129,,6,0,0,0,0,0,0,0,0,,0,0,0,,,2,,1,,39 57:01.659,6,0,75 14:20.864,3,0,0,0,67301,0,0,0,N,0,0,0,3,67301,0,,1,652,1,N,N,N,0,,1,0,1,,3,Y,,4,2,1,0,0,1,0,2,0,4,,3,,N,,,,,,,,,,,1,0,1,0,0,0,0,0,0,0,0,0,0,0,0,0,0,0,0,0,0,0,0,0,0,0,0,0,0,0,0,0,0,0,0,0,0,0,0,0,0,0,1,0,0,1,0,0,0,0,0,0,0,0,0,0,0,0,1,1,1,0,0,0,0,0,0,1,1,0,0,0,0,0,1,0,0,0,0,0,0,0,0,0,0,0,0,0,0,0,0,0,1,0,0,0,0,0,0,0,0,0,0,0,0,0,0,1,0,1,0,0,0,0,0,0,0,1,0,0,1,1,0,1,0,0,0,0,0
-8366046.653,4853522.816,24355,2023003531,,2,0,0,0,0,0,0,0,0,5,0,,67,1,2023,2,39.914474,-75.153474,,6,0,0,0,0,0,0,0,0,,0,0,0,,,1,N,0,,39 54:52.108,,0,75 09:12.506,8,0,0,0,67301,0,0,0,N,0,0,0,5,67301,0,,1,,1,N,N,N,0,,0,0,0,,0,,,2,1,1,0,0,1,0,2,0,2,,3,,N,,,,,,,,,,,0,0,0,0,0,0,0,0,0,0,1,0,0,0,0,0,0,0,0,0,0,0,0,0,0,0,0,0,0,0,0,0,0,0,0,0,0,0,0,0,0,0,0,0,0,0,0,0,0,0,0,0,0,0,0,0,0,0,1,1,0,0,0,0,0,0,0,0,0,0,0,0,0,0,1,0,1,0,0,0,0,0,0,0,0,0,0,0,0,0,0,0,0,0,0,0,0,0,0,0,0,0,0,0,0,0,1,0,0,0,0,0,0,0,0,0,0,1,0,0,0,1,0,0,0,0,0,0,0
-8362031.025,4865502.716,24356,2023006312,,1,0,0,0,0,0,0,0,0,4,0,,67,1,2023,1,39.996967,-75.117401,,6,0,0,0,0,0,0,0,0,,0,0,0,,,1,,1,,39 59:49.080,,0,75 07:02.645,3,0,0,0,67301,0,0,0,N,0,0,0,3,67301,0,,1,,99,N,N,N,0,,1,0,1,,2,,,2,1,1,0,0,0,0,2,0,2,,,,N,,,,,,,,,,,0,0,1,0,0,0,0,0,0,0,0,0,0,0,0,0,0,0,0,0,0,0,0,0,0,0,0,0,0,0,0,0,0,0,0,0,0,0,0,0,0,0,0,0,0,0,0,0,0,0,0,0,0,0,0,0,0,0,1,1,1,0,0,0,1,0,0,1,0,0,0,0,0,0,1,0,0,0,0,0,0,0,0,0,0,0,0,0,0,0,0,0,0,0,0,0,0,0,0,1,0,0,0,0,0,0,1,0,0,1,0,0,0,0,0,0,0,1,0,0,0,1,0,1,0,0,0,0,0
-8366486.144,4874346.352,24357,2023003271,,2,0,0,0,0,0,0,0,0,5,0,,67,1,2023,2,40.0578,-75.157422,,6,0,0,0,0,0,0,0,0,,0,0,0,,,0,N,0,,40 03:28.080,,0,75 09:26.720,0,0,0,0,67301,0,0,0,N,0,0,0,1,67301,0,,6,,1,N,N,N,0,,0,0,1,,0,,,3,0,0,0,0,0,0,2,0,3,,3,,N,,,,,,,,,,,0,0,0,0,0,0,0,0,0,0,0,0,0,0,0,0,0,0,0,0,0,0,0,0,0,0,0,0,0,0,0,0,0,0,0,0,0,0,0,0,0,0,1,0,0,0,0,0,0,0,0,0,0,0,0,0,0,0,0,0,0,0,0,0,0,0,0,1,1,0,0,0,0,0,1,0,1,0,0,0,0,0,0,0,1,0,0,0,0,0,0,0,0,0,0,0,0,0,0,0,0,0,0,0,0,0,0,0,0,0,0,0,0,0,0,0,0,0,0,0,0,1,0,1,0,0,0,0,0
-8362921.804,4872519.497,24358,2023023505,,0,0,0,0,0,0,0,0,0,4,0,,67,3,2023,1,40.045238,-75.125403,,6,0,0,0,0,0,0,0,0,,0,0,0,,,0,N,0,,40 02:42.856,,0,75 07:31.451,9,0,0,0,67301,0,0,0,N,0,0,0,1,67301,0,,1,,1,N,N,N,0,,0,0,2,,0,,,2,0,1,0,0,0,1,2,0,2,,3,,N,,,,,,,,,,,0,0,1,0,0,0,0,0,0,0,0,0,0,0,0,0,0,0,0,0,0,0,0,0,0,0,0,0,0,0,0,0,0,0,0,0,0,0,0,0,0,0,1,0,0,1,0,0,0,0,0,0,0,0,0,1,0,0,0,0,0,0,0,0,0,0,0,0,0,0,0,0,0,0,1,0,1,0,0,0,0,0,0,0,0,0,0,0,0,0,0,0,0,0,0,0,0,0,0,0,0,0,0,0,0,0,1,0,0,0,0,0,0,0,0,0,0,1,0,0,0,1,0,1,0,0,0,0,0
-8357230.037,4870872.097,24359,2023007859,,1,0,0,0,0,0,0,0,0,4,0,,67,1,2023,2,40.033908,-75.074273,,6,0,0,0,0,0,1,0,0,,0,0,0,,,2,,1,,40 02:02.069,1,0,75 04:27.384,4,0,0,0,67301,0,0,0,N,0,0,0,2,67301,2,,1,1900,1,N,N,N,0,,0,0,1,,2,N,,2,2,0,0,0,0,0,2,0,2,,,,N,,,,,,,,,,,1,0,1,0,0,0,0,0,0,0,0,0,0,0,0,0,0,0,0,0,0,0,0,0,1,0,0,0,0,0,0,0,0,0,0,0,0,0,0,0,0,0,0,1,0,0,0,0,0,1,0,0,0,0,0,1,0,0,1,1,1,0,0,0,0,0,0,1,0,0,0,0,0,0,1,0,0,0,0,0,0,0,0,1,0,0,0,0,0,0,0,1,0,0,0,0,0,0,0,1,0,0,0,0,0,0,1,0,0,0,0,0,0,0,0,0,0,0,0,0,0,1,0,1,0,0,0,0,0
-8347337.071,4878814.42,24360,2023004331,,1,0,0,0,0,0,0,0,0,7,0,,67,1,2023,5,40.088514,-74.985403,,6,0,0,0,1,0,0,0,0,,0,0,0,,,1,N,0,,40 05:18.650,,0,74 59:07.450,8,0,0,0,67301,0,0,0,N,0,0,0,1,67301,0,,4,,9,N,N,N,0,,0,0,0,,0,,,1,1,0,0,0,1,0,2,0,1,,7,,N,,,,,,,,,,,1,0,0,0,0,0,0,0,0,0,0,0,0,0,1,0,0,0,0,0,0,0,1,0,0,0,0,0,0,0,0,0,0,0,0,0,0,0,0,1,0,0,0,1,0,0,0,0,0,1,0,0,0,0,0,0,0,0,1,1,0,0,0,1,0,0,0,0,0,0,0,0,0,0,0,0,1,0,0,0,0,0,0,0,0,0,0,0,0,0,0,0,0,0,0,0,0,0,0,0,1,0,0,0,1,0,1,0,0,0,0,1,0,0,0,0,0,0,0,0,0,1,1,1,0,0,1,0,1
-8347415.551,4878667.897,24361,2023023877,,5,0,0,0,0,0,0,0,0,1,0,,67,3,2023,2,40.087507,-74.986108,,6,0,1,0,0,0,1,0,0,,0,0,0,,,1,N,0,,40 05:15.026,,0,74 59:09.989,3,0,0,0,67301,0,0,0,N,0,0,0,2,67301,0,,1,,1,N,Y,N,0,,1,0,0,,8,,,5,1,0,0,0,0,0,2,0,5,,3,,N,,,,,,,,,,,0,0,0,0,0,0,0,0,0,0,0,0,0,0,0,0,0,1,0,0,1,0,0,0,1,0,0,0,0,0,0,0,0,0,0,0,0,0,0,0,0,0,1,0,0,0,0,0,0,0,0,0,0,0,0,0,0,0,1,1,0,0,0,0,0,0,0,0,0,0,0,0,0,0,1,0,1,0,0,0,0,0,0,0,0,0,0,0,0,1,0,0,0,0,0,0,0,1,0,0,0,0,0,0,0,0,1,0,0,1,0,0,0,0,0,0,0,0,0,0,0,1,0,0,0,0,0,0,1
-8364771.712,4865972.662,24362,2023005147,,1,0,0,0,0,0,0,0,0,5,0,,67,1,2023,3,40.000201,-75.142021,,6,0,0,0,0,0,0,0,0,,0,0,0,,,0,N,0,,40 00:00.724,,0,75 08:31.275,9,0,0,0,67301,0,0,0,N,0,0,0,1,67301,0,,6,,1,N,N,N,0,,0,0,3,,0,,,4,0,0,0,0,0,1,2,0,4,,,,N,,,,,,,,,,,0,0,0,0,0,0,0,0,0,0,0,0,0,0,0,0,0,0,0,0,0,0,0,0,0,0,0,0,0,0,0,0,0,0,0,0,0,0,0,0,0,0,1,0,0,1,0,0,0,0,0,0,0,0,0,0,0,0,0,0,0,0,0,0,0,0,0,0,0,0,0,0,0,0,1,0,1,0,0,0,0,0,0,0,0,0,0,0,0,0,0,0,0,0,0,0,0,0,0,0,0,0,0,0,0,0,1,0,0,0,0,0,0,0,0,0,0,0,0,0,0,1,0,1,0,0,0,0,0
-8367718.117,4865785.058,24363,2023005437,,0,0,0,0,0,0,0,0,0,8,0,,67,1,2023,6,39.99891,-75.168489,,6,0,0,0,0,0,1,0,0,,0,0,0,,,1,,1,,39 59:56.076,,0,75 10:06.560,3,0,0,0,67301,1,0,0,N,1,0,0,2,67301,0,,1,,9,N,N,N,0,,1,0,1,,2,,,2,1,0,0,0,0,0,2,0,1,,7,,N,,,,,,,,,,,0,0,0,0,0,0,0,0,0,0,0,0,0,0,0,0,0,0,0,0,0,0,0,0,1,0,0,0,0,0,0,0,0,0,0,0,0,0,0,0,0,0,0,0,0,0,0,0,0,0,0,0,0,0,0,1,0,0,1,1,1,0,0,0,1,0,0,1,1,0,0,0,0,0,0,0,0,0,0,0,0,1,0,0,0,0,0,0,0,0,0,0,0,0,0,0,0,0,0,1,1,0,0,0,0,0,0,0,0,1,0,0,0,0,0,0,0,0,0,0,0,1,0,0,1,0,1,0,0
-8369938.83,4871030.427,24364,2023024325,,2,0,0,0,0,0,0,0,0,4,0,,67,3,2023,4,40.034997,-75.188438,,6,0,0,0,0,0,1,0,0,,0,0,0,,,4,,2,,40 02:05.989,1,0,75 11:18.376,2,0,0,0,67301,0,0,0,N,0,0,0,4,67301,1,,1,840,1,N,N,N,0,,1,1,0,,0,N,,2,4,0,0,0,1,0,2,0,2,,3,,N,,,,,,,,,,,1,0,1,0,0,0,0,0,0,0,0,0,0,0,1,0,0,0,0,0,0,0,0,0,1,0,0,0,0,0,1,0,0,0,0,0,0,0,0,0,0,0,0,0,0,0,0,0,0,0,0,0,0,0,0,0,0,0,1,1,1,0,0,0,1,0,0,1,1,0,0,0,0,0,1,0,0,0,0,0,0,0,0,1,0,0,0,0,0,0,0,0,0,0,0,0,0,0,0,0,0,0,0,0,0,0,0,0,0,1,1,0,0,0,0,0,0,0,0,0,1,1,0,1,0,0,0,0,0
-8367227.643,4865483.244,24365,2023006188,,1,0,0,0,0,0,0,0,0,5,0,,67,1,2023,3,39.996833,-75.164083,,6,0,0,0,0,0,0,0,0,,0,0,0,,,0,N,0,,39 59:48.600,,0,75 09:50.700,9,0,0,0,67301,0,0,0,N,0,0,0,1,67301,0,,6,,1,N,N,N,1,,0,0,2,,0,,,5,0,0,0,0,0,1,2,1,5,,3,,N,,,,,,,,,,,0,0,0,0,0,0,0,0,0,0,0,0,0,0,0,0,0,1,0,0,0,0,0,0,0,0,0,0,0,0,0,0,0,0,0,0,0,0,0,0,0,0,1,0,0,1,0,0,0,0,0,0,0,0,0,1,0,0,0,0,0,0,0,0,0,0,0,1,1,0,0,0,0,0,1,0,1,0,0,0,0,0,0,0,0,0,0,0,0,0,0,0,0,0,0,0,0,0,0,0,0,0,0,0,0,0,0,0,0,0,0,0,0,0,0,0,0,0,0,0,0,1,0,1,0,0,0,0,0
-8368464.737,4869641.596,24366,2023023205,,1,0,0,0,0,0,1,0,0,4,1,,67,2,2023,6,40.025444,-75.175196,,6,0,0,0,0,0,1,0,0,,0,0,0,,,1,,1,,40 01:31.598,,0,75 10:30.705,8,0,0,0,67301,0,0,0,N,0,0,0,2,67508,0,,1,,1,N,N,N,0,,0,0,0,,3,,,2,1,1,0,0,1,1,2,0,2,,3,,N,,,,,,,,,,,0,0,1,0,0,0,0,0,0,0,0,1,0,0,0,0,0,0,0,0,0,0,0,0,1,0,0,0,0,0,0,0,0,0,0,0,0,0,0,0,0,0,0,0,0,0,0,0,0,0,0,0,0,0,0,0,0,0,1,1,1,0,0,0,0,0,0,1,1,0,0,0,0,0,1,0,0,0,0,0,0,0,0,0,0,0,0,0,0,0,0,0,0,0,0,0,0,0,0,0,0,0,0,0,0,0,0,1,0,0,0,0,0,0,0,0,0,1,0,0,1,1,0,0,0,0,0,0,0
-8364503.654,4864546.471,24367,2023006919,,2,0,0,0,0,0,0,0,0,4,0,,67,1,2023,2,39.990386,-75.139613,,6,0,0,0,0,0,0,0,0,,0,0,0,,,2,,1,,39 59:25.389,7,0,75 08:22.606,3,0,0,0,67301,0,0,0,N,0,0,0,4,67301,0,,1,1234,1,N,N,N,0,,2,0,3,,3,Y,,6,2,0,0,0,0,0,2,1,6,,,,N,,,,,,,,,,,0,0,1,0,0,0,0,0,0,0,1,0,0,0,0,0,0,0,0,0,0,0,0,0,0,0,0,0,0,0,0,0,0,0,0,0,0,0,0,0,0,0,1,0,0,0,0,0,0,0,0,0,0,0,0,0,0,0,1,1,1,0,0,0,0,0,0,1,1,0,0,0,0,0,1,0,0,0,0,0,0,0,0,0,0,0,0,0,0,0,0,0,0,0,0,0,0,0,0,0,0,0,0,0,0,0,0,1,0,1,0,0,0,0,0,0,0,0,0,0,1,1,0,1,0,0,0,0,0
-8370979.111,4857877.841,24368,2023007864,,1,0,0,1,0,0,0,0,0,8,0,,67,1,2023,3,39.944474,-75.197783,,6,0,0,0,0,0,0,0,0,,0,0,0,,,1,,2,,39 56:40.108,,0,75 11:52.020,3,0,0,0,67301,1,0,0,N,0,0,0,2,67301,0,,1,,1,N,N,N,0,,1,0,0,,0,,,2,1,1,0,0,0,0,2,0,1,,3,,N,,,,,,,,,,,1,0,0,0,0,0,0,0,1,0,0,0,0,0,0,0,0,0,0,0,0,0,0,0,0,0,0,0,0,0,0,0,0,0,0,0,0,0,0,0,0,0,0,0,0,1,0,0,0,0,0,0,0,0,0,0,0,0,1,1,1,0,0,0,0,0,0,1,0,0,0,0,0,0,0,0,0,0,0,0,0,0,0,0,0,0,0,0,0,0,0,0,0,0,0,0,0,0,0,0,1,0,0,0,0,0,1,0,0,1,0,0,0,0,0,0,0,1,0,0,1,1,0,0,1,0,0,0,0
-8371088.204,4859210.715,24369,2023004671,,1,0,0,0,0,0,0,0,0,4,0,,67,1,2023,5,39.953653,-75.198763,,6,0,0,0,0,0,0,1,0,,0,0,0,,,0,,1,,39 57:13.151,,0,75 11:55.547,0,0,0,0,67301,0,0,0,N,0,0,0,2,67301,0,,1,,1,N,N,N,0,,0,0,1,,2,,,2,0,0,0,0,0,0,2,0,2,,3,,N,,,,,,,,,,,0,0,1,0,0,0,0,0,0,0,0,0,0,0,0,0,0,0,0,0,0,0,0,0,0,1,0,0,0,0,0,0,0,0,0,0,0,0,0,0,0,0,0,0,0,0,0,0,0,0,0,0,0,0,0,0,0,0,0,0,1,0,0,0,1,0,0,0,0,0,0,1,0,0,1,0,0,0,0,0,0,0,0,0,1,0,0,0,0,0,0,0,0,0,0,0,0,0,0,1,0,0,0,0,0,0,1,0,0,0,0,0,0,0,0,0,0,0,0,0,0,1,0,1,0,0,0,0,0
-8371934.233,4868096.417,24370,2023023052,,2,0,0,0,0,0,0,0,0,2,0,,67,3,2023,7,40.014814,-75.206363,,6,0,0,0,0,0,1,1,0,,0,0,0,,,2,,2,,40 00:53.329,,0,75 12:22.905,3,0,0,0,67301,0,0,0,N,0,0,0,8,67301,1,,1,,1,N,N,N,0,,1,0,0,,0,,,2,2,0,0,0,0,1,2,0,2,,3,,N,,,,,,,,,,,0,0,0,0,0,0,0,0,0,0,0,0,0,1,0,0,0,0,0,0,0,0,0,0,1,1,0,0,0,0,0,0,0,0,0,0,0,0,0,0,0,0,0,0,0,0,0,0,0,0,0,1,0,0,0,1,0,0,1,1,1,0,0,0,0,0,0,0,0,0,0,1,0,0,1,0,0,0,0,0,0,0,0,1,0,0,1,0,1,0,0,0,0,0,0,0,0,0,0,0,0,0,0,0,0,0,1,0,0,1,0,0,0,0,0,0,0,0,0,0,1,1,0,1,0,0,0,0,0
-8368862.148,4871102.978,24371,2023006907,,2,0,0,0,0,0,0,0,0,4,0,,67,1,2023,3,40.035496,-75.178766,,6,0,0,0,0,0,1,0,0,,0,0,0,,,1,,1,,40 02:07.785,,0,75 10:43.557,8,0,0,0,67301,0,0,0,N,0,0,0,3,67301,0,,1,,1,N,N,N,0,,0,0,1,,2,,,3,1,2,0,0,1,0,2,0,3,,3,,N,,,,,,,,,,,1,0,1,0,0,0,0,0,0,0,0,0,0,0,0,0,0,0,0,0,0,0,0,0,1,0,0,0,0,0,0,0,0,0,0,0,0,0,0,0,0,0,0,0,0,1,0,0,0,0,0,0,0,0,0,0,0,0,1,1,1,0,0,0,0,0,0,1,1,0,0,0,0,0,1,0,0,0,0,0,0,0,0,0,0,0,0,0,0,0,0,1,0,0,0,0,0,0,0,1,0,0,0,0,0,0,0,0,0,0,0,0,0,0,0,0,0,1,0,0,0,1,0,1,0,0,0,0,0
-8355160.941,4871322.815,24372,2023004221,,1,0,0,0,0,0,0,0,0,1,0,,67,1,2023,4,40.037008,-75.055686,,6,0,0,0,0,0,0,0,0,,0,0,0,,,0,N,0,,40 02:13.230,,0,75 03:20.470,0,0,0,0,67301,0,0,0,N,0,0,0,1,67301,0,,6,,1,N,N,N,1,,0,0,0,,0,,,2,0,1,0,0,0,0,2,0,2,,3,,N,,,,,,,,,,,0,0,0,0,0,0,0,0,0,0,0,0,0,0,0,0,0,0,0,0,0,0,0,0,0,0,0,0,0,0,0,0,0,0,0,0,0,0,0,0,0,0,1,0,0,1,0,0,0,0,0,0,0,0,0,0,0,0,0,0,0,0,0,0,0,0,0,1,1,0,0,0,0,0,1,0,1,0,0,0,0,0,0,0,1,0,0,0,0,1,0,0,0,0,0,0,0,0,0,0,0,0,0,0,0,0,0,0,0,0,0,0,0,0,0,0,0,1,0,0,0,1,0,1,0,0,0,0,0
-8358600.825,4875111.981,24373,2023005844,,0,0,0,0,0,0,0,0,0,4,0,,67,1,2023,3,40.063064,-75.086587,,6,0,0,0,0,0,0,0,0,,0,0,0,,,0,,2,,40 03:47.032,,7,75 05:11.714,0,0,0,0,67301,0,0,0,N,0,0,0,2,67301,0,,1,,1,N,N,N,0,,0,0,2,,1,,,2,0,0,0,0,0,0,2,0,2,,3,,N,,,,,,,,,,,0,0,1,0,0,0,0,0,0,0,0,0,0,0,0,0,0,0,0,0,0,0,0,0,0,0,0,0,0,0,0,0,0,0,0,0,0,0,0,0,0,0,0,0,0,0,0,0,0,0,0,0,0,0,0,0,0,0,0,0,1,0,0,0,0,0,0,1,0,0,0,0,0,0,1,0,0,0,0,0,0,0,0,0,1,0,0,0,0,0,0,0,0,0,0,0,0,0,0,1,0,0,0,0,0,0,1,0,0,0,0,0,0,0,0,0,0,0,0,0,0,1,0,1,0,0,0,0,0
-8356116.396,4868569.249,24374,2023007860,,0,0,0,0,0,0,0,0,0,2,0,,67,1,2023,3,40.018067,-75.064269,,6,0,0,0,0,1,0,0,0,,0,0,0,,,4,N,0,,40 01:05.042,1,0,75 03:51.368,2,0,0,0,67301,0,0,0,N,0,0,0,6,67301,0,,1,2225,1,N,N,N,0,,3,1,2,,0,Y,,2,4,0,0,0,0,0,2,0,2,,3,,N,,,,,,,,,,,0,0,0,0,0,0,0,0,0,0,0,0,0,1,1,0,0,0,0,0,0,0,0,1,0,0,0,0,0,0,1,0,0,0,0,0,0,0,0,0,0,0,0,0,0,0,0,0,0,0,0,1,0,0,0,1,0,0,1,1,0,0,0,1,0,0,0,0,0,0,0,0,0,0,1,0,1,0,0,0,0,0,0,0,0,0,0,0,0,0,0,0,0,0,0,0,0,0,0,0,0,0,0,0,0,0,1,0,0,1,1,0,0,0,0,0,0,0,0,0,0,1,0,1,0,0,0,0,1