X,Y,objectid,crn,arrival_tm,automobile_count,belted_death_count,belted_susp_serious_inj_count,bicycle_count,bicycle_death_count,bicycle_susp_serious_inj_count,bus_count,chldpas_death_count,chldpas_susp_serious_inj_count,collision_type,comm_veh_count,cons_zone_spd_lim,county,crash_month,crash_year,day_of_week,dec_latitude,dec_longitude,dispatch_tm,district,driver_count_16yr,driver_count_17yr,driver_count_18yr,driver_count_19yr,driver_count_20yr,driver_count_50_64yr,driver_count_65_74yr,driver_count_75plus,est_hrs_closed,fatal_count,heavy_truck_count,horse_buggy_count,hour_of_day,illumination,injury_count,intersection_related_x,intersect_type,lane_closed,latitude,ln_close_dir,location_type,longitude,max_severity_level,mcycle_death_count,mcycle_susp_serious_inj_count,motorcycle_count,municipality,nonmotr_count,nonmotr_death_count,nonmotr_susp_serious_inj_count,ntfy_hiwy_maint,ped_count,ped_death_count,ped_susp_serious_inj_count,person_count,police_agcy,possible_inj_count,rdwy_surf_type_cd,relation_to_road,roadway_cleared,road_condition,sch_bus_ind,sch_zone_ind,secondary_crash,small_truck_count,spec_juris_cd,susp_minor_inj_count,susp_serious_inj_count,suv_count,tcd_func_cd,tcd_type,tfc_detour_ind,time_of_day,total_units,tot_inj_count,unbelted_occ_count,unb_death_count,unb_susp_serious_inj_count,unk_inj_deg_count,unk_inj_per_count,urban_rural,van_count,vehicle_count,weather1,weather2,workers_pres,work_zone_ind,work_zone_loc,work_zone_type,wz_close_detour,wz_flagger,wz_law_offcr_ind,wz_ln_closure,wz_moving,wz_other,wz_shlder_mdn,wz_workers_inj_killed,aggressive_driving,alcohol_related,angle_crash,atv,atv_route,backup_congestion,backup_nonrecurring,backup_prior,bicycle,cell_phone,child_passenger,comm_vehicle,core_network,cross_median,curved_road,curve_dvr_error,deer_related,distracted,drinking_driver,driver_16yr,driver_17yr,driver_18yr,driver_19yr,driver_20yr,driver_50_64yr,driver_65_74yr,driver_75plus,drugged_driver,drug_related,fatal,fatal_or_susp_serious_inj,fatigue_asleep,federal_aid_route,fire_in_vehicle,hazardous_truck,hit_barrier,hit_bridge,hit_deer,hit_embankment,hit_fixed_object,hit_gdrail,hit_gdrail_end,hit_parked_vehicle,hit_pole,hit_roadway_equipment,hit_run,hit_temp_construction_barrier,hit_traffic_island,hit_tree_shrub,hit_utility_pole,horse_buggy,ho_oppdir_sdswp,hvy_truck_related,icy_road,illegal_drug_related,illumination_dark,impaired_driver,impaired_nonmotorist,injury,injury_or_fatal,intersection,intersection_related_y,interstate,lane_departure,left_turn,limit_65mph,limit_70mph,local_road,local_road_only,marijuana_drugged_driver,marijuana_related,mature_driver,mc_drinking_driver,motorcycle,multiple_vehicle,nhtsa_agg_driving,non_intersection,no_clearance,opioid_related,other_freeway_expressway,overturned,pedestrian,phantom_vehicle,possible_injury,property_damage_only,psp_reported,ramp,ramp_segment,ramp_terminal,rear_end,roundabout,running_red_lt,running_stop_sign,rural,school_bus,school_bus_related,school_bus_unit,school_zone,shldr_related,signalized_int,single_vehicle,snowmobile,snow_slush_road,speeding,speeding_related,speed_change_lane,state_road,stop_controlled_int,sudden_deer,suspected_minor_injury,suspected_serious_injury,sv_run_off_rd,tailgating,train,train_trolley,trolley,turnpike,unbelted,underage_drnk_drv,unlicensed,unsignalized_int,urban,vehicle_failure,vehicle_towed,vulnerable_road_user,vulnerable_road_user_fatal,wet_road,work_zone,young_driver
-8374735.922,4860026.297,28001,2023101423,912,1,0,0,0,0,0,1,0,0,5,1,,67,10,2023,6,39.959269,-75.231531,905,6,0,0,0,0,0,1,1,0,,0,0,0,,,2,N,0,,39 57:33.369,,0,75 13:53.513,8,0,0,0,67301,0,0,0,N,0,0,0,4,67508,0,,1,,1,N,N,N,0,,0,0,0,,0,,,3,2,0,0,0,2,1,2,1,3,3,3,,N,,,,,,,,,,,0,0,0,0,0,0,0,0,0,0,0,1,0,0,0,0,0,0,0,0,0,0,0,0,1,1,0,0,0,0,0,0,0,0,0,0,0,0,0,0,0,0,1,0,0,0,0,0,0,0,0,0,0,0,0,0,0,0,1,1,0,0,0,0,0,0,0,0,0,0,0,1,0,0,1,0,1,0,0,0,0,0,0,0,0,0,0,0,0,0,0,0,0,0,0,0,0,0,0,0,0,0,0,0,0,0,1,0,0,0,0,0,0,0,0,0,0,0,0,0,0,1,0,0,0,0,0,0,0
-8363313.203,4865961.327,28002,2023098067,,1,0,0,0,0,0,0,0,0,4,0,,67,2,2023,6,40.000123,-75.128919,,6,0,0,0,0,0,0,0,0,,0,0,0,,,1,,1,,40 00:00.442,,0,75 07:44.108,8,0,0,0,67301,0,0,0,N,0,0,0,2,0,0,,1,,1,,,N,0,,0,0,1,,2,,,2,1,1,0,0,1,0,2,0,2,3,,,N,,,,,,,,,,,1,0,1,0,0,0,0,0,0,0,0,0,0,0,0,0,0,0,0,0,0,0,0,0,0,0,0,0,0,0,0,0,0,0,0,0,0,0,0,0,0,0,0,0,0,0,0,0,0,0,0,0,0,0,0,0,0,0,1,1,1,0,0,0,0,0,0,1,1,0,0,0,0,0,1,0,0,0,0,0,0,0,0,0,0,0,0,0,0,0,0,1,0,0,0,0,0,0,0,1,0,0,0,0,0,0,0,0,0,0,0,0,0,0,0,0,0,1,0,0,0,1,0,1,0,0,0,0,0
-8361451.495,4864785.051,28003,2023105591,1025,1,0,0,0,0,0,0,0,0,5,1,,67,11,2023,6,39.992028,-75.112195,1025,6,0,0,0,0,0,0,0,0,,0,1,0,,,1,N,0,,39 59:31.302,1,0,75 06:43.902,3,0,0,0,67301,0,0,0,N,0,0,0,1,67301,0,,6,1300,1,N,N,N,1,,1,0,1,,0,N,,4,1,0,0,0,0,0,2,0,4,3,3,,N,,,,,,,,,,,0,0,0,0,0,0,0,0,0,0,0,1,0,0,0,0,0,0,0,0,0,0,0,0,0,0,0,0,0,0,0,0,0,0,0,0,0,0,0,0,0,0,1,0,0,0,0,0,0,0,0,0,1,0,0,0,0,0,1,1,0,0,0,1,0,0,0,0,0,0,0,0,0,0,1,0,1,0,0,0,0,0,0,0,0,0,0,0,0,0,0,0,0,0,0,0,0,0,0,0,0,0,0,0,0,0,1,0,0,1,0,0,0,0,0,0,0,0,0,0,0,1,1,1,0,0,0,0,0
-8367867.842,4875178.743,28004,2023106016,1304,1,0,0,0,0,0,0,0,0,4,1,,67,9,2023,3,40.063523,-75.169834,1301,6,0,0,0,0,0,0,0,0,,0,1,0,,,1,,1,,40 03:48.682,,0,75 10:11.404,8,0,0,0,67301,0,0,0,N,0,0,0,2,67301,0,,1,,1,N,N,N,0,,0,0,0,,2,,,2,1,0,0,0,1,0,2,0,2,3,3,,N,,,,,,,,,,,1,0,1,0,0,0,0,0,0,0,0,1,0,0,0,0,0,0,0,0,0,0,0,0,0,0,0,0,0,0,0,0,0,0,0,0,0,0,0,0,0,0,0,0,0,0,0,0,0,0,0,0,1,0,0,0,0,0,1,1,1,0,0,0,0,0,0,1,0,0,0,0,0,0,1,0,0,0,0,0,0,0,0,0,0,0,0,0,0,0,0,1,0,0,0,0,0,0,0,1,0,0,0,0,0,0,1,0,0,0,0,0,0,0,0,0,0,0,0,0,0,1,0,1,0,0,0,0,0
-8369077.217,4859519.019,28005,2023101771,603,1,0,0,0,0,0,0,0,0,8,0,,67,10,2023,4,39.955776,-75.180698,544,6,0,0,0,0,0,0,0,0,,1,0,0,,,0,,3,,39 57:20.795,1,0,75 10:50.512,1,0,0,0,67301,1,1,0,N,1,1,0,2,67301,0,1,1,800,1,N,N,N,0,0,0,0,0,,2,Y,,2,0,0,0,0,0,0,2,0,1,3,3,,N,,,,,,,,,,,0,0,0,0,0,0,0,0,0,0,0,0,0,0,0,0,0,0,0,0,0,0,0,0,0,0,0,0,0,1,1,0,0,0,0,0,0,0,0,0,0,0,0,0,0,0,0,0,0,0,0,0,0,0,0,1,0,0,0,1,1,0,0,0,0,0,0,0,0,0,0,0,0,0,0,0,0,0,0,0,0,1,0,0,0,0,0,0,0,0,0,0,0,0,0,0,0,0,0,1,1,0,0,0,0,0,1,0,0,0,0,0,0,0,0,0,0,0,0,0,0,1,0,1,1,1,0,0,0
-8348729.455,4876435.245,28006,2023073792,1340,0,0,0,0,0,0,0,0,0,7,0,,67,8,2023,1,40.072161,-74.997911,1337,6,0,0,0,0,0,0,0,0,,0,0,0,,,0,N,0,,40 04:19.780,,0,74 59:52.480,0,0,0,0,67301,0,0,0,N,0,0,0,1,67301,0,,4,,1,N,N,N,0,,0,0,1,,0,,,1,0,1,0,0,0,0,2,0,1,3,,,N,,,,,,,,,,,0,0,0,0,0,0,0,0,0,0,0,0,0,0,0,0,0,0,0,0,0,0,0,0,0,0,0,0,0,0,0,0,0,0,0,0,0,0,0,1,0,0,0,0,0,1,0,0,0,0,0,0,0,0,0,0,0,0,0,0,0,0,0,1,0,0,0,1,1,0,0,0,0,0,0,0,1,0,0,0,0,0,0,0,1,0,0,0,0,0,0,0,0,0,0,0,0,0,0,0,1,0,0,0,0,0,0,0,0,0,0,1,0,0,0,0,0,1,0,0,0,1,0,1,0,0,0,0,0
-8375545.104,4858962.394,28007,2023099374,25,1,0,0,0,0,0,0,0,0,4,0,,67,8,2023,7,39.951943,-75.2388,24,6,0,0,0,0,0,0,0,0,,0,0,0,,,1,,1,,39 57:06.994,1,0,75 14:19.680,4,0,0,0,67301,0,0,0,N,0,0,0,4,67301,1,,1,100,1,N,N,N,0,,0,0,1,,2,Y,,2,1,0,0,0,0,1,2,0,2,3,,,N,,,,,,,,,,,0,0,1,0,0,0,0,0,0,0,1,0,0,0,0,0,0,0,0,0,0,0,0,0,0,0,0,0,0,0,0,0,0,0,0,0,0,0,0,0,0,0,0,0,0,0,0,0,0,0,0,0,0,0,0,1,0,0,1,1,1,0,0,0,0,0,0,1,1,0,0,0,0,0,1,0,0,0,0,0,0,0,0,1,0,0,0,0,0,0,0,0,0,0,0,0,0,0,0,1,0,0,0,0,0,0,0,0,0,0,0,0,0,0,0,0,0,0,0,0,0,1,0,1,0,0,0,0,0
-8373423.353,4854135.598,28008,2023073434,739,1,0,0,0,0,0,0,0,0,4,0,,67,8,2023,7,39.918696,-75.21974,736,6,0,0,0,0,0,0,0,0,,0,0,0,,,0,N,0,,39 55:07.305,,7,75 13:11.064,0,0,0,0,67301,0,0,0,N,0,0,0,2,67301,0,,1,,1,N,N,N,0,,0,0,1,,0,,,2,0,0,0,0,0,0,2,0,2,3,98,,N,,,,,,,,,,,0,0,1,0,0,0,0,0,0,0,0,0,0,0,0,0,0,0,0,0,0,0,0,0,0,0,0,0,0,0,0,0,0,0,0,0,0,0,0,0,0,0,0,0,0,0,0,0,0,0,0,0,0,0,0,0,0,0,0,0,0,0,0,0,0,0,0,0,0,0,0,0,0,0,1,0,1,0,0,0,0,0,0,0,1,0,0,0,0,0,0,0,0,0,0,0,0,0,0,0,0,0,0,0,0,0,1,0,0,0,0,0,0,0,0,0,0,0,0,0,0,1,1,1,0,0,0,0,0
-8366495.272,4869005.035,28009,2023098039,,1,0,0,0,0,0,0,0,0,4,0,,67,3,2023,3,40.021065,-75.157504,,6,0,0,0,0,0,0,0,0,,0,0,0,,,1,,3,,40 01:15.835,,0,75 09:27.016,8,0,0,0,67301,0,0,0,N,0,0,0,2,0,0,,1,,1,,,N,1,,0,0,0,,3,,,2,1,1,0,0,1,0,2,0,2,3,,,N,,,,,,,,,,,1,0,1,0,0,0,0,0,0,0,0,0,0,0,0,0,0,0,0,0,0,0,0,0,0,0,0,0,0,0,0,0,0,0,0,0,0,0,0,0,0,0,0,0,0,0,0,0,0,0,0,0,0,0,0,0,0,0,1,1,1,0,0,0,0,0,0,1,0,0,0,0,0,0,1,0,0,1,0,0,0,0,0,0,0,0,0,0,0,0,0,0,0,0,0,0,0,0,0,0,0,0,0,0,0,0,1,1,0,0,0,0,0,0,0,0,0,1,0,0,1,1,0,0,0,0,0,0,0
-8367212.169,4858227.632,28010,2023100817,2215,1,0,0,0,0,0,0,0,0,5,0,,67,3,2023,1,39.946883,-75.163944,2210,6,0,0,0,0,0,0,0,0,,0,0,0,,,0,N,0,,39 56:48.780,,0,75 09:50.200,0,0,0,0,67301,0,0,0,N,0,0,0,1,67301,0,,6,,1,N,N,N,1,,0,0,0,,0,,,2,0,0,0,0,0,0,2,0,2,3,3,,N,,,,,,,,,,,0,0,0,0,0,0,0,0,0,0,0,0,0,0,0,0,0,0,0,0,0,0,0,0,0,0,0,0,0,0,0,0,0,0,0,0,0,0,0,0,0,0,1,0,0,0,0,0,0,0,0,0,0,0,0,1,0,0,0,0,0,0,0,0,0,0,0,1,1,0,0,0,0,0,1,0,1,0,0,0,0,0,0,0,1,0,0,0,0,0,0,0,0,0,0,0,0,0,0,0,0,0,0,0,0,0,0,0,0,0,0,0,0,0,0,0,0,0,0,0,0,1,0,1,0,0,0,0,0
-8347897.23,4874724.215,28011,2023105697,1540,3,0,0,0,0,0,0,0,0,1,0,,67,11,2023,1,40.060398,-74.990435,1538,6,0,0,0,0,0,0,0,0,,0,0,0,,,9,,1,,40 03:37.434,2,0,74 59:25.565,3,0,0,0,67301,0,0,0,N,0,0,0,9,67301,0,,1,1605,1,N,N,N,0,,9,0,1,,2,N,,4,9,0,0,0,0,0,2,0,4,3,3,,N,,,,,,,,,,,0,0,0,0,0,0,0,0,0,0,1,0,0,0,0,0,0,0,0,0,0,0,0,0,0,0,0,0,0,0,0,0,0,0,0,0,0,0,0,0,0,0,0,0,0,0,0,0,0,0,0,0,0,0,0,0,0,0,1,1,1,0,0,0,0,0,0,0,0,0,0,0,0,0,1,0,0,0,0,0,0,0,0,0,0,0,0,0,0,1,0,0,0,0,0,0,0,0,0,1,0,0,0,0,0,0,1,0,0,1,0,0,0,0,0,0,0,0,0,0,0,1,0,1,0,0,0,0,0
-8375104.724,4858890.222,28012,2023107120,1145,1,0,0,0,0,0,0,0,0,4,0,,67,11,2023,5,39.951446,-75.234844,1140,6,0,0,0,0,0,0,0,0,,0,0,0,,,4,,1,,39 57:05.205,3,0,75 14:05.438,2,0,0,0,67301,0,0,0,N,0,0,0,4,67301,0,,1,1310,1,N,N,N,0,,3,1,1,,2,N,,2,4,0,0,0,0,0,2,0,2,3,4,,N,,,,,,,,,,,1,0,1,0,0,0,0,0,0,0,0,0,0,0,0,0,0,0,0,0,0,0,0,0,0,0,0,0,0,0,1,0,0,0,0,0,0,0,0,0,0,0,0,0,0,0,0,0,0,0,0,0,0,0,0,0,0,0,1,1,1,0,0,0,0,0,0,1,1,0,0,0,0,0,1,0,0,0,0,0,0,0,0,0,0,0,0,0,0,0,0,1,0,0,0,0,0,0,0,1,0,0,0,0,0,0,0,0,0,1,1,0,0,0,0,0,0,0,0,0,0,1,0,1,0,0,0,0,0
-8350679.439,4871804.379,28013,2023074194,1039,1,0,0,0,0,0,0,0,0,4,0,,67,8,2023,2,40.04032,-75.015428,1035,6,0,0,0,0,0,0,0,1,,0,0,0,,,1,,1,,40 02:25.152,,0,75 00:55.542,3,0,0,0,67301,0,0,0,N,0,0,0,3,67301,0,,1,,1,N,N,N,0,,1,0,1,,2,,,2,1,0,0,0,0,0,2,0,2,3,,,N,,,,,,,,,,,1,0,1,0,0,0,0,0,0,0,0,0,0,0,0,0,0,0,0,0,0,0,0,0,0,0,1,0,0,0,0,0,0,0,0,0,0,0,0,0,0,0,0,0,0,0,0,0,0,0,0,0,0,0,0,0,0,0,1,1,1,0,0,0,1,0,0,1,0,0,0,1,0,0,1,0,0,0,0,0,0,0,0,0,0,0,0,0,0,0,0,0,0,0,0,0,0,0,0,1,0,0,0,0,0,0,1,0,0,1,0,0,0,0,0,0,0,0,0,0,0,1,0,0,0,0,0,0,0
-8365797.632,4852509.53,28014,2023104357,2246,0,0,0,0,0,0,1,0,0,4,1,,67,10,2023,1,39.907492,-75.151237,2213,6,0,0,0,0,0,0,0,0,,0,0,0,,,0,,2,,39 54:26.971,,0,75 09:04.453,9,0,0,0,67301,0,0,0,N,0,0,0,2,67508,0,,1,,99,,,N,0,,0,0,1,,2,,,2,0,1,0,0,0,1,2,0,2,99,,,N,,,,,,,,,,,0,0,1,0,0,0,0,0,0,0,0,1,0,0,0,0,0,0,0,0,0,0,0,0,0,0,0,0,0,0,0,0,0,0,0,0,0,0,0,0,0,0,0,0,0,0,0,0,0,0,0,0,0,0,0,1,0,0,0,0,1,0,0,0,0,0,0,1,1,0,0,0,0,0,1,0,0,0,0,0,0,0,0,0,0,0,0,0,0,0,0,0,0,0,0,0,0,0,0,1,0,0,0,0,0,0,0,0,0,0,0,0,0,0,0,0,0,1,0,0,0,1,0,1,0,0,0,0,0
-8368911.462,4871926.809,28015,2023074201,1825,1,0,0,0,0,0,0,0,0,8,0,,67,8,2023,2,40.041162,-75.179209,1820,6,0,0,0,0,0,1,0,0,,0,0,0,,,1,N,0,,40 02:28.182,,0,75 10:45.152,8,0,0,0,67301,1,0,0,N,1,0,0,2,67301,0,,1,,1,N,N,N,0,,0,0,0,,0,,,2,1,0,0,0,1,0,2,0,1,3,3,,N,,,,,,,,,,,0,0,0,0,0,0,0,0,0,0,0,0,0,0,0,0,0,0,0,0,0,0,0,0,1,0,0,0,0,0,0,0,0,0,0,0,0,0,0,0,0,0,0,0,0,0,0,0,0,0,0,0,0,0,0,0,0,0,1,1,0,0,0,0,0,0,0,0,0,0,0,0,0,0,0,0,1,0,0,0,0,1,0,0,0,0,0,0,0,0,0,0,0,0,0,0,0,0,0,0,1,0,0,0,0,0,1,0,0,0,0,0,0,0,0,0,0,0,0,0,0,1,0,0,1,0,0,0,0
-8367532.548,4874712.869,28016,2023105701,2241,0,0,0,0,0,0,0,0,0,8,0,,67,10,2023,4,40.06032,-75.166822,2238,6,0,0,0,0,0,0,1,0,,1,0,0,,,0,N,0,,40 03:37.151,,0,75 10:00.559,1,0,0,0,67301,1,1,0,N,1,1,0,2,67301,0,2,1,,1,N,N,N,0,0,0,0,1,,0,,,2,0,0,0,0,0,0,2,0,1,3,,,N,,,,,,,,,,,0,0,0,0,0,0,0,0,0,0,0,0,0,0,0,0,0,0,0,0,0,0,0,0,0,1,0,0,0,1,1,0,0,0,0,0,0,0,0,0,0,0,0,0,0,0,0,0,0,0,0,0,0,0,0,1,0,0,0,1,0,0,0,0,0,0,0,0,0,0,0,1,0,0,0,0,1,0,0,0,0,1,0,0,0,0,0,0,0,0,0,0,0,0,0,0,0,0,0,0,1,0,0,0,0,0,1,0,0,0,0,0,0,0,0,0,0,0,0,0,0,1,0,0,1,1,0,0,0
-8367818.193,4862638.906,28017,2023105256,1250,1,0,0,0,0,0,0,0,0,4,0,,67,11,2023,1,39.977256,-75.169388,1241,6,0,0,0,0,0,0,1,0,,0,0,0,,,3,,1,,39 58:38.122,,0,75 10:09.798,3,0,0,0,67301,0,0,0,N,0,0,0,4,67301,0,,1,,1,N,N,N,0,,3,0,1,,2,,,2,3,0,0,0,0,0,2,0,2,3,3,,N,,,,,,,,,,,0,0,1,0,0,0,0,0,0,0,0,0,0,0,0,0,0,1,0,0,0,0,0,0,0,1,0,0,0,0,0,0,0,0,0,0,0,0,0,0,0,0,0,0,0,0,0,0,0,0,0,0,0,0,0,0,0,0,1,1,1,0,0,0,0,0,0,1,0,0,0,1,0,0,1,0,0,0,0,0,0,0,0,0,0,0,0,0,0,0,0,0,0,0,0,0,0,0,0,1,0,0,0,0,0,0,1,0,0,1,0,0,0,0,0,0,0,0,0,0,0,1,1,1,0,0,0,0,0
-8352084.18,4874829.082,28018,2023105698,2035,3,0,0,0,0,0,0,0,0,4,0,,67,11,2023,1,40.061119,-75.028047,2025,6,0,0,0,0,0,0,0,0,,0,0,0,,,0,N,0,,40 03:40.030,2,0,75 01:40.970,9,0,0,0,67301,0,0,0,N,0,0,0,1,67301,0,,1,2115,1,N,N,N,0,,0,0,0,,2,N,,3,0,0,0,0,0,1,2,0,3,3,,,N,,,,,,,,,,,1,0,1,0,0,0,0,0,0,0,0,0,0,0,0,0,0,0,0,0,0,0,0,0,0,0,0,0,0,0,0,0,0,0,0,0,0,0,0,0,0,0,1,0,0,1,0,0,0,0,0,0,0,0,0,0,0,0,0,0,0,0,0,0,0,0,0,1,1,0,0,0,0,0,1,0,1,0,0,0,0,0,0,0,0,0,0,0,0,0,0,0,0,0,0,0,0,0,0,0,0,0,0,1,1,0,0,0,0,0,0,0,0,0,0,0,0,0,0,0,0,1,0,1,0,0,0,0,0
-8371165.014,4856591.313,28019,2023103847,1455,0,0,0,0,0,0,0,0,0,4,0,,67,11,2023,6,39.935613,-75.199453,1455,6,0,0,0,0,0,0,0,0,,0,0,0,,,1,,7,,39 56:08.208,,6,75 11:58.030,3,0,0,0,67301,0,0,0,N,0,0,0,2,67301,0,,1,,9,N,N,N,0,,1,0,2,,0,,,2,1,1,0,0,0,0,2,0,2,7,4,,N,,,,,,,,,,,0,0,1,0,0,0,0,0,0,0,0,0,0,0,0,0,0,0,0,0,0,0,0,0,0,0,0,0,0,0,0,0,0,0,0,0,0,0,0,0,0,0,0,0,0,0,0,0,0,0,0,0,0,0,0,0,0,0,1,1,1,0,0,0,0,0,0,0,0,0,0,0,0,0,1,0,0,0,0,0,0,0,0,0,0,0,1,0,1,0,0,0,0,0,0,0,0,0,0,0,0,0,0,0,0,1,1,0,0,1,0,0,0,0,0,0,0,1,0,0,1,1,0,0,0,0,1,0,0
-8374902.679,4858709.868,28020,2023075223,836,1,0,0,0,0,0,0,0,0,4,0,,67,8,2023,2,39.950204,-75.233029,834,6,0,0,0,0,0,0,0,0,,0,0,0,,,0,,2,,39 57:00.734,,0,75 13:58.904,0,0,0,0,67301,0,0,0,N,0,0,0,2,67301,0,,1,,1,N,N,N,0,,0,0,1,,3,,,2,0,0,0,0,0,0,2,0,2,3,3,,N,,,,,,,,,,,1,0,1,0,0,0,0,0,0,0,0,0,0,0,0,0,0,0,0,0,0,0,0,0,0,0,0,0,0,0,0,0,0,0,0,0,0,0,0,0,0,0,0,0,0,0,0,0,0,0,0,0,0,0,0,0,0,0,0,0,1,0,0,0,1,0,0,1,1,0,0,0,0,0,1,0,0,0,0,0,0,0,0,0,1,0,0,0,0,0,0,0,0,0,0,0,0,0,0,0,0,0,0,0,0,0,0,1,0,0,0,0,0,0,0,0,0,0,0,0,1,1,0,1,0,0,0,0,0
-8349140.224,4881188.2,28021,2023106528,1950,0,0,0,0,0,0,0,0,0,4,0,,67,11,2023,5,40.104826,-75.001601,1947,6,0,0,0,0,0,0,0,0,,0,0,0,,,2,,2,,40 06:17.372,,0,75 00:05.762,8,0,0,0,67301,0,0,0,N,0,0,0,3,67301,0,,1,,1,N,N,N,0,,0,0,2,,2,,,2,2,0,0,0,2,0,2,0,2,3,,,N,,,,,,,,,,,0,0,1,0,0,0,0,0,0,0,0,0,1,0,0,0,0,0,0,0,0,0,0,0,0,0,0,0,0,0,0,0,0,0,0,0,0,0,0,0,0,0,0,0,0,0,0,0,0,0,0,0,0,0,0,1,0,0,1,1,1,0,0,0,1,0,0,1,0,0,0,0,0,0,1,0,0,0,0,0,0,0,0,0,0,0,0,0,0,0,0,0,0,0,0,0,0,0,0,1,0,0,0,0,0,0,1,0,0,0,0,0,0,0,0,0,0,0,0,0,0,1,0,0,0,0,0,0,0
-8377172.483,4848762.489,28022,2023106910,1528,1,0,0,0,0,0,0,0,0,2,0,,67,11,2023,5,39.881667,-75.253419,1528,6,0,0,0,0,0,0,0,0,,0,0,0,,,1,,2,,39 52:54.000,,0,75 15:12.310,3,0,0,0,67301,0,0,0,N,0,0,0,2,67301,0,,7,,1,N,N,N,0,,1,0,1,,2,,,2,1,0,0,0,0,0,2,0,2,3,3,,N,,,,,,,,,,,1,0,0,0,0,0,0,0,0,0,0,0,0,0,0,0,0,0,0,0,0,0,0,0,0,0,0,0,0,0,0,0,0,0,0,0,0,0,0,0,0,0,0,0,0,0,0,0,0,0,0,1,0,0,0,0,0,0,1,1,1,0,0,0,1,0,0,0,0,0,0,0,0,0,1,0,0,0,0,0,0,0,0,0,0,0,1,0,1,0,0,0,0,0,0,0,0,0,0,1,0,0,0,0,0,0,1,0,0,1,0,0,0,0,0,0,0,0,0,0,0,1,1,0,0,0,0,0,0
-8349358.411,4882066.434,28023,2023073431,2004,1,0,0,0,0,0,0,0,0,4,0,,67,8,2023,6,40.11086,-75.003561,2004,6,0,0,0,0,0,0,0,0,,0,0,0,,,1,,2,,40 06:39.095,,0,75 00:12.819,3,0,0,0,67301,0,0,0,N,0,0,0,2,67301,0,,1,,1,N,N,N,0,,1,0,1,,2,,,2,1,0,0,0,0,0,2,0,2,3,,,N,,,,,,,,,,,1,0,1,0,0,0,0,0,0,0,0,0,0,0,0,0,0,0,0,0,0,0,0,0,0,0,0,0,0,0,0,0,0,0,0,0,0,0,0,0,0,0,0,0,0,0,0,0,0,0,0,0,0,0,0,0,0,0,1,1,1,0,0,0,1,0,0,1,1,0,0,0,0,0,1,0,0,0,0,0,0,0,0,0,0,0,0,0,0,0,0,0,0,0,0,0,0,0,0,1,0,0,0,0,0,0,0,0,0,1,0,0,0,0,0,0,0,0,0,0,0,1,0,1,0,0,0,0,0
-8373048.429,4857250.164,28024,2023102397,1832,3,0,0,0,0,0,0,0,0,4,0,,67,11,2023,3,39.940151,-75.216372,1831,6,0,0,0,0,0,0,0,0,,0,0,0,,,2,,1,,39 56:24.543,5,0,75 12:58.939,8,0,0,0,67301,0,0,0,N,0,0,0,3,67301,0,,1,200,1,N,Y,N,0,,0,0,1,,2,Y,,4,2,0,0,0,2,0,2,0,4,3,,,N,,,,,,,,,,,1,0,1,0,0,0,0,0,0,0,0,0,0,0,0,0,0,0,0,0,0,0,0,0,0,0,0,0,0,0,0,0,0,0,0,0,0,0,0,0,0,0,1,0,0,0,0,0,0,0,0,0,0,0,0,1,0,0,1,1,1,0,0,0,0,0,0,1,1,0,0,0,0,0,1,0,0,0,0,0,0,0,0,0,0,0,0,0,0,0,0,1,0,0,0,0,0,1,0,1,0,0,0,0,0,0,0,0,0,0,0,0,0,0,0,0,0,0,0,0,0,1,0,1,0,0,0,0,0
-8366344.657,4868810.397,28025,2023074464,159,2,0,0,0,0,0,0,0,0,5,0,,67,8,2023,7,40.019726,-75.156151,158,6,0,0,0,0,0,0,0,0,,0,0,0,,,0,N,0,,40 01:11.014,7,0,75 09:22.145,9,0,0,0,67301,0,0,0,N,0,0,0,3,67301,0,,1,430,1,N,N,N,0,,0,0,1,,0,Y,,4,0,1,0,0,0,2,2,1,4,3,,,N,,,,,,,,,,,1,0,0,0,0,0,0,0,0,0,0,0,0,0,0,0,0,0,0,0,0,0,0,0,0,0,0,0,0,0,0,0,0,0,0,0,0,0,0,0,0,0,1,0,0,1,0,0,0,0,0,0,0,0,0,1,0,0,0,0,0,0,0,0,0,0,0,0,0,0,0,0,0,0,1,0,1,0,0,0,0,0,0,0,0,0,0,0,0,0,0,0,0,0,0,0,0,0,0,0,0,0,0,1,1,0,1,0,0,0,0,0,0,0,0,0,0,1,0,0,0,1,0,1,0,0,0,0,0