X,Y,objectid,crn,arrival_tm,automobile_count,belted_death_count,belted_susp_serious_inj_count,bicycle_count,bicycle_death_count,bicycle_susp_serious_inj_count,bus_count,chldpas_death_count,chldpas_susp_serious_inj_count,collision_type,comm_veh_count,cons_zone_spd_lim,county,crash_month,crash_year,day_of_week,dec_latitude,dec_longitude,dispatch_tm,district,driver_count_16yr,driver_count_17yr,driver_count_18yr,driver_count_19yr,driver_count_20yr,driver_count_50_64yr,driver_count_65_74yr,driver_count_75plus,est_hrs_closed,fatal_count,heavy_truck_count,horse_buggy_count,hour_of_day,illumination,injury_count,intersection_related_x,intersect_type,lane_closed,latitude,ln_close_dir,location_type,longitude,max_severity_level,mcycle_death_count,mcycle_susp_serious_inj_count,motorcycle_count,municipality,nonmotr_count,nonmotr_death_count,nonmotr_susp_serious_inj_count,ntfy_hiwy_maint,ped_count,ped_death_count,ped_susp_serious_inj_count,person_count,police_agcy,possible_inj_count,rdwy_surf_type_cd,relation_to_road,roadway_cleared,road_condition,sch_bus_ind,sch_zone_ind,secondary_crash,small_truck_count,spec_juris_cd,susp_minor_inj_count,susp_serious_inj_count,suv_count,tcd_func_cd,tcd_type,tfc_detour_ind,time_of_day,total_units,tot_inj_count,unbelted_occ_count,unb_death_count,unb_susp_serious_inj_count,unk_inj_deg_count,unk_inj_per_count,urban_rural,van_count,vehicle_count,weather1,weather2,workers_pres,work_zone_ind,work_zone_loc,work_zone_type,wz_close_detour,wz_flagger,wz_law_offcr_ind,wz_ln_closure,wz_moving,wz_other,wz_shlder_mdn,wz_workers_inj_killed,aggressive_driving,alcohol_related,angle_crash,atv,atv_route,backup_congestion,backup_nonrecurring,backup_prior,bicycle,cell_phone,child_passenger,comm_vehicle,core_network,cross_median,curved_road,curve_dvr_error,deer_related,distracted,drinking_driver,driver_16yr,driver_17yr,driver_18yr,driver_19yr,driver_20yr,driver_50_64yr,driver_65_74yr,driver_75plus,drugged_driver,drug_related,fatal,fatal_or_susp_serious_inj,fatigue_asleep,federal_aid_route,fire_in_vehicle,hazardous_truck,hit_barrier,hit_bridge,hit_deer,hit_embankment,hit_fixed_object,hit_gdrail,hit_gdrail_end,hit_parked_vehicle,hit_pole,hit_roadway_equipment,hit_run,hit_temp_construction_barrier,hit_traffic_island,hit_tree_shrub,hit_utility_pole,horse_buggy,ho_oppdir_sdswp,hvy_truck_related,icy_road,illegal_drug_related,illumination_dark,impaired_driver,impaired_nonmotorist,injury,injury_or_fatal,intersection,intersection_related_y,interstate,lane_departure,left_turn,limit_65mph,limit_70mph,local_road,local_road_only,marijuana_drugged_driver,marijuana_related,mature_driver,mc_drinking_driver,motorcycle,multiple_vehicle,nhtsa_agg_driving,non_intersection,no_clearance,opioid_related,other_freeway_expressway,overturned,pedestrian,phantom_vehicle,possible_injury,property_damage_only,psp_reported,ramp,ramp_segment,ramp_terminal,rear_end,roundabout,running_red_lt,running_stop_sign,rural,school_bus,school_bus_related,school_bus_unit,school_zone,shldr_related,signalized_int,single_vehicle,snowmobile,snow_slush_road,speeding,speeding_related,speed_change_lane,state_road,stop_controlled_int,sudden_deer,suspected_minor_injury,suspected_serious_injury,sv_run_off_rd,tailgating,train,train_trolley,trolley,turnpike,unbelted,underage_drnk_drv,unlicensed,unsignalized_int,urban,vehicle_failure,vehicle_towed,vulnerable_road_user,vulnerable_road_user_fatal,wet_road,work_zone,young_driver
-8349651.626,4880728.011,28672,2023116793,1345,0,0,0,0,0,0,0,0,0,4,1,,67,12,2023,3,40.101664,-75.006195,1340,6,0,0,0,0,0,0,0,0,,0,1,0,,,1,,1,,40 06:05.989,2,0,75 00:22.303,3,0,0,0,67301,0,0,0,N,0,0,0,2,67301,0,,1,1540,1,N,N,N,0,,1,0,1,,2,N,,2,1,0,0,0,0,0,2,0,2,3,3,,N,,,,,,,,,,,1,0,1,0,0,0,0,0,0,0,0,1,1,0,0,0,0,0,0,0,0,0,0,0,0,0,0,0,0,0,0,0,0,0,0,0,0,0,0,0,0,0,0,0,0,0,0,0,0,0,0,0,1,0,0,0,0,0,1,1,1,0,0,0,1,0,0,1,0,0,0,0,0,0,1,0,0,0,0,0,0,0,0,0,0,0,0,0,0,0,0,0,0,0,0,0,0,0,0,1,0,0,0,0,0,0,1,0,0,1,0,0,0,0,0,0,0,0,0,0,0,1,0,1,0,0,0,0,0
-8356325.009,4873386.347,28673,2023081958,119,1,0,0,0,0,0,0,0,0,4,0,,67,9,2023,7,40.051199,-75.066143,119,6,0,0,0,0,0,1,0,0,,0,0,0,,,1,,1,,40 03:04.318,4,0,75 03:58.116,3,0,0,0,67301,0,0,0,N,0,0,0,4,67301,0,,1,220,1,N,N,N,0,,1,0,2,,2,N,,3,1,1,0,0,0,0,2,0,3,3,,,N,,,,,,,,,,,1,0,1,0,0,0,0,0,0,0,0,0,0,0,0,0,0,0,0,0,0,0,0,0,1,0,0,0,0,0,0,0,0,0,0,0,0,0,0,0,0,0,0,0,0,1,0,0,0,0,0,0,0,0,0,1,0,0,1,1,1,0,0,0,0,0,0,0,0,0,0,0,0,0,1,0,0,0,0,0,0,0,0,0,0,0,0,0,0,0,0,1,0,0,0,0,0,0,0,1,0,0,0,0,0,0,1,0,0,1,0,0,0,0,0,0,0,1,0,0,0,1,0,1,0,0,0,0,0
-8367712.551,4869358.271,28674,2023100583,,0,0,0,0,0,0,0,0,0,4,0,,67,6,2023,4,40.023495,-75.168439,,6,0,0,0,0,0,0,0,0,,0,0,0,,,1,,2,,40 01:24.581,,0,75 10:06.380,8,0,0,0,67301,0,0,0,N,0,0,0,2,0,0,,1,,1,,,N,0,,0,0,1,,0,,,2,1,0,0,0,1,0,2,0,2,3,,,N,,,,,,,,,,,0,0,1,0,0,0,0,0,0,0,0,0,0,0,0,0,0,0,0,0,0,0,0,0,0,0,0,0,0,0,0,0,0,0,0,0,0,0,0,0,0,0,0,0,0,1,0,0,0,0,0,0,0,0,0,0,0,0,1,1,1,0,0,0,0,0,0,1,1,0,0,0,0,0,1,0,0,0,0,0,0,0,0,0,0,0,0,0,0,0,0,0,0,0,0,0,0,0,0,0,0,0,0,0,0,0,0,0,0,0,0,0,0,0,0,0,0,0,0,0,1,1,0,0,0,0,0,0,0
-8366397.422,4863629.835,28675,2023080852,1717,1,0,0,0,0,0,0,0,0,1,0,,67,9,2023,4,39.984077,-75.156625,1705,6,0,0,0,0,0,2,0,0,,0,0,0,,,2,Y,0,,39 59:02.678,1,0,75 09:23.851,4,0,0,0,67301,0,0,0,N,0,0,0,3,67505,2,,1,1800,1,N,N,Y,1,,0,0,0,,2,N,,3,2,0,0,0,0,0,2,0,3,3,3,,N,,,,,,,,,,,0,0,0,0,0,0,0,0,0,0,0,0,0,0,0,0,0,0,0,0,0,0,0,0,1,0,0,0,0,0,0,0,0,0,0,0,0,0,0,0,0,0,0,0,0,1,0,0,0,0,0,0,0,0,0,0,0,0,1,1,0,0,0,0,0,0,0,0,0,0,0,0,0,0,1,0,1,0,0,0,0,0,0,1,0,0,0,0,0,1,0,0,0,0,0,0,0,0,0,0,0,0,0,0,0,0,1,0,0,0,0,0,0,0,0,0,0,0,0,0,0,1,0,1,0,0,0,0,0
-8364944.591,4872318.101,28676,2023080509,218,1,0,0,0,0,0,0,0,0,4,0,,67,9,2023,1,40.043853,-75.143574,218,6,0,0,0,0,0,1,0,0,,0,0,0,,,3,N,0,,40 02:37.869,5,0,75 08:36.868,3,0,0,0,67301,0,0,0,N,0,0,0,3,67301,2,,1,327,1,N,N,N,0,,1,0,1,,0,Y,,2,3,0,0,0,0,0,2,0,2,3,3,,N,,,,,,,,,,,1,0,1,0,0,0,0,0,0,0,0,0,0,0,0,0,0,0,0,0,0,0,0,0,1,0,0,0,0,0,0,0,0,0,0,0,0,0,0,0,0,0,0,0,0,0,0,0,0,0,0,0,0,0,0,1,0,0,1,1,0,0,0,0,0,0,0,0,0,0,0,0,0,0,1,0,1,0,0,0,0,0,0,1,0,0,0,0,0,0,0,0,0,0,0,0,0,0,0,0,0,0,0,0,0,0,1,0,0,1,0,0,0,0,0,0,0,0,0,0,0,1,1,1,0,0,0,0,0
-8356741.901,4877398.165,28677,2023080464,742,0,0,0,0,0,0,0,0,0,4,0,,67,9,2023,2,40.07878,-75.069888,736,6,0,0,0,0,0,0,0,0,,0,0,0,,,4,,2,,40 04:43.607,2,0,75 04:11.597,3,0,0,0,67301,0,0,0,N,0,0,0,4,67301,0,,1,800,9,N,N,N,0,,4,0,2,,3,N,,2,4,0,0,0,0,0,2,0,2,4,4,,N,,,,,,,,,,,1,0,1,0,0,0,0,0,0,0,0,0,0,0,0,0,0,0,0,0,0,0,0,0,0,0,0,0,0,0,0,0,0,0,0,0,0,0,0,0,0,0,0,0,0,0,0,0,0,0,0,0,0,0,0,0,0,0,1,1,1,0,0,0,1,0,0,1,0,0,0,0,0,0,1,0,0,0,0,0,0,0,0,0,0,0,0,0,0,0,0,0,0,0,0,0,0,0,0,0,0,0,0,0,0,0,1,1,0,1,0,0,0,0,0,0,0,0,0,0,1,1,0,1,0,0,1,0,0
-8355043.832,4871484.352,28678,2023081960,1222,1,0,0,0,0,0,0,0,0,8,0,,67,9,2023,2,40.038119,-75.054634,1222,6,0,0,0,0,0,0,0,0,,0,0,0,,,1,,1,,40 02:17.228,,0,75 03:16.682,8,0,0,0,67301,1,0,0,N,1,0,0,2,67301,0,,1,,1,N,Y,N,0,,0,0,0,,5,,,2,1,0,0,0,1,1,2,0,1,3,,,N,,,,,,,,,,,0,0,0,0,0,0,0,0,0,0,0,0,0,0,0,0,0,0,0,0,0,0,0,0,0,0,0,0,0,0,0,0,0,0,0,0,0,0,0,0,0,0,0,0,0,0,0,0,0,0,0,0,0,0,0,0,0,0,1,1,1,0,0,0,1,0,0,1,1,0,0,0,0,0,0,0,0,0,0,0,0,1,0,0,0,0,0,0,0,0,0,0,0,0,0,0,0,1,0,0,1,0,0,0,0,0,0,0,0,0,0,0,0,0,0,0,0,0,0,0,1,1,0,0,1,0,0,0,0
-8365721.49,4867747.15,28679,2023080989,920,1,0,0,0,0,0,0,0,0,4,0,,67,9,2023,3,40.012411,-75.150553,920,6,0,0,0,0,0,0,0,0,,0,0,0,,,0,,1,,40 00:44.680,,0,75 09:01.992,9,0,0,0,67301,0,0,0,N,0,0,0,2,67301,0,,1,,1,N,N,N,0,,0,0,1,,2,,,2,0,0,0,0,0,1,2,0,2,3,3,,N,,,,,,,,,,,0,0,1,0,0,0,0,0,0,0,0,0,0,0,0,0,0,0,0,0,0,0,0,0,0,0,0,0,0,0,0,0,0,0,0,0,0,0,0,0,0,0,0,0,0,0,0,0,0,0,0,0,0,0,0,0,0,0,0,0,1,0,0,0,1,0,0,1,0,0,0,0,0,0,1,0,0,0,0,0,0,0,0,0,0,0,0,0,0,0,0,0,0,0,0,0,0,0,0,1,0,0,0,0,0,0,1,0,0,0,0,0,0,0,0,0,0,0,0,0,0,1,0,1,0,0,0,0,0
-8375867.485,4860207.982,28680,2023082793,2210,1,0,0,0,0,0,0,0,0,5,0,,67,9,2023,6,39.96052,-75.241696,2207,6,0,0,0,0,0,0,0,0,,0,0,0,,,2,N,0,,39 57:37.872,,0,75 14:30.105,3,0,0,0,67301,0,0,0,N,0,0,0,4,67301,0,,1,,1,N,N,N,0,,2,0,1,,0,,,2,2,0,0,0,0,0,2,0,2,3,,,N,,,,,,,,,,,0,0,0,0,0,0,0,0,0,0,0,0,0,0,0,0,0,0,0,0,0,0,0,0,0,0,0,0,0,0,0,0,0,0,0,0,0,0,0,0,0,0,1,0,0,0,0,0,0,0,0,0,0,0,0,1,0,0,1,1,0,0,0,0,0,0,0,0,0,0,0,0,0,0,1,0,1,0,0,0,0,0,0,0,0,0,0,0,0,0,0,0,0,0,0,0,0,0,0,0,0,0,0,0,0,0,1,0,0,1,0,0,0,0,0,0,0,0,0,0,0,1,0,1,0,0,0,0,0
-8355991.83,4872166.294,28681,2023082172,2343,0,0,0,0,0,0,0,0,0,8,0,,67,9,2023,7,40.042809,-75.06315,2340,6,0,0,0,1,0,0,0,0,,0,0,0,,,1,,1,,40 02:34.113,,0,75 03:47.339,8,0,0,0,67301,2,0,0,N,2,0,0,3,67301,0,,1,,1,N,N,N,0,,0,0,1,,2,,,2,1,1,0,0,1,0,2,0,1,3,3,,N,,,,,,,,,,,1,0,0,0,0,0,0,0,0,0,0,0,0,0,0,0,0,0,0,0,0,0,1,0,0,0,0,0,0,0,0,0,0,0,0,0,0,0,0,0,0,0,0,0,0,0,0,0,0,0,0,0,0,0,0,1,0,0,1,1,1,0,0,0,1,0,0,1,0,0,0,0,0,0,0,0,0,0,0,0,0,1,0,0,0,0,0,0,0,0,0,0,0,0,0,0,0,0,0,1,1,0,0,0,0,0,1,0,0,0,0,0,0,0,0,0,0,1,0,0,0,1,0,0,1,0,0,0,1
-8360353.996,4872126.016,28682,2023081485,2254,0,0,0,0,0,0,0,0,0,4,0,,67,9,2023,4,40.042532,-75.102336,2245,6,0,0,0,1,0,0,0,0,,0,0,0,,,1,,1,,40 02:33.115,,0,75 06:08.409,4,0,0,0,67301,0,0,0,N,0,0,0,3,67301,1,,1,,1,N,N,Y,0,,0,0,3,,3,,,3,1,0,0,0,0,0,2,0,3,3,3,,N,,,,,,,,,,,0,0,1,0,0,0,0,0,0,0,0,0,0,0,0,0,0,0,0,0,0,0,1,0,0,0,0,0,0,0,0,0,0,0,0,0,0,0,0,0,0,0,1,0,0,0,0,0,0,0,0,0,0,0,0,1,0,0,1,1,1,0,0,0,0,0,0,1,1,0,0,0,0,0,1,0,0,0,0,0,0,0,0,1,0,0,0,0,0,0,0,0,0,0,0,0,0,0,0,0,0,0,0,0,0,0,0,1,0,0,0,0,0,0,0,0,0,0,0,0,1,1,0,1,0,0,0,0,1
-8363164.48,4863517.822,28683,2023085209,541,0,0,0,0,0,0,0,0,0,7,0,,67,9,2023,3,39.983306,-75.127583,541,6,0,0,0,0,0,0,0,0,,0,0,0,,,0,N,0,,39 58:59.900,,0,75 07:39.300,0,0,0,0,67301,0,0,0,N,0,0,0,1,67301,0,,5,,1,N,N,N,0,,0,0,1,,0,,,1,0,1,0,0,0,0,2,0,1,3,,,N,,,,,,,,,,,0,0,0,0,0,0,0,0,0,0,0,0,0,0,0,0,0,0,0,0,0,0,0,0,0,0,0,0,0,0,0,0,0,0,0,0,0,0,0,1,0,0,0,0,0,1,0,0,0,0,0,0,0,0,0,0,0,0,0,0,0,0,0,1,0,0,0,1,1,0,0,0,0,0,0,0,1,0,0,0,0,0,0,0,1,0,0,0,0,0,0,0,0,0,0,0,0,0,0,0,1,0,0,0,0,0,0,0,0,0,0,1,0,0,0,0,0,1,0,0,0,1,0,1,0,0,0,0,0
-8362671.001,4867068.418,28684,2023101361,549,2,0,0,0,0,0,0,0,0,1,0,,67,9,2023,7,40.007741,-75.12315,549,6,0,0,0,0,0,0,0,0,,0,0,0,,,1,N,0,,40 00:27.866,,0,75 07:23.340,3,0,0,0,67301,0,0,0,N,0,0,0,1,67301,0,,6,,1,N,N,N,0,,1,0,2,,0,,,4,1,0,0,0,0,0,2,0,4,3,3,,N,,,,,,,,,,,0,1,0,0,0,0,0,0,0,0,0,0,0,0,0,0,0,0,1,0,0,0,0,0,0,0,0,1,1,0,0,0,0,0,0,0,0,0,0,0,0,0,1,0,0,0,0,0,0,0,0,0,0,0,1,1,1,0,1,1,0,0,0,0,0,0,0,0,0,0,0,0,0,0,1,0,1,0,0,0,0,0,0,0,0,0,0,0,0,1,0,0,0,0,0,0,0,0,0,0,0,0,0,0,0,0,1,0,0,1,0,0,0,0,0,0,0,0,0,0,0,1,1,1,0,0,0,0,0
-8356439.223,4869836.687,28685,2023080481,1452,0,0,0,0,0,0,0,0,0,0,0,,67,9,2023,7,40.026786,-75.067169,1449,6,0,0,0,0,0,0,0,0,,0,0,0,,,1,N,0,,40 01:36.431,1,0,75 04:01.807,2,0,1,1,67301,0,0,0,N,0,0,0,1,67301,0,,1,1500,1,N,N,N,0,,0,1,0,,0,N,,1,1,0,0,0,0,0,2,0,1,3,3,,N,,,,,,,,,,,1,0,0,0,0,0,0,0,0,0,0,0,0,0,0,0,0,0,0,0,0,0,0,0,0,0,0,0,0,0,1,0,0,0,0,0,0,0,0,0,0,0,0,0,0,0,0,0,0,0,0,0,0,0,0,0,0,0,1,1,0,0,0,0,0,0,0,0,0,0,0,0,0,1,0,0,1,0,0,0,0,0,0,0,0,0,0,0,0,0,0,0,0,0,0,0,0,0,0,0,1,0,0,0,0,0,1,0,0,0,1,1,0,0,0,0,0,0,0,0,0,1,0,1,0,0,0,0,0
-8364074.295,4867731.017,28686,2023118364,1545,1,0,0,0,0,0,0,0,0,1,0,,67,5,2023,6,40.0123,-75.135756,1530,6,0,0,0,0,0,1,0,0,,0,0,0,,,1,N,0,,40 00:44.280,,0,75 08:08.720,3,0,0,1,67301,0,0,0,N,0,0,0,2,67301,0,,1,,1,N,N,N,0,,1,0,0,,0,,,2,1,0,0,0,0,1,2,0,2,4,4,,N,,,,,,,,,,,0,0,0,0,0,0,0,0,0,0,0,0,0,0,0,0,0,0,0,0,0,0,0,0,1,0,0,0,0,0,0,0,0,0,0,0,0,0,0,0,0,0,0,0,0,0,0,0,0,0,0,0,0,0,0,0,0,0,1,1,0,0,0,0,0,0,0,1,1,0,0,0,0,1,1,0,1,0,0,0,0,0,0,0,0,0,0,0,0,1,0,0,0,0,0,0,0,0,0,0,0,0,0,0,0,0,0,0,0,1,0,0,0,0,0,0,0,0,0,0,0,1,0,0,0,0,0,0,0
-8354684.493,4872776.883,28687,2023101057,,2,0,0,0,0,0,0,0,0,1,0,,67,6,2023,3,40.047008,-75.051406,,6,0,0,0,0,1,0,0,0,,0,0,0,,,2,,2,,40 02:49.230,,0,75 03:05.062,8,0,0,0,67301,0,0,0,N,0,0,0,5,0,0,,1,,1,,,N,0,,0,0,0,,0,,,2,2,1,0,0,2,0,2,0,2,3,,,N,,,,,,,,,,,1,0,0,0,0,0,0,0,0,0,1,0,0,0,0,0,0,0,0,0,0,0,0,1,0,0,0,0,0,0,0,0,0,0,0,0,0,0,0,0,0,0,0,0,0,0,0,0,0,0,0,0,0,0,0,0,0,0,1,1,1,0,0,0,0,0,0,1,0,0,0,0,0,0,1,0,0,0,0,0,0,0,0,0,0,0,0,0,0,1,0,0,0,0,0,0,0,0,0,0,0,0,0,0,0,0,1,0,0,0,0,0,1,0,0,0,0,1,0,0,1,1,0,1,0,0,0,0,1
-8352980.414,4871546.001,28688,2023082635,2320,1,0,0,0,0,0,0,0,0,1,0,,67,9,2023,1,40.038543,-75.036098,2312,6,0,0,0,0,0,0,1,0,,0,0,0,,,0,N,0,,40 02:18.755,,0,75 02:09.951,9,0,0,0,67301,0,0,0,N,0,0,0,3,67301,0,,1,,9,N,N,N,0,,0,0,1,,0,,,2,0,0,0,0,0,1,2,0,2,7,,,N,,,,,,,,,,,1,0,0,0,0,0,0,0,0,0,0,0,0,0,0,0,0,0,0,0,0,0,0,0,0,1,0,0,0,0,0,0,0,0,0,0,0,0,0,0,0,0,0,0,0,1,0,0,0,0,0,0,0,0,0,1,0,0,0,0,0,0,0,0,0,0,0,0,0,0,0,1,0,0,1,0,1,0,0,0,0,0,0,0,0,0,0,0,0,1,0,0,0,0,0,0,0,0,0,0,0,0,0,1,1,0,1,0,0,0,0,0,0,0,0,0,0,0,0,0,0,1,0,1,0,0,1,0,0
-8348835.877,4880842.401,28689,2023118356,1842,0,0,0,0,0,0,0,0,0,7,0,,67,12,2023,4,40.10245,-74.998867,1842,6,0,0,0,0,0,0,0,0,,0,0,0,,,0,N,0,,40 06:08.820,,0,74 59:55.920,0,0,0,0,67301,0,0,0,N,0,0,0,1,67301,0,,4,,9,N,N,N,0,,0,0,1,,0,,,1,0,0,0,0,0,0,2,0,1,7,,,N,,,,,,,,,,,0,0,0,0,0,0,0,0,0,0,0,0,0,0,0,0,0,0,0,0,0,0,0,0,0,0,0,0,0,0,0,0,0,0,0,0,0,0,0,1,0,0,0,1,0,0,0,0,0,1,0,0,0,0,0,1,0,0,0,0,0,0,0,1,0,0,0,1,1,0,0,0,0,0,0,0,1,0,0,0,0,0,0,0,1,0,0,0,0,0,0,0,0,0,0,0,0,0,0,0,1,0,0,0,0,0,0,0,0,0,0,1,0,0,0,0,0,0,0,0,0,1,1,1,0,0,1,0,0
-8357879.141,4871618.991,28690,2023100945,,1,0,0,0,0,0,0,0,0,4,0,,67,9,2023,5,40.039045,-75.080104,,6,0,0,0,0,0,0,0,0,,0,0,0,,,2,,1,,40 02:20.562,,0,75 04:48.376,8,0,0,0,67301,0,0,0,N,0,0,0,3,0,0,,1,,1,,,N,0,,0,0,1,,3,,,2,2,1,0,0,2,0,2,0,2,3,,,N,,,,,,,,,,,1,0,1,0,0,0,0,0,0,0,0,0,0,0,0,0,0,0,0,0,0,0,0,0,0,0,0,0,0,0,0,0,0,0,0,0,0,0,0,0,0,0,0,0,0,0,0,0,0,0,0,0,0,0,0,0,0,0,1,1,1,0,0,0,0,0,0,1,1,0,0,0,0,0,1,0,0,0,0,0,0,0,0,0,0,0,0,0,0,0,0,0,1,0,0,0,0,0,0,0,0,0,0,0,0,0,0,1,0,0,0,0,0,0,0,0,0,1,0,0,1,1,0,1,0,0,0,0,0
-8369299.077,4870022.04,28691,2023083488,1720,1,0,0,0,0,0,0,0,0,4,0,,67,9,2023,1,40.028061,-75.182691,1718,6,0,0,0,0,0,0,0,0,,0,0,0,,,1,,2,,40 01:41.019,,0,75 10:57.687,3,0,0,0,67301,0,0,0,N,0,0,0,2,67301,0,,1,,9,N,N,N,0,,1,0,1,,3,,,2,1,0,0,0,0,0,2,0,2,4,4,,N,,,,,,,,,,,0,0,1,0,0,0,0,0,0,0,0,0,0,0,0,0,0,0,0,0,0,0,0,0,0,0,0,0,0,0,0,0,0,0,0,0,0,0,0,0,0,0,0,0,0,0,0,0,0,0,0,0,0,0,0,0,0,0,1,1,1,0,0,0,0,0,0,1,1,0,0,0,0,0,1,0,0,0,0,0,0,0,0,0,0,0,0,0,0,0,0,0,0,0,0,0,0,0,0,0,0,0,0,0,0,0,0,1,0,1,0,0,0,0,0,0,0,0,0,0,1,1,0,1,0,0,1,0,0
-8365465.121,4868882.495,28692,2023081398,108,0,0,0,0,0,0,0,0,0,8,0,,67,9,2023,4,40.020222,-75.14825,103,6,0,0,0,0,0,0,0,0,,0,0,0,,,1,N,0,,40 01:12.800,,0,75 08:53.700,3,0,0,0,67301,1,0,0,N,1,0,0,2,67301,0,,1,,1,N,N,N,0,,1,0,0,,0,,,2,1,1,0,0,0,0,2,1,1,3,3,,N,,,,,,,,,,,0,0,0,0,0,0,0,0,0,0,0,0,0,0,0,0,0,0,0,0,0,0,0,0,0,0,0,0,0,0,0,0,0,0,0,0,0,0,0,0,0,0,0,0,0,0,0,0,0,0,0,0,0,0,0,1,0,0,1,1,0,0,0,0,0,0,0,1,1,0,0,0,0,0,0,0,1,0,0,0,0,1,0,0,0,0,0,0,0,0,0,0,0,0,0,0,0,0,0,0,1,0,0,0,0,0,0,0,0,1,0,0,0,0,0,0,0,1,0,0,0,1,0,0,1,0,0,0,0
-8362542.65,4869909.374,28693,2023081711,1240,1,0,0,0,0,0,0,0,0,8,0,,67,9,2023,3,40.027286,-75.121997,1240,6,0,0,0,0,0,0,0,0,,0,0,0,,,1,N,0,,40 01:38.230,,0,75 07:19.190,8,0,0,0,67301,1,0,0,N,1,0,0,2,67301,0,,1,,99,N,N,N,0,,0,0,0,,0,,,2,1,0,0,0,1,0,2,0,1,99,,,N,,,,,,,,,,,0,0,0,0,0,0,0,0,0,0,0,0,0,0,0,0,0,0,0,0,0,0,0,0,0,0,0,0,0,0,0,0,0,0,0,0,0,0,0,0,0,0,0,0,0,0,0,0,0,0,0,0,0,0,0,0,0,0,1,1,0,0,0,0,0,0,0,1,1,0,0,0,0,0,0,0,1,0,0,0,0,1,0,0,0,0,0,0,0,0,0,0,0,0,0,0,0,0,0,0,1,0,0,0,0,0,0,0,0,0,0,0,0,0,0,0,0,0,0,0,0,1,0,0,1,0,0,0,0
-8355653.307,4870273.11,28694,2023082031,127,1,0,0,0,0,0,0,0,0,4,0,,67,9,2023,7,40.029788,-75.060109,126,6,0,0,0,0,0,0,0,0,,0,0,0,,,2,,1,,40 01:47.237,,0,75 03:36.393,4,0,0,1,67301,0,0,0,N,0,0,0,2,67301,1,,1,,1,N,N,N,0,,0,0,0,,2,,,2,2,0,0,0,1,0,2,0,2,3,,,N,,,,,,,,,,,1,0,1,0,0,0,0,0,0,0,0,0,0,0,0,0,0,0,0,0,0,0,0,0,0,0,0,0,0,0,0,0,0,0,0,0,0,0,0,0,0,0,0,0,0,0,0,0,0,0,0,0,0,0,0,1,0,0,1,1,1,0,0,0,0,0,0,1,0,0,0,0,0,1,1,0,0,0,0,0,0,0,0,1,0,0,0,0,0,0,0,1,0,0,0,0,0,0,0,1,0,0,0,0,0,0,1,0,0,0,0,0,0,0,0,0,0,0,0,0,0,1,0,1,0,0,0,0,0
-8362622.466,4869046.027,28695,2023118363,824,1,0,0,0,0,0,0,0,0,8,0,,67,4,2023,6,40.021347,-75.122714,821,6,0,0,0,0,0,0,0,0,,0,0,0,,,1,N,0,,40 01:16.850,,0,75 07:21.770,4,0,0,0,67301,1,0,0,N,1,0,0,2,67301,1,,1,,1,N,N,N,0,,0,0,0,,0,,,2,1,1,0,0,0,0,2,0,1,4,4,,N,,,,,,,,,,,1,0,0,0,0,0,0,0,0,0,0,0,0,0,0,0,0,0,0,0,0,0,0,0,0,0,0,0,0,0,0,0,0,0,0,0,0,0,0,0,0,0,0,0,0,1,0,0,0,0,0,0,0,0,0,0,0,0,1,1,0,0,0,0,0,0,0,1,1,0,0,0,0,0,0,0,1,0,0,0,0,1,0,1,0,0,0,0,0,0,0,0,0,0,0,0,0,0,0,0,1,0,0,0,0,0,0,0,0,0,0,0,0,0,0,0,0,1,0,0,0,1,0,0,1,0,0,0,0
-8365564.975,4870673.497,28696,2023083072,11,1,0,0,0,0,0,0,0,0,1,0,,67,9,2023,2,40.032542,-75.149147,11,6,0,0,0,0,0,0,0,0,,0,0,0,,,0,N,0,,40 01:57.150,,0,75 08:56.930,0,0,0,0,67301,0,0,0,N,0,0,0,1,67301,0,,1,,9,N,N,N,0,,0,0,1,,0,,,2,0,0,0,0,0,0,2,0,2,7,7,,N,,,,,,,,,,,0,0,0,0,0,0,0,0,0,0,0,0,0,0,0,0,0,1,0,0,0,0,0,0,0,0,0,0,0,0,0,0,0,0,0,0,0,0,0,0,0,0,1,0,0,0,0,0,0,0,0,0,0,0,0,1,0,0,0,0,0,0,0,0,0,0,0,1,1,0,0,0,0,0,1,0,1,0,0,0,0,0,0,0,1,0,0,0,0,1,0,0,0,0,0,0,0,0,0,0,0,0,0,0,0,0,0,0,0,0,0,0,0,0,0,0,0,0,0,0,0,1,0,1,0,0,1,0,0
-8377157.456,4861936.846,28697,2023085188,2059,1,0,0,0,0,0,0,0,0,8,0,,67,9,2023,2,39.972423,-75.253284,2056,6,0,0,0,0,0,0,0,0,,0,0,0,,,1,,1,,39 58:20.723,,0,75 15:11.823,8,0,0,0,67301,1,0,0,N,1,0,0,2,67301,0,,1,,1,N,N,N,0,,0,0,0,,2,,,2,1,1,0,0,1,1,2,0,1,3,,,N,,,,,,,,,,,1,0,0,0,0,0,0,0,0,0,0,0,0,0,0,0,0,0,0,0,0,0,0,0,0,0,0,0,0,0,0,0,0,0,0,0,0,0,0,0,0,0,0,0,0,0,0,0,0,0,0,0,0,0,0,0,0,0,1,1,1,0,0,0,1,0,0,1,0,0,0,0,0,0,0,0,0,0,0,0,0,1,0,0,0,0,0,0,0,0,0,0,0,0,0,0,0,0,0,1,1,0,0,0,0,0,1,0,0,0,0,0,0,0,0,0,0,1,0,0,0,1,0,0,1,0,0,0,0