X,Y,objectid,crn,arrival_tm,automobile_count,belted_death_count,belted_susp_serious_inj_count,bicycle_count,bicycle_death_count,bicycle_susp_serious_inj_count,bus_count,chldpas_death_count,chldpas_susp_serious_inj_count,collision_type,comm_veh_count,cons_zone_spd_lim,county,crash_month,crash_year,day_of_week,dec_latitude,dec_longitude,dispatch_tm,district,driver_count_16yr,driver_count_17yr,driver_count_18yr,driver_count_19yr,driver_count_20yr,driver_count_50_64yr,driver_count_65_74yr,driver_count_75plus,est_hrs_closed,fatal_count,heavy_truck_count,horse_buggy_count,hour_of_day,illumination,injury_count,intersection_related_x,intersect_type,lane_closed,latitude,ln_close_dir,location_type,longitude,max_severity_level,mcycle_death_count,mcycle_susp_serious_inj_count,motorcycle_count,municipality,nonmotr_count,nonmotr_death_count,nonmotr_susp_serious_inj_count,ntfy_hiwy_maint,ped_count,ped_death_count,ped_susp_serious_inj_count,person_count,police_agcy,possible_inj_count,rdwy_surf_type_cd,relation_to_road,roadway_cleared,road_condition,sch_bus_ind,sch_zone_ind,secondary_crash,small_truck_count,spec_juris_cd,susp_minor_inj_count,susp_serious_inj_count,suv_count,tcd_func_cd,tcd_type,tfc_detour_ind,time_of_day,total_units,tot_inj_count,unbelted_occ_count,unb_death_count,unb_susp_serious_inj_count,unk_inj_deg_count,unk_inj_per_count,urban_rural,van_count,vehicle_count,weather1,weather2,workers_pres,work_zone_ind,work_zone_loc,work_zone_type,wz_close_detour,wz_flagger,wz_law_offcr_ind,wz_ln_closure,wz_moving,wz_other,wz_shlder_mdn,wz_workers_inj_killed,aggressive_driving,alcohol_related,angle_crash,atv,atv_route,backup_congestion,backup_nonrecurring,backup_prior,bicycle,cell_phone,child_passenger,comm_vehicle,core_network,cross_median,curved_road,curve_dvr_error,deer_related,distracted,drinking_driver,driver_16yr,driver_17yr,driver_18yr,driver_19yr,driver_20yr,driver_50_64yr,driver_65_74yr,driver_75plus,drugged_driver,drug_related,fatal,fatal_or_susp_serious_inj,fatigue_asleep,federal_aid_route,fire_in_vehicle,hazardous_truck,hit_barrier,hit_bridge,hit_deer,hit_embankment,hit_fixed_object,hit_gdrail,hit_gdrail_end,hit_parked_vehicle,hit_pole,hit_roadway_equipment,hit_run,hit_temp_construction_barrier,hit_traffic_island,hit_tree_shrub,hit_utility_pole,horse_buggy,ho_oppdir_sdswp,hvy_truck_related,icy_road,illegal_drug_related,illumination_dark,impaired_driver,impaired_nonmotorist,injury,injury_or_fatal,intersection,intersection_related_y,interstate,lane_departure,left_turn,limit_65mph,limit_70mph,local_road,local_road_only,marijuana_drugged_driver,marijuana_related,mature_driver,mc_drinking_driver,motorcycle,multiple_vehicle,nhtsa_agg_driving,non_intersection,no_clearance,opioid_related,other_freeway_expressway,overturned,pedestrian,phantom_vehicle,possible_injury,property_damage_only,psp_reported,ramp,ramp_segment,ramp_terminal,rear_end,roundabout,running_red_lt,running_stop_sign,rural,school_bus,school_bus_related,school_bus_unit,school_zone,shldr_related,signalized_int,single_vehicle,snowmobile,snow_slush_road,speeding,speeding_related,speed_change_lane,state_road,stop_controlled_int,sudden_deer,suspected_minor_injury,suspected_serious_injury,sv_run_off_rd,tailgating,train,train_trolley,trolley,turnpike,unbelted,underage_drnk_drv,unlicensed,unsignalized_int,urban,vehicle_failure,vehicle_towed,vulnerable_road_user,vulnerable_road_user_fatal,wet_road,work_zone,young_driver
-8366516.979,4866264.609,30694,2024003268,1750,0,0,0,0,0,0,0,0,0,8,0,,67,1,2024,6,40.00221,-75.157699,1750,6,0,0,0,0,0,0,1,0,,0,0,0,,,1,,1,,40 00:07.956,4,0,75 09:27.716,3,0,0,0,67301,1,0,0,N,1,0,0,2,67301,0,,1,1805,1,N,N,N,0,,1,0,0,,2,Y,,2,1,0,0,0,0,0,2,1,1,3,3,,N,,,,,,,,,,,1,0,0,0,0,0,0,0,0,0,0,0,0,0,0,0,0,0,0,0,0,0,0,0,0,1,0,0,0,0,0,0,0,0,0,0,0,0,0,0,0,0,0,0,0,0,0,0,0,0,0,0,0,0,0,1,0,0,1,1,1,0,0,0,1,0,0,1,0,0,0,1,0,0,0,0,0,0,0,0,0,1,0,0,0,0,0,0,0,0,0,0,0,0,0,0,0,0,0,1,1,0,0,0,0,0,1,0,0,1,0,0,0,0,0,0,0,0,0,0,0,1,0,0,1,0,0,0,0
-8363214.686,4874164.99,30695,2024013527,720,1,0,0,0,0,0,0,0,0,1,0,,67,1,2024,4,40.056553,-75.128034,702,6,0,0,0,0,0,0,0,0,,0,0,0,,,2,N,0,,40 03:23.590,4,0,75 07:40.924,8,0,0,0,67301,0,0,0,N,0,0,0,3,46102,0,,1,802,1,N,N,N,0,,0,0,1,,2,N,,3,2,0,0,0,2,0,2,1,3,4,,,N,,,,,,,,,,,0,0,0,0,0,0,0,0,0,0,0,0,0,0,0,0,0,0,0,0,0,0,0,0,0,0,0,0,0,0,0,0,0,0,0,0,0,0,0,0,0,0,0,0,0,0,0,0,0,0,0,0,0,0,0,0,0,0,1,1,0,0,0,0,0,0,0,0,0,0,0,0,0,0,1,0,1,0,0,0,0,0,0,0,0,0,0,0,0,1,0,0,0,0,0,0,0,0,0,0,0,0,0,0,0,0,1,0,0,0,0,0,0,0,0,0,0,0,0,0,0,1,0,1,0,0,0,0,0
-8355923.479,4870001.688,30696,2024007130,1345,3,0,0,0,0,0,0,0,0,4,0,,67,1,2024,3,40.027921,-75.062536,1332,6,0,0,0,0,0,0,0,0,,0,0,0,,,1,N,0,,40 01:40.514,,7,75 03:45.130,3,0,0,0,67301,0,0,0,N,0,0,0,3,68K01,0,,1,,1,N,N,N,0,,1,0,0,,0,,,3,1,0,0,0,0,0,2,0,3,3,3,,N,,,,,,,,,,,0,0,1,0,0,0,0,0,0,0,0,0,0,0,0,0,0,0,0,0,0,0,0,0,0,0,0,0,0,0,0,0,0,0,0,0,0,0,0,0,0,0,0,0,0,0,0,0,0,0,0,0,0,0,0,0,0,0,1,1,0,0,0,0,1,0,0,0,0,0,0,0,0,0,1,0,1,0,0,0,0,0,0,0,0,1,0,0,0,0,0,0,0,0,0,0,0,0,0,0,0,0,0,0,0,0,1,0,0,1,0,0,0,0,0,0,0,0,0,0,0,1,0,1,0,0,0,0,0
-8369339.709,4876444.117,30697,2024001844,519,0,0,0,0,0,0,0,0,0,7,0,,67,1,2024,3,40.072222,-75.183056,510,6,0,0,0,0,0,0,0,0,,0,0,0,,,0,N,0,,40 04:20.000,,0,75 10:59.000,0,0,0,0,67301,0,0,0,N,0,0,0,1,67301,0,,5,,1,N,N,N,0,,0,0,1,,0,,,1,0,0,0,0,0,0,2,0,1,3,,,N,,,,,,,,,,,0,0,0,0,0,0,0,0,0,0,0,0,0,0,0,0,0,0,0,0,0,0,0,0,0,0,0,0,0,0,0,0,0,0,0,0,0,0,0,1,0,0,0,1,0,0,0,0,0,1,0,0,0,0,0,1,0,0,0,0,0,0,0,1,0,0,0,1,1,0,0,0,0,0,0,0,1,0,0,0,0,0,0,0,1,0,0,0,0,0,0,0,0,0,0,0,0,0,0,0,1,0,0,0,0,0,0,0,0,0,0,1,0,0,0,0,0,0,0,0,0,1,0,1,0,0,0,0,0
-8374466.306,4855083.582,30698,2024009200,1243,2,0,1,0,0,0,0,0,0,4,0,,67,1,2024,3,39.925227,-75.229109,1243,6,0,0,0,0,0,1,0,0,,0,0,0,,,3,,1,,39 55:30.817,,0,75 13:44.792,2,0,0,0,67301,0,0,0,N,0,0,0,3,67301,0,,1,,1,N,N,N,1,,1,2,2,,2,,,6,3,2,0,1,0,0,2,1,6,3,3,,N,,,,,,,,,,,1,1,1,0,0,0,0,0,0,0,0,0,0,0,0,0,0,0,1,0,0,0,0,0,1,0,0,1,1,0,1,0,0,0,0,0,0,0,0,0,0,0,1,0,0,0,0,0,0,0,0,0,0,0,1,0,1,0,1,1,1,0,0,0,0,0,0,1,1,0,0,0,0,0,1,0,0,0,0,0,0,0,0,0,0,0,0,0,0,0,0,0,0,0,0,0,0,0,0,1,0,0,0,0,1,0,0,0,0,1,1,0,0,0,0,0,0,1,0,1,0,1,0,1,0,0,0,0,0
-8376016.431,4860231.8,30699,2024003199,1737,2,0,0,0,0,0,0,0,0,4,0,,67,1,2024,2,39.960684,-75.243034,1737,6,0,0,1,0,0,0,0,0,,0,0,0,,,1,,1,,39 57:38.464,,0,75 14:34.923,4,0,0,0,67301,0,0,0,N,0,0,0,3,67301,1,,1,,1,N,N,N,0,,0,0,1,,2,,,3,1,1,0,0,0,0,2,0,3,3,3,,N,,,,,,,,,,,1,0,1,0,0,0,0,0,0,0,0,0,0,0,0,0,0,0,0,0,0,1,0,0,0,0,0,0,0,0,0,0,0,0,0,0,0,0,0,0,0,0,1,0,0,1,0,0,0,0,0,0,0,0,0,1,0,0,1,1,1,0,0,0,0,0,0,1,0,0,0,0,0,0,1,1,0,0,0,0,0,0,0,1,0,0,0,0,0,0,0,1,0,0,0,0,0,0,0,1,0,0,0,0,0,0,1,0,0,0,0,0,0,0,0,0,0,1,0,0,0,1,0,1,0,0,0,0,1
-8366244.023,4856576.505,30700,2024022328,840,1,0,0,0,0,0,1,0,0,1,1,,67,3,2024,6,39.935511,-75.155247,744,6,0,0,0,0,0,1,0,0,,0,0,0,,,0,N,0,,39 56:07.840,4,0,75 09:18.890,9,0,0,0,67301,0,0,0,N,0,0,0,2,67301,0,,1,955,1,N,N,N,0,,0,0,0,,0,N,,2,0,0,0,0,0,1,2,0,2,3,3,,N,,,,,,,,,,,0,0,0,0,0,0,0,0,0,0,0,1,0,0,0,0,0,0,0,0,0,0,0,0,1,0,0,0,0,0,0,0,0,0,0,0,0,0,0,0,0,0,0,0,0,1,0,0,0,0,0,0,0,0,0,0,0,0,0,0,0,0,0,0,0,0,0,1,1,0,0,0,0,0,1,0,1,0,0,0,0,0,0,0,0,0,0,0,0,1,0,0,0,0,0,0,0,0,0,0,0,0,0,0,1,0,0,0,0,0,0,0,0,0,0,0,0,0,0,0,0,1,0,1,0,0,0,0,0
-8358658.266,4869953.278,30701,2024003253,1900,0,0,0,0,0,0,0,0,0,8,0,,67,1,2024,5,40.027588,-75.087103,1835,6,0,0,0,0,0,0,0,0,,0,0,0,,,1,,1,,40 01:39.316,,0,75 05:13.570,8,0,0,0,67301,1,0,0,N,1,0,0,2,67301,0,,1,,1,N,N,N,0,,0,0,1,,3,,,2,1,1,0,0,1,0,2,0,1,3,3,,N,,,,,,,,,,,1,0,0,0,0,0,0,0,0,0,0,0,0,0,0,0,0,0,0,0,0,0,0,0,0,0,0,0,0,0,0,0,0,0,0,0,0,0,0,0,0,0,0,0,0,1,0,0,0,0,0,0,0,0,0,1,0,0,1,1,1,0,0,0,0,0,0,1,1,0,0,0,0,0,0,0,0,0,0,0,0,1,0,0,0,0,0,0,0,0,0,0,1,0,0,0,0,0,0,0,1,0,0,0,0,0,0,1,0,0,0,0,0,0,0,0,0,1,0,0,1,1,0,0,1,0,0,0,0
-8370686.229,4858056.438,30702,2024023692,1145,1,0,0,0,0,0,0,0,0,5,0,,67,3,2024,6,39.945704,-75.195152,1143,6,0,0,0,0,0,1,0,0,,0,0,0,,,1,,11,,39 56:44.535,,0,75 11:42.547,3,0,0,0,67301,0,0,0,N,0,0,0,2,67504,0,,1,,1,N,N,N,0,,1,0,0,,2,,,2,1,1,0,0,0,0,2,1,2,3,,,N,,,,,,,,,,,0,0,0,0,0,0,0,0,0,0,0,0,0,0,0,0,0,0,0,0,0,0,0,0,1,0,0,0,0,0,0,0,0,0,0,0,0,0,0,0,0,0,0,0,0,0,0,0,0,0,0,0,0,0,0,0,0,0,1,1,1,0,0,0,1,0,0,1,1,0,0,0,0,0,1,0,0,0,0,0,0,0,0,0,0,0,0,0,0,0,0,0,0,0,0,0,0,0,0,1,0,0,0,0,0,0,0,0,0,1,0,0,0,0,0,0,0,1,0,0,0,1,0,1,0,0,0,0,0
-8367107.418,4858788.137,30703,2024022766,1618,0,0,0,1,0,0,1,0,0,8,1,,67,1,2024,7,39.950743,-75.163003,1612,6,0,0,0,0,0,0,0,0,,0,0,0,,,1,N,0,,39 57:02.676,,0,75 09:46.811,4,0,0,0,67301,1,0,0,N,0,0,0,2,67508,1,,1,,1,,,N,0,,0,0,0,,0,,,2,1,0,0,0,0,0,2,0,1,3,3,,N,,,,,,,,,,,0,0,0,0,0,0,0,0,1,0,0,1,0,0,0,0,0,0,0,0,0,0,0,0,0,0,0,0,0,0,0,0,0,0,0,0,0,0,0,0,0,0,0,0,0,0,0,0,0,0,0,0,0,0,0,0,0,0,1,1,0,0,0,0,0,0,0,0,0,0,0,0,0,0,0,0,1,0,0,0,0,0,0,1,0,0,0,0,0,0,0,0,0,0,0,0,0,0,0,0,1,0,0,0,0,0,1,0,0,0,0,0,0,0,0,0,0,0,0,0,0,1,0,0,1,0,0,0,0
-8366537.128,4862846.933,30704,2024020550,2232,1,0,0,0,0,0,0,0,0,8,0,,67,3,2024,1,39.978688,-75.15788,2230,6,0,0,0,0,0,0,0,0,,0,0,0,,,1,N,1,,39 58:43.276,2,0,75 09:28.368,8,0,0,0,67301,1,0,0,N,1,0,0,2,67505,0,,1,2300,1,N,N,N,0,,0,0,0,,2,N,,2,1,0,0,0,1,0,2,0,1,3,,,N,,,,,,,,,,,0,0,0,0,0,0,0,0,0,0,0,0,0,0,0,0,0,0,0,0,0,0,0,0,0,0,0,0,0,0,0,0,0,0,0,0,0,0,0,0,0,0,0,0,0,0,0,0,0,0,0,0,0,0,0,1,0,0,1,1,1,0,0,0,0,0,0,0,0,0,0,0,0,0,0,0,0,0,0,0,0,1,0,0,0,0,0,0,0,0,0,0,0,0,0,0,0,0,0,1,1,0,0,0,0,0,1,0,0,0,0,0,0,0,0,0,0,0,0,0,0,1,0,0,1,0,0,0,0
-8365590.8,4857336.988,30705,2024003231,2202,0,0,0,0,0,0,0,0,0,8,0,,67,1,2024,2,39.940749,-75.149379,2201,6,0,0,0,0,0,0,0,0,,0,0,0,,,1,,1,,39 56:26.695,,0,75 08:57.763,3,0,0,0,67301,1,0,0,N,1,0,0,2,67301,0,,1,,1,N,N,N,0,,1,0,0,,3,,,2,1,0,0,0,0,0,2,0,1,3,,,N,,,,,,,,,,,1,0,0,0,0,0,0,0,0,0,0,0,0,0,0,0,0,0,0,0,0,0,0,0,0,0,0,0,0,0,0,0,0,0,0,0,0,0,0,0,0,0,0,0,0,1,0,0,0,0,0,0,0,0,0,1,0,0,1,1,1,0,0,0,0,0,0,1,1,0,0,0,0,0,0,0,0,0,0,0,0,1,0,0,0,0,0,0,0,0,0,0,0,0,0,0,0,0,0,0,1,0,0,0,0,0,0,1,0,1,0,0,0,0,0,0,0,0,0,0,1,1,0,0,1,0,0,0,0
-8367943.65,4854447.809,30706,2024005225,1228,1,0,0,0,0,0,0,0,0,1,0,,67,1,2024,7,39.920847,-75.170515,1217,6,0,0,0,0,0,1,0,0,,0,0,0,,,1,N,0,,39 55:15.050,,0,75 10:13.854,4,0,0,0,67301,0,0,0,N,0,0,0,3,67301,1,,6,,9,N,N,N,0,,0,0,1,,0,,,3,1,0,0,0,0,0,2,1,3,7,4,,N,,,,,,,,,,,0,0,0,0,0,0,0,0,0,0,0,0,0,0,0,0,0,0,0,0,0,0,0,0,1,0,0,1,1,0,0,0,0,0,0,0,0,0,0,0,0,0,1,1,0,0,0,0,0,0,0,0,0,0,0,0,1,0,1,1,0,0,0,1,0,0,0,0,0,0,0,0,0,0,1,0,1,0,0,0,0,0,0,1,0,0,0,0,0,1,0,0,0,0,0,0,0,0,0,0,0,0,0,0,0,0,1,0,0,0,0,0,0,0,0,0,0,0,0,0,0,1,0,0,0,0,1,0,0
-8363049.821,4861630.646,30707,2024001649,2055,2,0,0,0,0,0,0,0,0,4,0,,67,1,2024,4,39.970315,-75.126553,2055,6,0,0,0,0,1,0,0,0,,0,0,0,,,0,,1,,39 58:13.135,,0,75 07:35.589,0,0,0,0,67301,0,0,0,N,0,0,0,2,67301,0,,1,,1,N,N,N,0,,0,0,0,,3,,,2,0,2,0,0,0,0,2,0,2,3,,,N,,,,,,,,,,,0,0,1,0,0,0,0,0,0,0,0,0,0,0,0,0,0,0,0,0,0,0,0,1,0,0,0,0,0,0,0,0,0,0,0,0,0,0,0,0,0,0,0,0,0,0,0,0,0,0,0,0,0,0,0,1,0,0,0,0,1,0,0,0,0,0,0,1,1,0,0,0,0,0,1,0,0,0,0,0,0,0,0,0,1,0,0,0,0,0,0,0,0,0,0,0,0,0,0,0,0,0,0,0,0,0,0,1,0,0,0,0,0,0,0,0,0,1,0,0,1,1,0,1,0,0,0,0,1
-8364992.792,4863483.681,30708,2024021782,1215,1,0,0,0,0,0,1,0,0,4,1,,67,1,2024,4,39.983071,-75.144007,1200,6,0,0,0,0,0,1,0,0,,0,0,0,,,2,,5,,39 58:59.055,,0,75 08:38.425,4,0,0,0,67301,0,0,0,N,0,0,0,3,67508,1,,1,,6,,,N,0,,0,0,0,,2,,,2,2,0,0,0,1,0,2,0,2,3,3,,N,,,,,,,,,,,1,0,1,0,0,0,0,0,0,0,0,1,0,0,0,0,0,0,0,0,0,0,0,0,1,0,0,0,0,0,0,0,0,0,0,0,0,0,0,0,0,0,0,0,0,0,0,0,0,0,0,0,0,0,0,0,0,0,1,1,1,0,0,0,1,0,0,1,1,0,0,0,0,0,1,0,0,0,0,0,0,0,0,1,0,0,0,0,0,0,0,0,0,0,0,0,0,0,0,1,0,0,1,0,0,0,0,0,0,0,0,0,0,0,0,0,0,0,0,0,0,1,0,0,0,0,0,0,0
-8365807.985,4859633.165,30709,2024022723,2000,1,0,0,0,0,0,0,0,0,2,0,,67,3,2024,7,39.956562,-75.15133,2000,6,0,0,0,0,0,0,0,0,,0,0,0,,,0,,5,,39 57:23.624,,2,75 09:04.788,9,0,0,0,67301,0,0,0,N,0,0,0,2,67301,0,,1,,9,N,N,N,0,,0,0,1,,2,,,2,0,2,0,0,0,1,2,0,2,3,3,,N,,,,,,,,,,,1,0,0,0,0,0,0,0,0,0,0,0,0,0,0,0,0,0,0,0,0,0,0,0,0,0,0,0,0,0,0,0,0,0,0,0,0,0,0,0,0,0,0,0,0,0,0,0,0,0,0,1,0,0,0,1,0,0,0,0,1,0,0,0,0,0,0,1,0,0,0,0,0,0,1,0,0,0,0,0,0,0,0,0,0,0,0,0,0,0,0,1,0,0,0,0,0,0,0,1,0,0,0,0,0,0,1,0,0,0,0,0,0,0,0,0,0,1,0,0,0,1,0,1,0,0,1,0,0
-8368077.568,4876561.659,30710,2024022932,1643,1,0,0,0,0,0,0,0,0,4,0,,67,3,2024,1,40.07303,-75.171718,1631,6,0,0,0,0,0,0,0,0,,0,0,0,,,1,,1,,40 04:22.908,,0,75 10:18.184,8,0,0,0,67301,0,0,0,N,0,0,0,4,67301,0,,1,,1,N,N,N,0,,0,0,1,,3,,,2,1,0,0,0,1,2,2,0,2,3,,,N,,,,,,,,,,,0,0,1,0,0,0,0,0,0,0,0,0,0,0,0,0,0,0,0,0,0,0,0,0,0,0,0,0,0,0,0,0,0,0,0,0,0,0,0,0,0,0,0,0,0,0,0,0,0,0,0,0,0,0,0,0,0,0,1,1,1,0,0,0,0,0,0,1,1,0,0,0,0,0,1,0,0,0,0,0,0,0,0,0,0,0,0,0,0,0,0,0,0,0,0,0,0,0,0,0,0,0,0,0,0,0,0,1,0,0,0,0,0,0,0,0,0,0,0,0,1,1,0,1,0,0,0,0,0
-8360024.824,4866553.659,30711,2024003262,1048,1,0,0,0,0,0,0,0,0,4,0,,67,1,2024,6,40.004199,-75.099379,1046,6,0,0,0,0,0,1,0,0,,0,0,0,,,1,,1,,40 00:15.118,,1,75 05:57.764,3,0,0,0,67301,0,0,0,N,0,0,0,2,67301,0,,1,,1,N,N,N,1,,1,0,0,,2,,,2,1,0,0,0,0,0,2,0,2,3,3,,N,,,,,,,,,,,0,0,1,0,0,0,0,0,0,0,0,0,0,0,0,0,0,0,0,0,0,0,0,0,1,0,0,0,0,0,0,0,0,0,0,0,0,0,0,0,0,0,0,0,0,0,0,0,0,0,0,0,0,0,0,0,0,0,1,1,1,0,0,0,0,0,0,1,0,0,0,0,0,0,1,0,0,0,0,0,0,0,0,0,0,0,0,0,0,0,0,0,0,0,0,0,0,0,0,1,0,0,0,0,0,0,1,0,0,1,0,0,0,0,0,0,0,0,0,0,0,1,0,1,0,0,0,0,0
-8374575.51,4854041.544,30712,2024003963,1547,1,0,0,0,0,0,0,0,0,8,0,,67,1,2024,3,39.918048,-75.23009,1547,6,0,0,0,0,0,0,1,0,,0,0,0,,,1,,1,,39 55:04.972,,0,75 13:48.323,3,0,0,0,67301,1,0,0,N,1,0,0,2,67301,0,,1,,9,N,N,N,0,,1,0,0,,3,,,2,1,0,0,0,0,0,2,0,1,7,7,,N,,,,,,,,,,,1,0,0,0,0,0,0,0,0,0,0,0,0,0,0,0,0,0,0,0,0,0,0,0,0,1,0,0,0,0,0,0,0,0,0,0,0,0,0,0,0,0,0,0,0,0,0,0,0,0,0,0,0,0,0,0,0,0,1,1,1,0,0,0,0,0,0,1,1,0,0,1,0,0,0,0,0,0,0,0,0,1,0,0,0,0,0,0,0,0,0,0,0,0,0,0,0,0,0,0,1,0,0,0,1,0,0,1,0,1,0,0,0,0,0,0,0,0,0,0,1,1,0,0,1,0,1,0,0
-8366384.398,4875306.161,30713,2024007139,1536,0,0,0,0,0,0,0,0,0,8,0,,67,1,2024,4,40.064399,-75.156508,1528,6,0,0,0,0,0,1,0,0,,0,0,0,,,1,,5,,40 03:51.836,,0,75 09:23.428,2,0,0,0,67301,1,0,1,N,1,0,1,2,67301,0,,1,,2,N,N,N,0,,0,1,0,,2,,,2,1,1,0,0,0,0,2,1,1,10,10,,N,,,,,,,,,,,0,0,0,0,0,0,0,0,0,0,0,0,0,0,0,0,0,0,0,0,0,0,0,0,1,0,0,0,0,0,1,0,0,0,0,0,0,0,0,0,0,0,0,0,0,0,0,0,0,0,0,0,0,1,0,0,0,0,1,1,1,0,0,0,0,0,0,1,1,0,0,0,0,0,0,0,0,0,0,0,0,1,0,0,0,0,0,0,0,0,0,0,0,0,0,0,0,0,0,1,1,0,0,0,0,0,0,0,0,0,1,0,0,0,0,0,0,1,0,0,0,1,0,0,1,0,0,0,0
-8374181.774,4862689.895,30714,2024009818,1830,0,0,0,0,0,0,0,0,0,5,0,,67,1,2024,4,39.977607,-75.226553,1810,6,0,0,0,0,0,0,0,0,,0,0,0,,,2,N,0,,39 58:39.386,,0,75 13:35.591,3,0,0,0,67301,0,0,0,N,0,0,0,4,67301,0,,1,,9,N,N,N,0,,2,0,0,,0,,,2,2,0,0,0,0,0,2,1,2,3,4,,N,,,,,,,,,,,1,0,0,0,0,0,0,0,0,0,0,0,0,0,0,0,0,0,0,0,0,0,0,0,0,0,0,0,0,0,0,0,0,0,0,0,0,0,0,0,0,0,0,0,0,0,0,0,0,0,0,0,0,0,0,0,0,0,1,1,0,0,0,0,0,0,0,0,0,0,0,0,0,0,1,0,1,0,0,0,0,0,0,0,0,0,0,0,0,0,0,0,0,0,0,0,0,0,0,0,0,0,0,0,0,0,1,0,0,1,0,0,0,0,0,0,0,0,0,0,0,1,0,0,0,0,1,0,0
-8361613.466,4872707.519,30715,2024003205,1839,0,0,0,0,0,0,0,0,0,1,0,,67,1,2024,5,40.046531,-75.11365,1836,6,0,0,0,0,0,1,0,0,,0,0,0,,,0,N,0,,40 02:47.510,,0,75 06:49.140,0,0,0,0,67301,0,0,0,N,0,0,0,1,67301,0,,6,,1,N,N,N,1,,0,0,1,,0,,,2,0,0,0,0,0,0,2,0,2,3,3,,N,,,,,,,,,,,0,0,0,0,0,0,0,0,0,0,0,0,0,0,0,0,0,1,0,0,0,0,0,0,1,0,0,0,0,0,0,0,0,0,0,0,0,0,0,0,0,0,1,0,0,0,0,0,0,0,0,0,0,0,0,1,0,0,0,0,0,0,0,0,0,0,0,1,1,0,0,0,0,0,1,0,1,0,0,0,0,0,0,0,1,0,0,0,0,1,0,0,0,0,0,0,0,0,0,0,0,0,0,0,0,0,0,0,0,0,0,0,0,0,0,0,0,0,0,0,0,1,0,1,0,0,0,0,0
-8368847.565,4871824.008,30716,2024003242,1325,0,0,0,1,0,0,0,0,0,8,0,,67,1,2024,5,40.040455,-75.178635,1324,6,0,0,0,0,0,0,1,0,,0,0,0,,,1,,1,,40 02:25.638,,0,75 10:43.085,3,0,0,0,67301,1,0,0,N,0,0,0,2,67301,0,,1,,1,N,N,N,0,,1,0,1,,2,,,2,1,0,0,0,0,0,2,0,1,3,3,,N,,,,,,,,,,,1,0,0,0,0,0,0,0,1,0,0,0,0,0,0,0,0,0,0,0,0,0,0,0,0,1,0,0,0,0,0,0,0,0,0,0,0,0,0,0,0,0,0,0,0,0,0,0,0,0,0,0,0,0,0,0,0,0,1,1,1,0,0,0,0,0,0,1,0,0,0,1,0,0,0,0,0,0,0,0,0,0,0,0,0,0,0,0,0,0,0,0,0,0,0,0,0,0,0,1,1,0,0,0,0,0,1,0,0,1,0,0,0,0,0,0,0,0,0,0,0,1,0,0,1,0,0,0,0
-8352199.953,4872745.182,30717,2024025730,1938,2,0,0,0,0,0,0,0,0,2,0,,67,3,2024,4,40.04679,-75.029087,1922,6,0,0,0,0,0,0,0,0,,0,0,0,,,1,,1,,40 02:48.444,,0,75 01:44.713,3,0,0,0,67301,0,0,0,N,0,0,0,1,67301,0,,5,,1,N,N,N,0,,1,0,0,,3,,,2,1,0,0,0,0,0,2,0,2,3,3,,N,,,,,,,,,,,0,0,0,0,0,0,0,0,0,0,0,0,0,0,0,0,0,0,0,0,0,0,0,0,0,0,0,0,0,0,0,0,0,0,0,0,0,0,0,0,0,0,1,0,0,0,0,0,0,0,0,1,0,0,0,0,0,0,1,1,1,0,0,0,0,0,0,1,1,0,0,0,0,0,1,0,0,0,0,0,0,0,0,0,0,0,0,0,0,0,0,0,0,0,0,0,0,0,0,0,0,0,0,0,0,0,0,1,0,1,0,1,0,0,0,0,0,0,0,0,1,1,0,0,0,0,0,0,0
-8367429.911,4874636.074,30718,2024004362,1732,1,0,0,0,0,0,0,0,0,8,0,,67,1,2024,4,40.059792,-75.1659,1730,6,0,0,0,1,0,0,0,0,,0,0,0,,,1,N,0,,40 03:35.251,,0,75 09:57.239,3,0,0,0,67301,1,0,0,N,1,0,0,2,67301,0,,6,,1,N,N,N,0,,1,0,0,,0,,,2,1,0,0,0,0,0,2,0,1,3,,,N,,,,,,,,,,,0,0,0,0,0,0,0,0,0,0,0,0,0,0,0,0,0,1,0,0,0,0,1,0,0,0,0,0,0,0,0,0,0,0,0,0,0,0,0,0,0,0,0,0,0,0,0,0,0,0,0,0,0,0,0,1,0,0,1,1,0,0,0,0,0,0,0,0,0,0,0,0,0,0,0,0,1,0,0,0,0,1,0,0,0,0,0,0,0,0,0,0,0,0,0,0,0,0,0,0,1,0,0,0,0,0,1,0,0,1,0,0,0,0,0,0,0,0,0,0,0,1,0,0,1,0,0,0,1
-8355539.538,4871831.278,30719,2024004484,1432,2,0,0,0,0,0,0,0,0,4,0,,67,1,2024,3,40.040505,-75.059087,1432,6,0,0,0,0,0,0,0,0,,0,0,0,,,1,,1,,40 02:25.817,,0,75 03:32.713,3,0,0,0,67301,0,0,0,N,0,0,0,2,67301,0,,1,,1,N,N,N,0,,1,0,0,,2,,,2,1,1,0,0,0,0,2,0,2,3,,,N,,,,,,,,,,,0,0,1,0,0,0,0,0,0,0,0,0,0,0,0,0,0,0,0,0,0,0,0,0,0,0,0,0,0,0,0,0,0,0,0,0,0,0,0,0,0,0,0,0,0,1,0,0,0,0,0,0,0,0,0,0,0,0,1,1,1,0,0,0,0,0,0,1,0,0,0,0,0,0,1,0,0,0,0,0,0,0,0,0,0,0,0,0,0,0,0,0,0,0,0,0,0,0,0,1,0,0,0,0,0,0,1,0,0,1,0,0,0,0,0,0,0,1,0,0,0,1,0,0,0,0,0,0,0