X,Y,objectid,crn,arrival_tm,automobile_count,belted_death_count,belted_susp_serious_inj_count,bicycle_count,bicycle_death_count,bicycle_susp_serious_inj_count,bus_count,chldpas_death_count,chldpas_susp_serious_inj_count,collision_type,comm_veh_count,cons_zone_spd_lim,county,crash_month,crash_year,day_of_week,dec_latitude,dec_longitude,dispatch_tm,district,driver_count_16yr,driver_count_17yr,driver_count_18yr,driver_count_19yr,driver_count_20yr,driver_count_50_64yr,driver_count_65_74yr,driver_count_75plus,est_hrs_closed,fatal_count,heavy_truck_count,horse_buggy_count,hour_of_day,illumination,injury_count,intersection_related_x,intersect_type,lane_closed,latitude,ln_close_dir,location_type,longitude,max_severity_level,mcycle_death_count,mcycle_susp_serious_inj_count,motorcycle_count,municipality,nonmotr_count,nonmotr_death_count,nonmotr_susp_serious_inj_count,ntfy_hiwy_maint,ped_count,ped_death_count,ped_susp_serious_inj_count,person_count,police_agcy,possible_inj_count,rdwy_surf_type_cd,relation_to_road,roadway_cleared,road_condition,sch_bus_ind,sch_zone_ind,secondary_crash,small_truck_count,spec_juris_cd,susp_minor_inj_count,susp_serious_inj_count,suv_count,tcd_func_cd,tcd_type,tfc_detour_ind,time_of_day,total_units,tot_inj_count,unbelted_occ_count,unb_death_count,unb_susp_serious_inj_count,unk_inj_deg_count,unk_inj_per_count,urban_rural,van_count,vehicle_count,weather1,weather2,workers_pres,work_zone_ind,work_zone_loc,work_zone_type,wz_close_detour,wz_flagger,wz_law_offcr_ind,wz_ln_closure,wz_moving,wz_other,wz_shlder_mdn,wz_workers_inj_killed,aggressive_driving,alcohol_related,angle_crash,atv,atv_route,backup_congestion,backup_nonrecurring,backup_prior,bicycle,cell_phone,child_passenger,comm_vehicle,core_network,cross_median,curved_road,curve_dvr_error,deer_related,distracted,drinking_driver,driver_16yr,driver_17yr,driver_18yr,driver_19yr,driver_20yr,driver_50_64yr,driver_65_74yr,driver_75plus,drugged_driver,drug_related,fatal,fatal_or_susp_serious_inj,fatigue_asleep,federal_aid_route,fire_in_vehicle,hazardous_truck,hit_barrier,hit_bridge,hit_deer,hit_embankment,hit_fixed_object,hit_gdrail,hit_gdrail_end,hit_parked_vehicle,hit_pole,hit_roadway_equipment,hit_run,hit_temp_construction_barrier,hit_traffic_island,hit_tree_shrub,hit_utility_pole,horse_buggy,ho_oppdir_sdswp,hvy_truck_related,icy_road,illegal_drug_related,illumination_dark,impaired_driver,impaired_nonmotorist,injury,injury_or_fatal,intersection,intersection_related_y,interstate,lane_departure,left_turn,limit_65mph,limit_70mph,local_road,local_road_only,marijuana_drugged_driver,marijuana_related,mature_driver,mc_drinking_driver,motorcycle,multiple_vehicle,nhtsa_agg_driving,non_intersection,no_clearance,opioid_related,other_freeway_expressway,overturned,pedestrian,phantom_vehicle,possible_injury,property_damage_only,psp_reported,ramp,ramp_segment,ramp_terminal,rear_end,roundabout,running_red_lt,running_stop_sign,rural,school_bus,school_bus_related,school_bus_unit,school_zone,shldr_related,signalized_int,single_vehicle,snowmobile,snow_slush_road,speeding,speeding_related,speed_change_lane,state_road,stop_controlled_int,sudden_deer,suspected_minor_injury,suspected_serious_injury,sv_run_off_rd,tailgating,train,train_trolley,trolley,turnpike,unbelted,underage_drnk_drv,unlicensed,unsignalized_int,urban,vehicle_failure,vehicle_towed,vulnerable_road_user,vulnerable_road_user_fatal,wet_road,work_zone,young_driver
-8359878.773,4871966.214,32268,2024031480,2133,1,0,0,0,0,0,0,0,0,2,0,,67,1,2024,2,40.041433,-75.098067,2133,6,0,0,0,0,0,0,0,0,,0,0,0,,,0,N,0,,40 02:29.160,6,7,75 05:53.040,9,0,0,0,67301,0,0,0,N,0,0,0,2,67301,0,,1,2159,1,N,N,N,0,,0,0,0,,3,Y,,2,0,0,0,0,0,1,2,1,2,3,4,,N,,,,,,,,,,,1,0,0,0,0,0,0,0,0,0,0,0,0,0,0,0,0,0,0,0,0,0,0,0,0,0,0,0,0,0,0,0,0,0,0,0,0,0,0,0,0,0,0,0,0,0,0,0,0,0,0,1,0,0,0,1,0,0,0,0,0,0,0,0,1,0,0,1,1,0,0,0,0,0,1,0,1,0,0,0,0,0,0,0,0,0,0,0,0,0,0,0,0,0,0,0,0,0,0,0,0,0,0,0,0,0,0,0,0,0,0,0,0,0,0,0,0,0,0,0,0,1,0,1,0,0,0,0,0
-8368272.266,4872923.61,32269,2024031726,2308,0,0,0,0,0,0,0,0,0,1,1,,67,4,2024,7,40.048017,-75.173467,2308,6,0,0,0,0,0,0,0,0,,0,1,0,,,0,N,0,,40 02:52.860,,0,75 10:24.480,9,0,0,0,67301,0,0,0,Y,0,0,0,1,67301,0,,6,,1,N,N,N,0,,0,0,1,,3,,,2,0,0,0,0,0,1,2,0,2,3,3,,N,,,,,,,,,,,0,0,0,0,0,0,0,0,0,0,0,1,0,0,0,0,0,0,0,0,0,0,0,0,0,0,0,0,0,0,0,0,0,0,0,0,0,0,0,0,0,0,1,0,0,1,0,0,0,0,0,0,1,0,0,1,0,0,0,0,0,0,0,0,0,0,0,1,1,0,0,0,0,0,1,0,1,0,0,0,0,0,0,0,0,0,0,0,0,1,0,0,0,0,0,0,0,0,0,0,0,0,0,0,0,0,0,0,0,0,0,0,0,0,0,0,0,0,0,0,0,1,0,1,0,0,0,0,0
-8367237.884,4858583.39,32270,2024031572,1520,0,0,0,0,0,0,0,0,0,4,0,,67,3,2024,1,39.949333,-75.164175,1520,6,0,0,0,0,0,0,0,0,,0,0,0,,,1,,1,,39 56:57.599,,0,75 09:51.029,8,0,0,0,67301,0,0,0,N,0,0,0,2,67301,0,,1,,1,N,N,N,0,,0,0,2,,2,,,2,1,0,0,0,1,0,2,0,2,3,3,,N,,,,,,,,,,,1,0,1,0,0,0,0,0,0,0,0,0,0,0,0,0,0,0,0,0,0,0,0,0,0,0,0,0,0,0,0,0,0,0,0,0,0,0,0,0,0,0,0,0,0,1,0,0,0,0,0,0,0,0,0,1,0,0,1,1,1,0,0,0,0,0,0,0,0,0,0,0,0,0,1,0,0,0,0,0,0,0,0,0,0,0,0,0,0,0,0,1,0,0,0,0,0,0,0,1,0,0,0,0,0,0,1,0,0,0,0,0,0,0,0,0,0,0,0,0,0,1,0,0,0,0,0,0,0
-8352536.249,4872118.6,32271,2024030596,230,2,0,0,0,0,0,0,0,0,5,0,,67,4,2024,2,40.042481,-75.032108,223,6,0,0,0,0,0,0,0,0,,0,0,0,,,0,N,0,,40 02:32.930,,0,75 01:55.590,0,0,0,0,67301,0,0,0,N,0,0,0,1,67301,0,,6,,1,N,N,N,0,,0,0,0,,0,,,2,0,0,0,0,0,0,2,0,2,3,3,,N,,,,,,,,,,,0,0,0,0,0,0,0,0,0,0,0,0,0,0,0,0,0,0,0,0,0,0,0,0,0,0,0,0,0,0,0,0,0,0,0,0,0,0,0,0,0,0,1,0,0,1,0,0,0,0,0,0,0,0,0,1,0,0,0,0,0,0,0,0,0,0,0,1,1,0,0,0,0,0,1,0,1,0,0,0,0,0,0,0,1,0,0,0,0,0,0,0,0,0,0,0,0,0,0,0,0,0,0,0,1,0,0,0,0,0,0,0,0,0,0,0,0,0,0,0,0,1,1,1,0,0,0,0,0
-8371986.33,4860443.554,32272,2024031836,1651,1,0,0,0,0,0,0,0,0,7,0,,67,1,2024,1,39.962142,-75.206831,1650,6,0,0,0,0,0,0,0,0,,0,0,0,,,0,N,0,,39 57:43.710,,0,75 12:24.590,9,0,0,0,67301,0,0,0,N,0,0,0,1,67301,0,,5,,9,N,N,N,0,,0,0,0,,0,,,1,0,0,0,0,0,1,2,0,1,7,7,,N,,,,,,,,,,,1,0,0,0,0,0,0,0,0,0,0,0,0,0,0,0,0,0,0,0,0,0,0,0,0,0,0,0,0,0,0,0,0,0,0,0,0,0,0,1,0,0,0,1,0,1,0,0,0,1,0,0,0,0,0,0,0,0,0,0,0,0,0,1,0,0,0,1,1,0,0,0,0,0,0,0,1,0,0,0,0,0,0,0,0,0,0,0,0,0,0,0,0,0,0,0,0,0,0,0,1,0,0,1,1,0,0,0,0,0,0,1,0,0,0,0,0,0,0,0,0,1,0,1,0,0,1,0,0
-8366968.046,4862496.979,32273,2024019017,2333,2,0,0,0,0,0,0,0,0,4,0,,67,2,2024,2,39.976279,-75.161751,2333,6,0,0,0,0,0,0,0,0,,0,0,0,,,0,N,1,,39 58:34.606,,0,75 09:42.303,0,0,0,0,67301,0,0,0,N,0,0,0,1,67505,0,,1,,1,N,N,N,0,,0,0,0,,2,,,2,0,0,0,0,0,0,2,0,2,3,3,,N,,,,,,,,,,,0,0,1,0,0,0,0,0,0,0,0,0,0,0,0,0,0,0,0,0,0,0,0,0,0,0,0,0,0,0,0,0,0,0,0,0,0,0,0,0,0,0,1,0,0,0,0,0,0,0,0,0,0,0,0,1,0,0,0,0,1,0,0,0,1,0,0,1,1,0,0,0,0,0,1,0,0,0,0,0,0,0,0,0,1,0,0,0,0,0,0,0,0,0,0,0,0,0,0,1,0,0,0,0,0,0,0,0,0,0,0,0,0,0,0,0,0,0,0,0,0,1,0,1,0,0,0,0,0
-8364122.941,4863811.586,32274,2024056740,1001,1,0,0,0,0,0,0,0,0,4,0,,67,6,2024,6,39.985328,-75.136193,1000,6,0,0,0,0,0,1,0,0,,0,0,0,,,2,,1,,39 59:07.180,,0,75 08:10.293,3,0,0,0,67301,0,0,0,N,0,0,0,4,67301,0,,1,,1,N,N,N,0,,2,0,1,,2,,,2,2,0,0,0,0,0,2,0,2,3,3,,N,,,,,,,,,,,1,0,1,0,0,0,0,0,0,0,0,0,0,0,0,0,0,0,0,0,0,0,0,0,1,0,0,0,0,0,0,0,0,0,0,0,0,0,0,0,0,0,0,0,0,0,0,0,0,0,0,0,0,0,0,0,0,0,1,1,1,0,0,0,0,0,0,1,0,0,0,0,0,0,1,0,0,0,0,0,0,0,0,0,0,0,0,0,0,0,0,1,0,0,0,0,0,0,0,1,0,0,0,0,0,0,1,0,0,1,0,0,0,0,0,0,0,0,0,0,0,1,0,0,0,0,0,0,0
-8363907.649,4860777.314,32275,2024058418,2247,1,0,0,1,0,0,0,0,0,8,0,,67,6,2024,6,39.96444,-75.134259,2246,6,0,0,0,0,0,0,0,0,,0,0,0,,,1,,1,,39 57:51.984,,0,75 08:03.331,3,0,0,0,67301,1,0,0,N,0,0,0,2,67301,0,,1,,1,N,N,N,0,,1,0,0,,2,,,2,1,1,0,0,0,0,2,0,1,3,,,N,,,,,,,,,,,0,0,0,0,0,0,0,0,1,0,0,0,0,0,0,0,0,0,0,0,0,0,0,0,0,0,0,0,0,0,0,0,0,0,0,0,0,0,0,0,0,0,0,0,0,0,0,0,0,0,0,0,0,0,0,1,0,0,1,1,1,0,0,0,0,0,0,1,0,0,0,0,0,0,0,0,0,0,0,0,0,0,0,0,0,0,0,0,0,0,0,0,0,0,0,0,0,0,0,1,1,0,0,0,0,0,1,0,0,1,0,0,0,0,0,0,0,1,0,0,0,1,0,0,1,0,0,0,0
-8354084.481,4876854.356,32276,2024028976,2348,2,0,0,0,0,0,0,0,0,5,0,,67,4,2024,2,40.075042,-75.046016,2339,6,0,0,0,1,0,0,0,0,,0,0,0,,,0,,3,,40 04:30.150,2,0,75 02:45.657,0,0,0,0,67301,0,0,0,N,0,0,0,3,67301,0,,1,100,1,N,N,N,0,,0,0,0,,2,N,,2,0,0,0,0,0,0,2,0,2,3,3,,N,,,,,,,,,,,1,0,0,0,0,0,0,0,0,0,0,0,0,0,0,0,0,0,0,0,0,0,1,0,0,0,0,0,0,0,0,0,0,0,0,0,0,0,0,0,0,0,0,0,0,1,0,0,0,0,0,0,0,0,0,1,0,0,0,0,1,0,0,0,0,0,0,1,0,0,0,0,0,0,1,1,0,0,0,0,0,0,0,0,1,0,0,0,0,0,0,0,0,0,0,0,0,0,0,1,0,0,0,1,1,0,1,0,0,0,0,0,0,0,0,0,0,0,0,0,0,1,0,1,0,0,0,0,1
-8361353.2,4864847.095,32277,2024032003,1655,2,0,0,0,0,0,0,0,0,4,0,,67,1,2024,2,39.992455,-75.111312,1654,6,0,0,0,0,0,0,1,0,,0,0,0,,,1,N,0,,39 59:32.839,1,7,75 06:40.722,3,0,0,0,67301,0,0,0,N,0,0,0,3,67301,0,,1,1808,9,N,N,N,1,,1,0,0,,0,Y,,4,1,0,0,0,0,0,2,1,4,10,10,,N,,,,,,,,,,,1,0,1,0,0,0,0,0,0,0,0,0,0,0,0,0,0,0,0,0,0,0,0,0,0,1,0,0,0,0,0,0,0,0,0,0,0,0,0,0,0,0,1,0,0,0,0,0,0,0,0,0,0,0,0,1,0,0,1,1,0,0,0,0,0,0,0,0,0,0,0,1,0,0,1,0,1,0,0,0,0,0,0,0,0,0,0,0,0,0,0,0,0,0,0,0,0,0,0,0,0,0,0,0,0,0,1,0,0,1,0,0,0,0,0,0,0,0,0,0,0,1,1,0,0,0,1,0,0
-8366397.756,4863721.219,32278,2024027223,,2,0,0,0,0,0,0,0,0,4,0,,67,1,2024,4,39.984706,-75.156628,,6,0,0,0,0,0,0,0,0,,0,0,0,,,1,,1,,39 59:04.940,,0,75 09:23.861,8,0,0,0,67301,0,0,0,N,0,0,0,2,0,0,,1,,1,,,N,0,,0,0,0,,2,,,2,1,0,0,0,1,0,2,0,2,3,,,N,,,,,,,,,,,1,0,1,0,0,0,0,0,0,0,0,0,0,0,0,0,0,0,0,0,0,0,0,0,0,0,0,0,0,0,0,0,0,0,0,0,0,0,0,0,0,0,0,0,0,0,0,0,0,0,0,0,0,0,0,0,0,0,1,1,1,0,0,0,0,0,0,1,0,0,0,0,0,0,1,0,0,0,0,0,0,0,0,0,0,0,0,0,0,0,0,0,0,0,0,0,0,0,0,1,0,0,0,0,0,0,1,0,0,0,0,0,0,0,0,0,0,0,0,0,0,1,0,0,0,0,0,0,0
-8374577.515,4865864.4,32279,2024013113,1114,2,0,0,0,0,0,0,0,0,4,0,,67,2,2024,6,39.999456,-75.230108,1111,6,0,0,0,1,0,1,0,0,,0,0,0,,,1,N,0,,39 59:58.043,,7,75 13:48.390,3,0,0,0,67301,0,0,0,N,0,0,0,2,46104,0,,1,,9,N,N,N,0,,1,0,0,,0,,,2,1,0,0,0,0,0,2,0,2,7,,,N,,,,,,,,,,,1,0,1,0,0,0,0,0,0,0,0,0,1,0,0,0,0,0,0,0,0,0,1,0,1,0,0,0,0,0,0,0,0,0,0,0,0,0,0,0,0,0,0,0,0,0,0,0,0,0,0,0,0,0,0,0,0,0,1,1,0,0,0,0,1,0,0,0,0,0,0,0,0,0,1,0,1,0,0,0,0,0,0,0,0,0,0,0,0,0,0,0,0,0,0,0,0,0,0,0,0,0,0,0,0,0,1,0,0,1,0,0,0,0,0,0,0,0,0,0,0,1,0,1,0,0,1,0,1
-8373184.462,4864923.232,32280,2024065265,131,2,0,0,0,0,0,0,0,0,4,0,,67,7,2024,4,39.992979,-75.217594,121,6,0,0,0,0,0,0,0,0,,0,0,0,,,0,,5,,39 59:34.723,,0,75 13:03.338,0,0,0,0,67301,0,0,0,N,0,0,0,1,67301,0,,1,,1,N,N,N,0,,0,0,0,,2,,,2,0,0,0,0,0,0,2,0,2,3,3,,N,,,,,,,,,,,1,0,1,0,0,0,0,0,0,0,0,0,0,0,0,0,0,0,0,0,0,0,0,0,0,0,0,0,0,0,0,0,0,0,0,0,0,0,0,0,0,0,0,0,0,1,0,0,0,0,0,0,0,0,0,1,0,0,0,0,1,0,0,0,1,0,0,1,0,0,0,0,0,0,1,0,0,0,0,0,0,0,0,0,1,0,0,0,0,0,0,0,0,0,0,0,0,0,0,1,0,0,0,0,0,0,1,0,0,0,0,0,0,0,0,0,0,0,0,0,0,1,0,1,0,0,0,0,0
-8364570.557,4864801.034,32281,2024066077,507,1,0,0,0,0,0,0,0,0,4,0,,67,6,2024,7,39.992138,-75.140214,453,6,0,0,0,0,0,0,0,0,,0,0,0,,,1,,1,,39 59:31.696,,0,75 08:24.771,3,0,0,1,67301,0,0,0,N,0,0,0,2,67301,0,,1,,1,N,N,N,0,,1,0,0,,2,,,2,1,0,0,0,0,0,2,0,2,3,3,,N,,,,,,,,,,,1,0,1,0,0,0,0,0,0,0,0,0,0,0,0,0,0,0,0,0,0,0,0,0,0,0,0,0,0,0,0,0,0,0,0,0,0,0,0,0,0,0,0,0,0,0,0,0,0,0,0,0,0,0,0,1,0,0,1,1,1,0,0,0,0,0,0,1,0,0,0,0,0,1,1,0,0,0,0,0,0,0,0,0,0,0,0,0,0,0,0,1,0,0,0,0,0,0,0,1,0,0,0,0,0,0,1,0,0,1,0,0,0,0,0,0,0,0,0,0,0,1,0,0,0,0,0,0,0
-8358716.709,4867747.15,32282,2024067204,45,1,0,0,0,0,0,0,0,0,7,0,,67,7,2024,4,40.012411,-75.087628,45,6,0,0,0,0,0,0,0,0,,0,0,0,,,0,,1,,40 00:44.681,,0,75 05:15.462,0,0,0,0,67301,0,0,0,N,0,0,0,3,67301,0,,5,,1,N,N,N,0,,0,0,0,,0,,,1,0,3,0,0,0,0,2,0,1,3,,,N,,,,,,,,,,,1,0,0,0,0,0,0,0,0,0,0,0,0,0,0,0,0,1,0,0,0,0,0,0,0,0,0,0,0,0,0,0,0,0,0,0,0,0,0,1,0,0,0,0,0,0,0,0,0,0,0,0,0,0,0,1,0,0,0,0,1,0,0,0,0,0,0,1,0,0,0,0,0,0,0,0,0,0,0,0,0,0,0,0,1,0,0,0,0,0,0,0,0,0,0,0,0,0,0,0,1,0,0,0,0,0,1,0,0,0,0,1,0,0,0,0,0,1,0,0,1,1,0,1,0,0,0,0,0
-8357090.33,4870517.498,32283,2024031807,1051,1,0,0,0,0,0,0,0,0,4,0,,67,3,2024,7,40.031469,-75.073018,1037,6,0,0,0,0,0,0,1,0,,0,0,0,,,0,N,0,,40 01:53.288,,0,75 04:22.863,9,0,0,0,67301,0,0,0,N,0,0,0,2,67301,0,,1,,1,N,N,N,0,,0,0,1,,0,,,2,0,0,0,0,0,2,2,0,2,4,4,,N,,,,,,,,,,,1,0,1,0,0,0,0,0,0,0,0,0,0,0,0,0,0,0,0,0,0,0,0,0,0,1,0,0,0,0,0,0,0,0,0,0,0,0,0,0,0,0,0,0,0,0,0,0,0,0,0,0,0,0,0,0,0,0,0,0,0,0,0,0,0,0,0,0,0,0,0,1,0,0,1,0,1,0,0,0,0,0,0,0,0,0,0,0,0,0,0,0,0,0,0,0,0,0,0,0,0,0,0,0,0,0,1,0,0,0,0,0,0,0,0,0,0,0,0,0,0,1,0,1,0,0,0,0,0
-8364567.106,4864785.778,32284,2024018249,2318,1,0,0,0,0,0,0,0,0,4,0,,67,2,2024,5,39.992033,-75.140183,2316,6,0,0,1,0,0,0,0,0,,0,0,0,,,2,,1,,39 59:31.319,,0,75 08:24.658,3,0,0,0,67301,0,0,0,N,0,0,0,5,67301,0,,1,,9,N,N,N,0,,2,0,1,,2,,,2,2,0,0,0,0,0,2,0,2,7,7,,N,,,,,,,,,,,1,0,1,0,0,0,0,0,0,0,0,0,0,0,0,0,0,0,0,0,0,1,0,0,0,0,0,0,0,0,0,0,0,0,0,0,0,0,0,0,0,0,0,0,0,0,0,0,0,0,0,0,0,0,0,1,0,0,1,1,1,0,0,0,0,0,0,1,0,0,0,0,0,0,1,1,0,0,0,0,0,0,0,0,0,0,0,0,0,0,0,1,0,0,0,0,0,0,0,1,0,0,0,0,1,0,1,0,0,1,0,0,0,0,0,0,0,0,0,0,0,1,1,1,0,0,1,0,1
-8362109.171,4869742.339,32285,2024032033,1955,1,0,0,0,0,0,0,0,0,1,0,,67,1,2024,6,40.026137,-75.118103,1951,6,0,0,0,0,0,0,0,0,,0,0,0,,,1,N,0,,40 01:34.092,,0,75 07:05.170,3,0,0,0,67301,0,0,0,N,0,0,0,2,67301,0,,6,,1,N,N,N,0,,1,0,2,,0,,,3,1,0,0,0,0,0,2,0,3,3,,,N,,,,,,,,,,,0,0,0,0,0,0,0,0,0,0,0,0,0,0,0,0,0,0,0,0,0,0,0,0,0,0,0,0,0,0,0,0,0,0,0,0,0,0,0,0,0,0,1,0,0,0,0,0,0,0,0,0,0,0,0,1,0,0,1,1,0,0,0,0,0,0,0,0,0,0,0,0,0,0,1,0,1,0,0,0,0,0,0,0,0,0,0,0,0,1,0,0,0,0,0,0,0,0,0,0,0,0,0,0,0,0,1,0,0,1,0,0,0,0,0,0,0,0,0,0,0,1,0,1,0,0,0,0,0
-8358779.827,4867640.033,32286,2024034676,1629,0,0,0,0,0,0,0,0,0,2,0,,67,4,2024,2,40.011674,-75.088195,1629,6,0,0,0,0,0,0,0,0,,0,0,0,,,1,N,0,,40 00:42.025,,0,75 05:17.503,3,0,0,0,67301,0,0,0,N,0,0,0,2,67301,0,,9,,1,N,N,N,0,,1,0,2,,0,,,2,1,2,0,0,0,0,2,0,2,3,3,,N,,,,,,,,,,,0,0,0,0,0,0,0,0,0,0,0,0,0,0,0,0,0,0,0,0,0,0,0,0,0,0,0,0,0,0,0,0,0,0,0,0,0,0,0,0,0,0,0,0,0,0,0,0,0,0,0,1,0,0,0,0,0,0,1,1,0,0,0,0,0,0,0,0,0,0,0,0,0,0,1,0,1,0,0,0,0,0,0,0,0,0,0,0,0,0,0,0,0,0,0,0,0,0,0,0,0,0,0,0,0,0,1,0,0,1,0,0,0,0,0,0,0,1,0,0,0,1,0,1,0,0,0,0,0
-8367836.227,4871366.143,32287,2024031700,229,1,0,0,0,0,0,0,0,0,2,0,,67,1,2024,1,40.037306,-75.16955,223,6,0,0,0,0,0,0,0,0,,0,0,0,,,3,N,0,,40 02:14.300,5,0,75 10:10.380,3,0,0,0,67301,0,0,0,N,0,0,0,3,67301,2,,1,404,1,N,N,N,0,,1,0,1,,0,Y,,2,3,0,0,0,0,0,2,0,2,3,,,N,,,,,,,,,,,0,0,0,0,0,0,0,0,0,0,0,0,0,0,1,0,0,0,0,0,0,0,0,0,0,0,0,0,0,0,0,0,0,0,0,0,0,0,0,0,0,0,0,0,0,0,0,0,0,0,0,1,0,0,0,1,0,0,1,1,0,0,0,1,0,0,0,1,1,0,0,0,0,0,1,0,1,0,0,0,0,0,0,1,0,0,0,0,0,0,0,0,0,0,0,0,0,0,0,0,0,0,0,0,0,0,0,0,0,1,0,0,0,0,0,0,0,0,0,0,0,1,0,1,0,0,0,0,0
-8372071.712,4868146.999,32288,2024031525,2147,0,0,0,0,0,0,0,0,0,8,0,,67,1,2024,3,40.015162,-75.207598,2127,6,0,0,0,0,0,0,0,0,,0,0,0,,,1,N,0,,40 00:54.584,,0,75 12:27.351,3,0,0,0,67301,1,0,0,N,1,0,0,2,67301,0,,1,,1,N,N,N,0,,1,0,1,,0,,,2,1,1,0,0,0,0,2,0,1,3,3,,N,,,,,,,,,,,1,0,0,0,0,0,0,0,0,0,0,0,0,0,0,0,0,0,0,0,0,0,0,0,0,0,0,0,0,0,0,0,0,0,0,0,0,0,0,0,0,0,0,0,0,1,0,0,0,0,0,0,0,0,0,1,0,0,1,1,0,0,0,0,0,0,0,0,0,0,0,0,0,0,0,1,1,0,0,0,0,1,0,0,0,0,0,0,0,0,0,0,0,0,0,0,0,0,0,0,1,0,0,1,1,0,1,0,0,1,0,0,0,0,0,0,0,1,0,0,0,1,0,0,1,0,0,0,0
-8367448.835,4874325.264,32289,2024058413,956,0,0,0,0,0,0,0,0,0,1,1,,67,7,2024,3,40.057655,-75.16607,951,6,0,0,0,0,0,0,0,0,,0,0,0,,,3,,5,,40 03:27.557,,0,75 09:57.853,3,0,0,0,67301,0,0,0,N,0,0,0,4,67301,1,,1,,1,N,N,N,0,,1,0,1,,2,,,2,3,2,0,0,1,0,2,1,2,3,,,N,,,,,,,,,,,0,0,0,0,0,0,0,0,0,0,0,1,0,0,0,0,0,0,0,0,0,0,0,0,0,0,0,0,0,0,0,0,0,0,0,0,0,0,0,0,0,0,0,0,0,0,0,0,0,0,0,0,0,0,0,0,0,0,1,1,1,0,0,0,0,0,0,1,0,0,0,0,0,0,1,0,0,0,0,0,0,0,0,1,0,0,0,0,0,1,0,0,0,0,0,0,0,0,0,1,0,0,0,0,0,0,1,0,0,1,0,0,0,0,0,0,0,1,0,0,0,1,0,1,0,0,0,0,0
-8375978.693,4854564.364,32290,2024029473,2347,0,0,0,0,0,0,0,0,0,4,0,,67,4,2024,4,39.92165,-75.242695,2345,6,0,0,0,0,0,0,1,0,,0,0,0,,,3,,1,,39 55:17.939,,0,75 14:33.702,3,0,0,0,67301,0,0,0,N,0,0,0,4,67301,0,,1,,9,N,N,N,0,,3,0,1,,2,,,2,3,0,0,0,0,0,2,0,2,7,,,N,,,,,,,,,,,0,0,1,0,0,0,0,0,0,0,0,0,0,0,0,0,0,0,0,0,0,0,0,0,0,1,0,0,0,0,0,0,0,0,0,0,0,0,0,0,0,0,0,1,0,1,0,0,0,0,0,0,0,0,0,1,0,0,1,1,1,0,0,0,0,0,0,1,1,0,0,1,0,0,1,0,0,0,0,0,0,0,0,0,0,0,0,0,0,0,0,0,0,0,0,0,0,0,0,1,0,0,0,0,0,0,0,0,0,1,0,0,0,0,0,0,0,0,0,0,0,1,0,1,0,0,1,0,0
-8364826.703,4864602.555,32291,2024058632,1132,1,0,0,0,0,0,0,0,0,4,0,,67,7,2024,5,39.990772,-75.142515,1129,6,0,0,0,0,0,1,0,0,,0,0,0,,,2,,1,,39 59:26.779,,0,75 08:33.054,3,0,0,0,67301,0,0,0,N,0,0,0,3,67301,0,,1,,1,N,N,N,0,,2,0,0,,3,,,2,2,0,0,0,0,0,2,1,2,3,3,,N,,,,,,,,,,,1,0,1,0,0,0,0,0,0,0,0,0,0,0,0,0,0,0,0,0,0,0,0,0,1,0,0,0,0,0,0,0,0,0,0,0,0,0,0,0,0,0,0,0,0,0,0,0,0,0,0,0,0,0,0,0,0,0,1,1,1,0,0,0,0,0,0,1,1,0,0,0,0,0,1,0,0,0,0,0,0,0,0,0,0,0,0,0,0,0,0,0,1,0,0,0,0,0,0,0,0,0,0,0,0,0,0,1,0,1,0,0,0,0,0,0,0,0,0,0,1,1,0,0,0,0,0,0,0
-8366338.868,4860374.131,32292,2024031575,1047,1,0,0,0,0,0,0,0,0,4,1,,67,3,2024,6,39.961664,-75.156099,1045,6,0,0,0,0,0,0,0,0,,0,1,0,,,0,,1,,39 57:41.989,,0,75 09:21.955,9,0,0,0,67301,0,0,0,N,0,0,0,6,67301,0,,1,,1,N,N,N,0,,0,0,0,,2,,,2,0,1,0,0,0,1,2,0,2,3,3,,N,,,,,,,,,,,1,0,1,0,0,0,0,0,0,0,0,1,0,0,0,0,0,0,0,0,0,0,0,0,0,0,0,0,0,0,0,0,0,0,0,0,0,0,0,0,0,0,0,0,0,0,0,0,0,0,0,0,1,0,0,0,0,0,0,0,1,0,0,0,0,0,0,1,0,0,0,0,0,0,1,0,0,0,0,0,0,0,0,0,0,0,0,0,0,0,0,0,0,0,0,0,0,0,0,1,0,0,0,0,0,0,1,0,0,0,0,0,0,0,0,0,0,1,0,0,0,1,0,1,0,0,0,0,0
-8356104.819,4871106.323,32293,2024031785,1035,0,0,0,0,0,0,0,0,0,4,0,,67,2,2024,2,40.035519,-75.064165,1033,6,0,0,0,1,0,0,0,0,,0,0,0,,,0,N,0,,40 02:07.869,2,0,75 03:50.995,0,0,0,0,67301,0,0,0,N,0,0,0,3,67301,0,,1,1234,1,N,N,N,0,,0,0,2,,0,N,,2,0,0,0,0,0,0,2,0,2,3,,,N,,,,,,,,,,,1,0,1,0,0,0,0,0,0,0,0,0,0,0,0,0,0,0,0,0,0,0,1,0,0,0,0,0,0,0,0,0,0,0,0,0,0,0,0,0,0,0,0,0,0,0,0,0,0,0,0,0,0,0,0,0,0,0,0,0,0,0,0,0,0,0,0,0,0,0,0,0,0,0,1,0,1,0,0,0,0,0,0,0,1,0,0,0,0,0,0,0,0,0,0,0,0,0,0,0,0,0,0,0,0,0,1,0,0,0,0,0,0,0,0,0,0,0,0,0,0,1,0,1,0,0,0,0,1