X,Y,objectid,crn,arrival_tm,automobile_count,belted_death_count,belted_susp_serious_inj_count,bicycle_count,bicycle_death_count,bicycle_susp_serious_inj_count,bus_count,chldpas_death_count,chldpas_susp_serious_inj_count,collision_type,comm_veh_count,cons_zone_spd_lim,county,crash_month,crash_year,day_of_week,dec_latitude,dec_longitude,dispatch_tm,district,driver_count_16yr,driver_count_17yr,driver_count_18yr,driver_count_19yr,driver_count_20yr,driver_count_50_64yr,driver_count_65_74yr,driver_count_75plus,est_hrs_closed,fatal_count,heavy_truck_count,horse_buggy_count,hour_of_day,illumination,injury_count,intersection_related_x,intersect_type,lane_closed,latitude,ln_close_dir,location_type,longitude,max_severity_level,mcycle_death_count,mcycle_susp_serious_inj_count,motorcycle_count,municipality,nonmotr_count,nonmotr_death_count,nonmotr_susp_serious_inj_count,ntfy_hiwy_maint,ped_count,ped_death_count,ped_susp_serious_inj_count,person_count,police_agcy,possible_inj_count,rdwy_surf_type_cd,relation_to_road,roadway_cleared,road_condition,sch_bus_ind,sch_zone_ind,secondary_crash,small_truck_count,spec_juris_cd,susp_minor_inj_count,susp_serious_inj_count,suv_count,tcd_func_cd,tcd_type,tfc_detour_ind,time_of_day,total_units,tot_inj_count,unbelted_occ_count,unb_death_count,unb_susp_serious_inj_count,unk_inj_deg_count,unk_inj_per_count,urban_rural,van_count,vehicle_count,weather1,weather2,workers_pres,work_zone_ind,work_zone_loc,work_zone_type,wz_close_detour,wz_flagger,wz_law_offcr_ind,wz_ln_closure,wz_moving,wz_other,wz_shlder_mdn,wz_workers_inj_killed,aggressive_driving,alcohol_related,angle_crash,atv,atv_route,backup_congestion,backup_nonrecurring,backup_prior,bicycle,cell_phone,child_passenger,comm_vehicle,core_network,cross_median,curved_road,curve_dvr_error,deer_related,distracted,drinking_driver,driver_16yr,driver_17yr,driver_18yr,driver_19yr,driver_20yr,driver_50_64yr,driver_65_74yr,driver_75plus,drugged_driver,drug_related,fatal,fatal_or_susp_serious_inj,fatigue_asleep,federal_aid_route,fire_in_vehicle,hazardous_truck,hit_barrier,hit_bridge,hit_deer,hit_embankment,hit_fixed_object,hit_gdrail,hit_gdrail_end,hit_parked_vehicle,hit_pole,hit_roadway_equipment,hit_run,hit_temp_construction_barrier,hit_traffic_island,hit_tree_shrub,hit_utility_pole,horse_buggy,ho_oppdir_sdswp,hvy_truck_related,icy_road,illegal_drug_related,illumination_dark,impaired_driver,impaired_nonmotorist,injury,injury_or_fatal,intersection,intersection_related_y,interstate,lane_departure,left_turn,limit_65mph,limit_70mph,local_road,local_road_only,marijuana_drugged_driver,marijuana_related,mature_driver,mc_drinking_driver,motorcycle,multiple_vehicle,nhtsa_agg_driving,non_intersection,no_clearance,opioid_related,other_freeway_expressway,overturned,pedestrian,phantom_vehicle,possible_injury,property_damage_only,psp_reported,ramp,ramp_segment,ramp_terminal,rear_end,roundabout,running_red_lt,running_stop_sign,rural,school_bus,school_bus_related,school_bus_unit,school_zone,shldr_related,signalized_int,single_vehicle,snowmobile,snow_slush_road,speeding,speeding_related,speed_change_lane,state_road,stop_controlled_int,sudden_deer,suspected_minor_injury,suspected_serious_injury,sv_run_off_rd,tailgating,train,train_trolley,trolley,turnpike,unbelted,underage_drnk_drv,unlicensed,unsignalized_int,urban,vehicle_failure,vehicle_towed,vulnerable_road_user,vulnerable_road_user_fatal,wet_road,work_zone,young_driver
-8367750.288,4859649.14,32423,2024057808,1656,0,0,0,1,0,0,0,0,0,8,0,,67,6,2024,6,39.956672,-75.168778,1655,6,0,0,0,0,0,0,0,0,,0,0,0,,,1,N,0,,39 57:24.018,,0,75 10:07.601,3,0,0,0,67301,1,0,0,N,0,0,0,2,67301,0,,1,,1,N,N,N,0,,1,0,1,,0,,,2,1,1,0,0,0,0,2,0,1,3,3,,N,,,,,,,,,,,0,0,0,0,0,0,0,0,1,1,0,0,0,0,0,0,0,1,0,0,0,0,0,0,0,0,0,0,0,0,0,0,0,0,0,0,0,0,0,0,0,0,0,0,0,0,0,0,0,0,0,0,0,0,0,0,0,0,1,1,0,0,0,0,0,0,0,0,0,0,0,0,0,0,0,0,1,0,0,0,0,0,0,0,0,0,0,0,0,0,0,0,0,0,0,0,0,0,0,0,1,0,0,0,0,0,1,0,0,1,0,0,0,0,0,0,0,1,0,0,0,1,0,0,1,0,0,0,0
-8344473.599,4879813.516,32424,2024046315,1701,1,0,0,0,0,0,0,0,0,4,0,,67,5,2024,1,40.09538,-74.95968,1640,6,0,0,0,0,0,0,0,1,,0,0,0,,,3,N,0,,40 05:43.369,,7,74 57:34.849,3,0,0,0,67301,0,0,0,N,0,0,0,4,67301,0,,1,,1,N,N,N,0,,3,0,0,,2,,,2,3,0,0,0,0,0,2,1,2,3,3,,N,,,,,,,,,,,1,0,1,0,0,0,0,0,0,0,1,0,0,0,0,0,0,0,0,0,0,0,0,0,0,0,1,0,0,0,0,0,0,0,0,0,0,0,0,0,0,0,0,0,0,0,0,0,0,0,0,0,0,0,0,0,0,0,1,1,0,0,0,0,1,0,0,0,0,0,0,1,0,0,1,0,1,0,0,0,0,0,0,0,0,0,0,0,0,0,0,0,0,0,0,0,0,0,0,0,0,0,0,0,1,0,1,0,0,1,0,0,0,0,0,0,0,0,0,0,0,1,0,1,0,0,0,0,0
-8356734.553,4867630.15,32425,2024058079,354,0,0,0,0,0,0,0,0,0,5,0,,67,7,2024,2,40.011606,-75.069822,352,6,0,0,0,0,0,1,0,0,,0,1,0,,,0,,1,,40 00:41.783,,0,75 04:11.360,0,0,0,0,67301,0,0,0,N,0,0,0,2,67301,0,,1,,1,N,N,N,0,,0,0,1,,2,,,2,0,0,0,0,0,0,2,0,2,3,3,,N,,,,,,,,,,,1,0,0,0,0,0,0,0,0,0,0,0,0,0,0,0,0,0,0,0,0,0,0,0,1,0,0,0,0,0,0,0,0,0,0,0,0,0,0,0,0,0,0,0,0,0,0,0,0,0,0,0,1,0,0,1,0,0,0,0,1,0,0,0,0,0,0,0,0,0,0,0,0,0,1,0,0,0,0,0,0,0,0,0,1,0,0,0,0,0,0,0,0,0,0,0,0,0,0,1,0,0,0,0,0,0,1,0,0,0,0,0,0,0,0,0,0,0,0,0,0,1,0,1,0,0,0,0,0
-8375762.511,4858626.952,32426,2024057641,940,3,0,0,0,0,0,0,0,0,1,0,,67,6,2024,7,39.949633,-75.240753,936,6,0,0,0,0,0,0,0,0,,0,0,0,,,1,N,0,,39 56:58.680,3,0,75 14:26.710,3,0,0,0,67301,0,0,0,N,0,0,0,1,67301,0,,1,1030,1,N,N,N,0,,1,0,1,,0,Y,,4,1,0,0,0,0,0,2,0,4,3,3,,N,,,,,,,,,,,0,0,0,0,0,0,0,0,0,0,0,0,0,0,0,0,0,0,0,0,0,0,0,0,0,0,0,0,0,0,0,0,0,0,0,0,0,0,0,0,0,0,1,0,0,0,0,0,0,0,0,0,0,0,0,0,0,0,1,1,0,0,0,0,0,0,0,1,1,0,0,0,0,0,1,0,1,0,0,0,0,0,0,0,0,0,0,0,0,1,0,0,0,0,0,0,0,0,0,0,0,0,0,0,0,0,0,0,0,1,0,0,0,0,0,0,0,0,0,0,0,1,0,1,0,0,0,0,0
-8351693.561,4883293.238,32427,2024049304,1634,1,0,0,0,0,0,0,0,0,4,0,,67,6,2024,7,40.119288,-75.024538,1642,6,0,1,0,0,0,1,0,0,,0,0,0,,,1,,1,,40 07:09.436,,0,75 01:28.336,3,0,0,0,67301,0,0,0,N,0,0,0,2,67301,0,,1,,1,N,N,N,0,,1,0,1,,3,,,2,1,0,0,0,0,0,2,0,2,3,3,,N,,,,,,,,,,,1,0,1,0,0,0,0,0,0,0,0,0,0,0,0,0,0,0,0,0,1,0,0,0,1,0,0,0,0,0,0,0,0,0,0,0,0,0,0,0,0,0,0,0,0,0,0,0,0,0,0,0,0,0,0,0,0,0,1,1,1,0,0,0,0,0,0,1,1,0,0,0,0,0,1,0,0,0,0,0,0,0,0,0,0,0,0,0,0,0,0,0,0,0,0,0,0,0,0,0,0,0,0,0,0,0,0,1,0,1,0,0,0,0,0,0,0,0,0,0,1,1,0,0,0,0,0,0,1
-8366216.639,4864799.145,32428,2024047497,300,1,0,0,0,0,0,0,0,0,1,0,,67,5,2024,2,39.992125,-75.155001,300,6,0,0,0,0,0,0,0,0,,0,0,0,,,1,N,0,,39 59:31.649,,0,75 09:18.003,2,0,0,0,67301,0,0,0,N,0,0,0,3,67301,0,,1,,1,N,N,N,0,,0,1,1,,0,,,2,1,1,0,0,0,0,2,0,2,3,,,N,,,,,,,,,,,0,0,0,0,0,0,0,0,0,0,0,0,0,0,0,0,0,0,0,0,0,0,0,0,0,0,0,0,0,0,1,0,0,0,0,0,0,0,0,0,0,0,0,0,0,1,0,0,0,0,0,0,0,0,0,1,0,0,1,1,0,0,0,0,0,0,0,0,0,0,0,0,0,0,1,0,1,0,0,0,0,0,0,0,0,0,0,0,0,1,0,0,0,0,0,0,0,0,0,0,0,0,0,0,0,0,1,0,0,0,1,0,0,0,0,0,0,1,0,0,0,1,0,0,0,0,0,0,0
-8366270.963,4859726.546,32429,2024052220,746,2,0,0,0,0,0,0,0,0,4,0,,67,6,2024,1,39.957205,-75.155489,745,6,0,0,0,0,0,0,0,0,,0,0,0,,,1,,1,,39 57:25.938,,0,75 09:19.761,4,0,0,0,67301,0,0,0,N,0,0,0,2,67301,1,,1,,1,N,N,N,0,,0,0,1,,2,,,3,1,2,0,0,0,0,2,0,3,3,3,,N,,,,,,,,,,,0,0,1,0,0,0,0,0,0,0,0,0,0,0,0,0,0,0,0,0,0,0,0,0,0,0,0,0,0,0,0,0,0,0,0,0,0,0,0,0,0,0,1,0,0,0,0,0,0,0,0,0,0,0,0,0,0,0,1,1,1,0,0,0,0,0,0,1,0,0,0,0,0,0,1,0,0,0,0,0,1,0,0,1,0,0,0,0,0,0,0,0,0,0,0,0,0,0,0,1,0,0,0,0,0,0,1,0,0,0,0,0,0,0,0,0,0,1,0,0,0,1,0,0,0,0,0,0,0
-8371332.328,4874580.66,32430,2024069172,720,0,0,0,0,0,0,0,0,0,2,0,,67,8,2024,6,40.059411,-75.200956,713,6,0,0,0,0,0,0,1,0,,0,0,0,,,0,N,0,,40 03:33.880,,0,75 12:03.440,9,0,0,0,67301,0,0,0,N,0,0,0,2,67301,0,,1,,9,N,N,N,0,,0,0,1,,0,,,2,0,0,0,0,0,2,2,1,2,4,,,N,,,,,,,,,,,0,0,0,0,0,0,0,0,0,0,0,0,0,0,1,0,0,0,0,0,0,0,0,0,0,1,0,0,0,0,0,0,0,0,0,0,0,0,0,0,0,0,0,0,0,0,0,0,0,0,0,1,0,0,0,0,0,0,0,0,0,0,0,1,0,0,0,1,1,0,0,1,0,0,1,0,1,0,0,0,0,0,0,0,0,0,0,0,0,0,0,0,0,0,0,0,0,0,0,0,0,0,0,0,0,0,0,0,0,0,0,0,0,0,0,0,0,0,0,0,0,1,0,1,0,0,1,0,0
-8366253.708,4866220.722,32431,2024047955,832,1,0,0,0,0,0,0,0,0,5,0,,67,5,2024,4,40.001908,-75.155334,827,6,0,0,0,0,0,1,0,0,,0,0,0,,,1,N,0,,40 00:06.870,,0,75 09:19.202,3,0,0,0,67301,0,0,0,N,0,0,0,4,67301,0,,1,,1,N,N,N,0,,1,0,1,,0,,,3,1,0,0,0,0,0,2,1,3,3,3,,N,,,,,,,,,,,1,0,0,0,0,0,0,0,0,0,0,0,0,0,0,0,0,0,0,0,0,0,0,0,1,0,0,0,0,0,0,0,0,0,0,0,0,0,0,0,0,0,1,0,0,0,0,0,0,0,0,0,0,0,0,0,0,0,1,1,0,0,0,0,0,0,0,0,0,0,0,0,0,0,1,0,1,0,0,0,0,0,0,0,0,0,0,0,0,0,0,0,0,0,0,0,0,0,0,0,0,0,0,0,0,0,1,0,0,1,0,0,0,0,0,0,0,0,0,0,0,1,0,0,0,0,0,0,0
-8366057.229,4858839.107,32432,2024047809,1140,0,0,0,0,0,0,0,0,0,8,0,,67,5,2024,5,39.951094,-75.153569,1134,6,0,0,0,0,0,0,0,0,,0,0,0,,,1,,1,,39 57:03.940,,0,75 09:12.848,4,0,0,0,67301,1,0,0,N,1,0,0,2,67301,1,,1,,1,N,N,N,0,,0,0,1,,2,,,2,1,1,0,0,0,1,2,0,1,3,3,,N,,,,,,,,,,,0,0,0,0,0,0,0,0,0,0,0,0,0,0,0,0,0,0,0,0,0,0,0,0,0,0,0,0,0,0,0,0,0,0,0,0,0,0,0,0,0,0,0,0,0,1,0,0,0,0,0,0,0,0,0,0,0,0,1,1,1,0,0,0,1,0,0,1,0,0,0,0,0,0,0,0,0,0,0,0,0,1,0,1,0,0,0,0,0,0,0,0,0,0,0,0,0,0,0,1,1,0,0,0,0,0,1,0,0,0,0,0,0,0,0,0,0,1,0,0,0,1,0,0,1,0,0,0,0
-8367663.681,4859409.521,32433,2024052395,1248,2,0,0,0,0,0,0,0,0,4,0,,67,6,2024,3,39.955022,-75.168,1245,6,0,0,0,0,0,1,0,0,,0,0,0,,,0,,1,,39 57:18.079,,0,75 10:04.799,0,0,0,0,67301,0,0,0,N,0,0,0,2,67301,0,,1,,1,N,N,N,0,,0,0,0,,2,,,2,0,0,0,0,0,0,2,0,2,3,3,,N,,,,,,,,,,,1,0,1,0,0,0,0,0,0,0,0,0,0,0,0,0,0,0,0,0,0,0,0,0,1,0,0,0,0,0,0,0,0,0,0,0,0,0,0,0,0,0,0,0,0,0,0,0,0,0,0,0,0,0,0,0,0,0,0,0,1,0,0,0,1,0,0,1,1,0,0,0,0,0,1,0,0,0,0,0,0,0,0,0,1,0,0,0,0,0,0,1,0,0,0,0,0,0,0,1,0,0,0,0,0,0,0,0,0,0,0,0,0,0,0,0,0,0,0,0,0,1,0,1,0,0,0,0,0
-8373953.235,4861104.694,32434,2024066631,915,1,0,0,0,0,0,0,0,0,5,0,,67,6,2024,7,39.966694,-75.2245,912,6,0,0,0,0,0,0,0,0,,0,0,0,,,0,N,0,,39 58:00.100,,0,75 13:28.200,9,0,0,0,67301,0,0,0,N,0,0,0,1,67301,0,,6,,1,N,N,N,0,,0,0,0,,0,,,2,0,0,0,0,0,1,2,0,2,3,3,,N,,,,,,,,,,,0,0,0,0,0,0,0,0,0,0,0,0,0,0,0,0,0,0,0,0,0,0,0,0,0,0,0,0,0,0,0,0,0,0,0,0,0,0,0,0,0,0,1,0,0,1,0,0,0,0,0,0,0,0,0,1,0,0,0,0,0,0,0,0,0,0,0,1,1,0,0,0,0,0,1,0,1,0,0,0,0,0,0,0,0,0,0,0,0,0,0,0,0,0,0,0,0,0,0,0,0,0,0,0,0,0,0,0,0,0,0,0,0,0,0,0,0,0,0,0,0,1,0,1,0,0,0,0,0
-8362786.328,4870676.986,32435,2024058422,1123,0,0,0,1,0,0,0,0,0,8,0,,67,6,2024,6,40.032566,-75.124186,1123,6,0,0,0,0,0,0,0,0,,0,0,0,,,1,,1,,40 01:57.237,,1,75 07:27.069,8,0,0,0,67301,1,0,0,N,0,0,0,2,67301,0,,1,,99,N,N,N,0,,0,0,0,,2,,,2,1,0,0,0,1,0,2,0,1,99,,,N,,,,,,,,,,,0,0,0,0,0,0,0,0,1,0,0,0,0,0,0,0,0,0,0,0,0,0,0,0,0,0,0,0,0,0,0,0,0,0,0,0,0,0,0,0,0,0,0,0,0,1,0,0,0,0,0,0,0,0,0,0,0,0,1,1,1,0,0,0,0,0,0,1,1,0,0,0,0,0,0,0,0,0,0,0,0,0,0,0,0,0,0,0,0,0,0,0,0,0,0,0,0,0,0,1,1,0,0,0,0,0,0,0,0,0,0,0,0,0,0,0,0,0,0,0,0,1,0,0,1,0,0,0,0
-8374215.058,4860161.508,32436,2024055460,839,0,0,0,0,0,0,0,0,0,4,0,,67,6,2024,2,39.9602,-75.226852,839,6,0,0,0,0,0,1,0,0,,0,0,0,,,1,,1,,39 57:36.721,,0,75 13:36.667,3,0,0,0,67301,0,0,0,N,0,0,0,2,67301,0,,1,,1,N,N,N,0,,1,0,1,,2,,,2,1,0,0,0,0,0,2,1,2,3,,,N,,,,,,,,,,,1,0,1,0,0,0,0,0,0,0,0,0,0,0,0,0,0,0,0,0,0,0,0,0,1,0,0,0,0,0,0,0,0,0,0,0,0,0,0,0,0,0,0,0,0,0,0,0,0,0,0,0,0,0,0,0,0,0,1,1,1,0,0,0,0,0,0,1,0,0,0,0,0,0,1,0,0,0,0,0,0,0,0,0,0,0,0,0,0,0,0,0,0,0,0,0,0,0,0,1,0,0,0,0,0,0,1,0,0,1,0,0,0,0,0,0,0,0,0,0,0,1,0,0,0,0,0,0,0
-8374519.739,4850632.133,32437,2024058076,1324,1,0,0,0,0,0,0,0,0,0,0,,67,7,2024,2,39.894554,-75.229589,1321,6,0,0,0,0,0,0,0,0,,0,0,0,,,1,,2,,39 53:40.394,,0,75 13:46.520,4,0,0,0,67301,0,0,0,N,0,0,0,2,67301,1,,1,,1,N,N,N,1,,0,0,0,,2,,,2,1,0,0,0,0,0,2,0,2,3,3,,N,,,,,,,,,,,0,0,0,0,0,0,0,0,0,0,0,0,0,0,0,0,0,0,0,0,0,0,0,0,0,0,0,0,0,0,0,0,0,0,0,0,0,0,0,0,0,0,0,0,0,0,0,0,0,0,0,0,0,0,0,0,0,0,1,1,1,0,0,0,0,0,0,1,0,0,0,0,0,0,1,0,0,0,0,0,1,0,0,1,0,0,0,0,0,0,0,0,0,0,0,0,0,0,0,1,0,0,0,0,0,0,1,0,0,0,0,1,0,0,0,0,0,0,0,0,0,1,0,1,0,0,0,0,0
-8372782.264,4858095.352,32438,2024058416,1720,2,0,0,0,0,0,0,0,0,4,0,,67,7,2024,3,39.945972,-75.213981,1716,6,0,0,0,0,0,0,0,0,,0,0,0,,,7,,1,,39 56:45.500,,0,75 12:50.331,2,0,0,0,67301,1,0,1,N,1,0,1,7,67301,5,,1,,1,N,N,N,0,,0,2,0,,2,,,3,7,0,0,0,0,0,2,0,2,3,3,,N,,,,,,,,,,,1,0,1,0,0,0,0,0,0,0,0,0,0,0,0,0,0,0,0,0,0,0,0,0,0,0,0,0,0,0,1,0,0,0,0,0,0,0,0,0,0,0,0,0,0,0,0,0,0,0,0,0,0,0,0,0,0,0,1,1,1,0,0,0,0,0,0,1,0,0,0,0,0,0,1,0,0,0,0,0,0,1,0,1,0,0,0,0,0,0,0,1,0,0,0,0,0,0,0,1,0,0,0,0,0,0,1,0,0,0,1,0,0,0,0,0,0,0,0,0,0,1,0,0,1,0,0,0,0
-8372902.156,4870668.553,32439,2024068985,1045,0,0,0,1,0,0,0,0,0,8,0,,67,8,2024,6,40.032508,-75.215058,1045,6,0,0,0,0,0,0,0,1,,0,0,0,,,1,N,0,,40 01:57.030,,7,75 12:54.210,3,0,0,0,67301,1,0,0,N,0,0,0,2,67301,0,,1,,1,N,N,N,1,,1,0,0,,0,,,2,1,1,0,0,0,0,2,0,1,3,3,,N,,,,,,,,,,,0,0,0,0,0,0,0,0,1,0,0,0,0,0,0,0,0,0,0,0,0,0,0,0,0,0,1,0,0,0,0,0,0,0,0,0,0,0,0,0,0,0,0,0,0,0,0,0,0,0,0,0,0,0,0,0,0,0,1,1,0,0,0,0,0,0,0,1,1,0,0,1,0,0,0,0,1,0,0,0,0,0,0,0,0,0,0,0,0,0,0,0,0,0,0,0,0,0,0,0,1,0,0,0,0,0,0,0,0,1,0,0,0,0,0,0,0,1,0,0,0,1,0,0,1,0,0,0,0
-8354604.232,4876066.918,32440,2024050300,2151,1,0,0,0,0,0,0,0,0,4,0,,67,5,2024,4,40.069629,-75.050685,2146,6,0,0,0,0,0,0,0,0,,0,0,0,,,1,,1,,40 04:10.663,,0,75 03:02.466,8,0,0,0,67301,0,0,0,N,0,0,0,2,67301,0,,1,,9,N,N,N,0,,0,0,0,,2,,,2,1,0,0,0,1,0,2,1,2,7,,,N,,,,,,,,,,,1,0,1,0,0,0,0,0,0,0,0,0,0,0,0,0,0,0,0,0,0,0,0,0,0,0,0,0,0,0,0,0,0,0,0,0,0,0,0,0,0,0,0,0,0,0,0,0,0,0,0,0,0,0,0,1,0,0,1,1,1,0,0,0,1,0,0,1,0,0,0,0,0,0,1,0,0,0,0,0,0,0,0,0,0,0,0,0,0,0,0,0,0,0,0,0,0,0,0,1,0,0,0,0,0,0,1,0,0,0,0,0,0,0,0,0,0,0,0,0,0,1,0,1,0,0,1,0,0
-8349897.531,4871528.553,32441,2024047276,749,0,0,0,0,0,0,0,0,0,5,0,,67,5,2024,4,40.038423,-75.008404,740,6,0,0,0,0,0,1,1,0,,0,0,0,,,1,N,0,,40 02:18.323,,0,75 00:30.253,3,0,0,0,67301,0,0,0,N,0,0,0,3,67301,0,,1,,1,N,N,N,1,,1,0,1,,0,,,2,1,0,0,0,0,0,2,0,2,3,,,N,,,,,,,,,,,0,0,0,0,0,0,0,0,0,0,0,0,0,0,0,0,0,0,0,0,0,0,0,0,1,1,0,0,0,0,0,0,0,0,0,0,0,0,0,0,0,0,0,0,0,0,0,0,0,0,0,0,0,0,0,0,0,0,1,1,0,0,0,0,0,0,0,0,0,0,0,1,0,0,1,0,1,0,0,0,0,0,0,0,0,0,0,0,0,0,0,0,0,0,0,0,0,0,0,0,0,0,0,0,0,0,1,0,0,1,0,0,0,0,0,0,0,0,0,0,0,1,0,1,0,0,0,0,0
-8349850.999,4873548.79,32442,2024050302,1511,0,0,0,0,0,0,0,0,0,1,0,,67,6,2024,5,40.052316,-75.007986,1500,6,0,0,0,0,0,0,1,0,,0,0,0,,,1,,1,,40 03:08.339,,0,75 00:28.750,8,0,0,0,67301,0,0,0,N,0,0,0,2,67301,0,,1,,1,N,N,N,0,,0,0,2,,2,,,2,1,0,0,0,1,0,2,0,2,3,3,,N,,,,,,,,,,,0,0,0,0,0,0,0,0,0,0,0,0,0,0,0,0,0,0,0,0,0,0,0,0,0,1,0,0,0,0,0,0,0,0,0,0,0,0,0,0,0,0,0,0,0,0,0,0,0,0,0,0,0,0,0,0,0,0,1,1,1,0,0,0,0,0,0,0,0,0,0,1,0,0,1,0,0,0,0,0,0,0,0,0,0,0,0,0,0,1,0,0,0,0,0,0,0,0,0,1,0,0,0,0,0,0,1,0,0,0,0,0,0,0,0,0,0,0,0,0,0,1,0,0,0,0,0,0,0
-8360174.772,4871618.119,32443,2024051879,2335,1,0,0,0,0,0,0,0,0,4,0,,67,6,2024,3,40.039039,-75.100726,2335,6,0,0,0,0,1,0,0,0,,0,0,0,,,1,,2,,40 02:20.540,,0,75 06:02.612,8,0,0,0,67301,0,0,0,N,0,0,0,2,67301,0,,1,,1,N,N,N,0,,0,0,1,,0,,,2,1,0,0,0,1,0,2,0,2,3,,,N,,,,,,,,,,,0,0,1,0,0,0,0,0,0,0,0,0,0,0,0,0,0,0,0,0,0,0,0,1,0,0,0,0,0,0,0,0,0,0,0,0,0,0,0,0,0,0,0,0,0,0,0,0,0,0,0,0,0,0,0,1,0,0,1,1,1,0,0,0,1,0,0,1,1,0,0,0,0,0,1,0,0,0,0,0,0,0,0,0,0,0,0,0,0,0,0,0,0,0,0,0,0,0,0,0,0,0,0,0,0,0,0,0,0,0,0,0,0,0,0,0,0,0,0,0,1,1,0,1,0,0,0,0,1
-8350906.976,4872121.363,32444,2024047489,1842,0,0,0,0,0,0,0,0,0,4,0,,67,5,2024,3,40.0425,-75.017472,1840,6,0,0,0,0,0,1,1,0,,0,0,0,,,1,,2,,40 02:33.000,1,0,75 01:02.900,3,0,0,0,67301,0,0,0,N,0,0,0,2,67301,0,,1,1901,1,N,N,N,0,,1,0,2,,0,N,,2,1,0,0,0,0,0,2,0,2,3,3,,N,,,,,,,,,,,1,0,1,0,0,0,0,0,0,0,0,0,0,0,0,0,0,0,0,0,0,0,0,0,1,1,0,0,0,0,0,0,0,0,0,0,0,0,0,0,0,0,0,0,0,0,0,0,0,0,0,0,0,0,0,0,0,0,1,1,1,0,0,0,1,0,0,1,1,0,0,1,0,0,1,0,0,0,0,0,0,0,0,0,0,0,0,0,0,0,0,0,0,0,0,0,0,0,0,0,0,0,0,0,0,0,0,0,0,1,0,0,0,0,0,0,0,0,0,0,1,1,0,0,0,0,0,0,0
-8347582.308,4880286.906,32445,2024058770,1224,1,0,0,0,0,0,0,0,0,7,0,,67,7,2024,4,40.098633,-74.987606,1220,6,0,0,0,0,0,0,0,0,,0,0,0,,,1,N,0,,40 05:55.080,,0,74 59:15.380,3,0,0,0,67301,0,0,0,N,0,0,0,1,67301,0,,2,,1,N,N,N,0,,1,0,0,,0,,,1,1,0,0,0,0,0,2,0,1,3,3,,N,,,,,,,,,,,0,0,0,0,0,0,0,0,0,1,0,0,0,0,0,0,0,1,0,0,0,0,0,0,0,0,0,0,0,0,0,0,0,0,0,0,0,0,0,1,0,0,0,0,0,0,0,0,1,0,0,0,0,0,0,0,0,0,1,1,0,0,0,1,0,0,0,1,1,0,0,0,0,0,0,0,1,0,0,0,0,0,0,0,0,0,0,0,0,0,0,0,0,0,0,0,0,0,0,0,1,0,0,0,0,0,0,0,0,1,0,1,0,0,0,0,0,0,0,0,0,1,0,1,0,0,0,0,0
-8356403.044,4868371.131,32446,2024051891,1840,1,0,0,0,0,0,0,0,0,4,0,,67,6,2024,2,40.016704,-75.066844,1832,6,0,0,0,0,0,1,0,0,,0,0,0,,,1,,1,,40 01:00.136,,0,75 04:00.638,3,0,0,0,67301,0,0,0,N,0,0,0,2,67301,0,,1,,1,N,N,N,0,,1,0,1,,2,,,2,1,0,0,0,0,1,2,0,2,3,3,,N,,,,,,,,,,,0,0,1,0,0,0,0,0,0,0,0,0,0,0,0,0,0,0,0,0,0,0,0,0,1,0,0,0,0,0,0,0,0,0,0,0,0,0,0,0,0,0,0,0,0,0,0,0,0,0,0,0,0,0,0,0,0,0,1,1,1,0,0,0,0,0,0,1,0,0,0,0,0,0,1,0,0,0,0,0,0,0,0,0,0,0,0,0,0,0,0,0,0,0,0,0,0,0,0,1,0,0,0,0,0,0,1,0,0,1,0,0,0,0,0,0,0,0,0,0,0,1,0,1,0,0,0,0,0
-8354278.4,4874792.429,32447,2024047807,228,2,0,0,0,0,0,0,0,0,5,0,,67,5,2024,6,40.060867,-75.047758,224,6,0,0,0,0,0,0,0,0,,0,0,0,,,1,N,0,,40 03:39.120,3,0,75 02:51.930,3,0,0,0,67301,0,0,0,N,0,0,0,1,67301,0,,6,310,1,N,N,N,0,,1,0,0,,0,Y,,2,1,0,0,0,0,0,2,0,2,3,3,,N,,,,,,,,,,,1,0,0,0,0,0,0,0,0,0,0,0,0,0,0,0,0,0,0,0,0,0,0,0,0,0,0,0,0,0,0,0,0,0,0,0,0,0,0,0,0,0,1,0,0,0,0,0,0,0,0,0,0,0,0,1,0,0,1,1,0,0,0,0,0,0,0,1,1,0,0,0,0,0,1,0,1,0,0,0,0,0,0,0,0,0,0,0,0,0,0,0,0,0,0,0,0,0,0,0,0,0,0,1,1,0,0,0,0,1,0,0,0,0,0,0,0,0,0,0,0,1,0,1,0,0,0,0,0
-8361989.837,4865627.829,32448,2024054893,230,2,0,0,0,0,0,0,0,0,1,0,,67,5,2024,2,39.997828,-75.117031,216,6,0,0,0,0,0,0,0,0,,0,0,0,,,0,N,0,,39 59:52.180,,0,75 07:01.310,0,0,0,0,67301,0,0,0,N,0,0,0,1,67301,0,,6,,1,N,N,N,0,,0,0,0,,0,,,2,0,1,0,0,0,0,2,0,2,3,3,,N,,,,,,,,,,,0,0,0,0,0,0,0,0,0,0,0,0,0,0,0,0,0,0,0,0,0,0,0,0,0,0,0,0,0,0,0,0,0,0,0,0,0,0,0,0,0,0,1,0,0,1,0,0,0,0,0,0,0,0,0,1,0,0,0,0,0,0,0,0,0,0,0,1,1,0,0,0,0,0,1,0,1,0,0,0,0,0,0,0,1,0,0,0,0,1,0,0,0,0,0,0,0,0,0,0,0,0,0,0,0,0,0,0,0,0,0,0,0,0,0,0,0,1,0,0,0,1,0,1,0,0,0,0,0