X,Y,objectid,crn,arrival_tm,automobile_count,belted_death_count,belted_susp_serious_inj_count,bicycle_count,bicycle_death_count,bicycle_susp_serious_inj_count,bus_count,chldpas_death_count,chldpas_susp_serious_inj_count,collision_type,comm_veh_count,cons_zone_spd_lim,county,crash_month,crash_year,day_of_week,dec_latitude,dec_longitude,dispatch_tm,district,driver_count_16yr,driver_count_17yr,driver_count_18yr,driver_count_19yr,driver_count_20yr,driver_count_50_64yr,driver_count_65_74yr,driver_count_75plus,est_hrs_closed,fatal_count,heavy_truck_count,horse_buggy_count,hour_of_day,illumination,injury_count,intersection_related_x,intersect_type,lane_closed,latitude,ln_close_dir,location_type,longitude,max_severity_level,mcycle_death_count,mcycle_susp_serious_inj_count,motorcycle_count,municipality,nonmotr_count,nonmotr_death_count,nonmotr_susp_serious_inj_count,ntfy_hiwy_maint,ped_count,ped_death_count,ped_susp_serious_inj_count,person_count,police_agcy,possible_inj_count,rdwy_surf_type_cd,relation_to_road,roadway_cleared,road_condition,sch_bus_ind,sch_zone_ind,secondary_crash,small_truck_count,spec_juris_cd,susp_minor_inj_count,susp_serious_inj_count,suv_count,tcd_func_cd,tcd_type,tfc_detour_ind,time_of_day,total_units,tot_inj_count,unbelted_occ_count,unb_death_count,unb_susp_serious_inj_count,unk_inj_deg_count,unk_inj_per_count,urban_rural,van_count,vehicle_count,weather1,weather2,workers_pres,work_zone_ind,work_zone_loc,work_zone_type,wz_close_detour,wz_flagger,wz_law_offcr_ind,wz_ln_closure,wz_moving,wz_other,wz_shlder_mdn,wz_workers_inj_killed,aggressive_driving,alcohol_related,angle_crash,atv,atv_route,backup_congestion,backup_nonrecurring,backup_prior,bicycle,cell_phone,child_passenger,comm_vehicle,core_network,cross_median,curved_road,curve_dvr_error,deer_related,distracted,drinking_driver,driver_16yr,driver_17yr,driver_18yr,driver_19yr,driver_20yr,driver_50_64yr,driver_65_74yr,driver_75plus,drugged_driver,drug_related,fatal,fatal_or_susp_serious_inj,fatigue_asleep,federal_aid_route,fire_in_vehicle,hazardous_truck,hit_barrier,hit_bridge,hit_deer,hit_embankment,hit_fixed_object,hit_gdrail,hit_gdrail_end,hit_parked_vehicle,hit_pole,hit_roadway_equipment,hit_run,hit_temp_construction_barrier,hit_traffic_island,hit_tree_shrub,hit_utility_pole,horse_buggy,ho_oppdir_sdswp,hvy_truck_related,icy_road,illegal_drug_related,illumination_dark,impaired_driver,impaired_nonmotorist,injury,injury_or_fatal,intersection,intersection_related_y,interstate,lane_departure,left_turn,limit_65mph,limit_70mph,local_road,local_road_only,marijuana_drugged_driver,marijuana_related,mature_driver,mc_drinking_driver,motorcycle,multiple_vehicle,nhtsa_agg_driving,non_intersection,no_clearance,opioid_related,other_freeway_expressway,overturned,pedestrian,phantom_vehicle,possible_injury,property_damage_only,psp_reported,ramp,ramp_segment,ramp_terminal,rear_end,roundabout,running_red_lt,running_stop_sign,rural,school_bus,school_bus_related,school_bus_unit,school_zone,shldr_related,signalized_int,single_vehicle,snowmobile,snow_slush_road,speeding,speeding_related,speed_change_lane,state_road,stop_controlled_int,sudden_deer,suspected_minor_injury,suspected_serious_injury,sv_run_off_rd,tailgating,train,train_trolley,trolley,turnpike,unbelted,underage_drnk_drv,unlicensed,unsignalized_int,urban,vehicle_failure,vehicle_towed,vulnerable_road_user,vulnerable_road_user_fatal,wet_road,work_zone,young_driver
-8356949.734,4871219.148,35683,2024095771,105,3,0,0,0,0,0,0,0,0,4,0,,67,10,2024,2,40.036295,-75.071755,105,6,0,0,0,0,0,1,0,0,,0,0,0,,,1,,1,,40 02:10.662,,0,75 04:18.319,3,0,0,0,67301,0,0,0,N,0,0,0,2,67301,0,,1,,1,N,Y,N,2,,1,0,0,,3,,,5,1,1,0,0,0,0,2,0,5,3,,,N,,,,,,,,,,,1,0,1,0,0,0,0,0,0,0,0,0,0,0,0,0,0,0,0,0,0,0,0,0,1,0,0,0,0,0,0,0,0,0,0,0,0,0,0,0,0,0,1,0,0,1,0,0,0,0,0,0,0,0,0,1,0,0,1,1,1,0,0,0,0,0,0,1,0,0,0,0,0,0,1,0,0,1,0,0,0,0,0,0,0,0,0,0,0,0,0,0,0,0,0,0,0,1,0,0,0,0,0,0,0,0,1,1,0,1,0,0,0,0,0,0,0,1,0,0,1,1,0,1,0,0,0,0,0
-8371452.108,4863863.744,35684,2024097801,1909,1,0,0,0,0,0,0,0,0,4,0,,67,10,2024,5,39.985687,-75.202032,1845,6,0,0,0,0,0,0,0,0,,0,0,0,,,1,N,0,,39 59:08.472,,0,75 12:07.316,4,0,0,0,67301,0,0,0,N,0,0,0,4,67301,1,,1,,1,N,N,N,0,,0,0,1,,0,,,2,1,0,0,0,0,0,2,0,2,3,3,,N,,,,,,,,,,,0,0,1,0,0,0,0,0,0,0,0,0,0,1,0,0,0,0,0,0,0,0,0,0,0,0,0,0,0,0,0,0,0,0,0,0,0,0,0,0,0,0,0,0,0,0,0,0,0,0,0,0,0,0,0,1,0,0,1,1,0,0,0,0,0,0,0,0,0,0,0,0,0,0,1,0,1,0,0,0,0,0,0,1,0,0,0,0,0,0,0,0,0,0,0,0,0,0,0,0,0,0,0,0,0,0,1,0,0,0,0,0,0,0,0,0,0,0,0,0,0,1,1,0,0,0,0,0,0
-8365751.1,4856396.193,35685,2024096736,1110,1,0,0,0,0,0,0,0,0,8,0,,67,10,2024,2,39.934269,-75.150819,1104,6,0,0,0,0,0,0,0,0,,0,0,0,,,1,,1,,39 56:03.368,,0,75 09:02.948,8,0,0,0,67301,1,0,0,N,1,0,0,2,67301,0,,1,,1,N,N,N,0,,0,0,0,,2,,,2,1,0,0,0,1,0,2,0,1,3,3,,N,,,,,,,,,,,0,0,0,0,0,0,0,0,0,0,0,0,0,0,0,0,0,0,0,0,0,0,0,0,0,0,0,0,0,0,0,0,0,0,0,0,0,0,0,0,0,0,0,0,0,0,0,0,0,0,0,0,0,0,0,0,0,0,1,1,1,0,0,0,1,0,0,1,1,0,0,0,0,0,0,0,0,0,0,0,0,1,0,0,0,0,0,0,0,0,0,0,0,0,0,0,0,0,0,1,1,0,0,0,0,0,0,0,0,0,0,0,0,0,0,0,0,0,0,0,0,1,0,0,1,0,0,0,0
-8374576.29,4862858.7,35686,2024105009,1810,0,0,0,0,0,0,0,0,0,4,0,,67,11,2024,3,39.978769,-75.230097,1810,6,0,0,0,0,0,0,0,0,,0,0,0,,,1,,3,,39 58:43.568,,0,75 13:48.350,3,0,0,0,67301,0,0,0,N,0,0,0,2,67301,0,,1,,99,N,N,N,0,,1,0,2,,0,,,2,1,2,0,0,0,0,2,0,2,3,3,,N,,,,,,,,,,,0,0,1,0,0,0,0,0,0,0,0,0,1,0,0,0,0,0,0,0,0,0,0,0,0,0,0,0,0,0,0,0,0,0,0,0,0,0,0,0,0,0,0,0,0,1,0,0,0,0,0,0,0,0,0,1,0,0,1,1,1,0,0,0,0,0,0,1,0,0,0,0,0,0,1,0,0,0,0,0,0,0,0,0,0,0,0,0,0,0,0,0,0,0,0,0,0,0,0,0,0,0,0,0,0,0,1,0,0,1,0,0,0,0,0,0,0,1,0,1,1,1,0,1,0,0,0,0,0
-8370967.089,4867093.125,35687,2024097539,330,0,0,0,0,0,0,0,0,0,7,0,,67,10,2024,5,40.007911,-75.197675,322,6,0,0,0,0,0,0,0,0,,0,0,0,,,0,N,0,,40 00:28.480,,3,75 11:51.630,9,0,0,0,67301,0,0,0,N,0,0,0,1,67301,0,,4,,1,N,N,N,0,,0,0,1,,0,,,1,0,0,0,0,0,1,2,0,1,3,,,N,,,,,,,,,,,0,0,0,0,0,0,0,0,0,0,0,0,0,0,0,0,0,1,0,0,0,0,0,0,0,0,0,0,0,0,0,0,0,0,0,0,1,0,0,1,0,0,0,0,0,1,0,0,0,0,0,0,0,0,0,1,0,0,0,0,0,0,0,1,0,0,0,1,1,0,0,0,0,0,0,0,1,0,0,0,0,0,0,0,0,0,0,0,0,0,0,0,0,0,0,0,0,0,0,0,1,0,0,0,0,0,0,0,0,0,0,1,0,0,0,0,0,0,0,0,0,1,0,1,0,0,0,0,0
-8377233.71,4864243.821,35688,2024098749,754,2,0,0,0,0,0,0,0,0,4,0,,67,10,2024,4,39.988303,-75.253969,754,6,0,0,0,0,0,0,1,0,,0,0,0,,,2,,1,,39 59:17.890,2,0,75 15:14.288,4,0,0,0,67301,0,0,0,N,0,0,0,3,46104,2,,1,835,1,N,N,N,0,,0,0,0,,2,N,,2,2,0,0,0,0,0,2,0,2,3,,,N,,,,,,,,,,,1,0,1,0,0,0,0,0,0,0,0,0,1,0,0,0,0,0,0,0,0,0,0,0,0,1,0,0,0,0,0,0,0,0,0,0,0,0,0,0,0,0,0,0,0,0,0,0,0,0,0,0,0,0,0,0,0,0,1,1,1,0,0,0,1,0,0,0,0,0,0,1,0,0,1,0,0,0,0,0,0,0,0,1,0,0,0,0,0,0,0,0,0,0,0,0,0,0,0,1,0,0,0,0,0,0,1,0,0,0,0,0,0,0,0,0,0,0,0,0,0,1,0,1,0,0,0,0,0
-8368287.961,4860207.547,35689,2024099502,954,1,0,0,0,0,0,0,0,0,4,0,,67,10,2024,5,39.960517,-75.173608,951,6,0,0,0,0,0,1,0,0,,0,0,0,,,1,,1,,39 57:37.861,,0,75 10:24.988,3,0,0,0,67301,0,0,0,N,0,0,0,3,67301,0,,1,,1,N,N,N,0,,1,0,1,,2,,,2,1,0,0,0,0,0,2,0,2,3,3,,N,,,,,,,,,,,1,0,1,0,0,0,0,0,0,0,0,0,0,0,0,0,0,0,0,0,0,0,0,0,1,0,0,0,0,0,0,0,0,0,0,0,0,0,0,0,0,0,0,0,0,1,0,0,0,0,0,0,0,0,0,0,0,0,1,1,1,0,0,0,0,0,0,1,1,0,0,0,0,0,1,0,0,0,0,0,0,0,0,0,0,0,0,0,0,0,0,1,0,0,0,0,0,0,0,1,0,0,0,0,0,0,0,0,0,1,0,0,0,0,0,0,0,0,0,0,0,1,0,0,0,0,0,0,0
-8367036.618,4859795.528,35690,2024099504,1001,0,0,0,1,0,0,0,0,0,8,0,,67,11,2024,2,39.95768,-75.162367,950,6,0,0,0,0,0,0,0,0,,0,0,0,,,1,,5,,39 57:27.649,,2,75 09:44.521,8,0,0,0,67301,1,0,0,N,0,0,0,2,67301,0,,1,,1,N,N,N,1,,0,0,0,,2,,,2,1,1,0,0,1,0,2,0,1,3,3,,N,,,,,,,,,,,0,0,0,0,0,0,0,0,1,0,0,0,0,0,0,0,0,0,0,0,0,0,0,0,0,0,0,0,0,0,0,0,0,0,0,0,0,0,0,0,0,0,0,0,0,1,0,0,0,0,0,0,0,0,0,0,0,0,1,1,1,0,0,0,0,0,0,0,0,0,0,0,0,0,0,0,0,0,0,0,0,0,0,0,0,0,1,0,1,0,0,0,0,0,0,0,0,0,0,1,1,0,0,0,0,0,1,0,0,0,0,0,0,0,0,0,0,1,0,0,0,1,0,0,1,0,0,0,0
-8367718.451,4872034.554,35691,2024095778,249,1,0,0,0,0,0,0,0,0,1,0,,67,10,2024,1,40.041903,-75.168492,243,6,0,0,0,0,0,1,0,0,,0,0,0,,,1,N,0,,40 02:30.850,,0,75 10:06.570,3,0,0,0,67301,0,0,0,N,0,0,0,3,67301,0,,1,,1,N,N,N,0,,1,0,1,,0,,,2,1,0,0,0,0,2,2,0,2,3,,,N,,,,,,,,,,,1,0,0,0,0,0,0,0,0,0,0,0,0,0,0,0,0,0,0,0,0,0,0,0,1,0,0,0,0,0,0,0,0,0,0,0,0,0,0,0,0,0,0,0,0,1,0,0,0,0,0,0,0,0,0,1,0,0,1,1,0,0,0,0,0,0,0,1,1,0,0,0,0,0,1,0,1,0,0,0,0,0,0,0,0,0,0,0,0,1,0,0,0,0,0,0,0,0,0,0,0,0,0,0,0,0,0,0,0,1,0,0,0,0,0,0,0,0,0,0,0,1,0,1,0,0,0,0,0
-8370117.275,4860665.914,35692,2024099517,1730,2,0,0,0,0,0,0,0,0,4,0,,67,11,2024,4,39.963673,-75.190041,1730,6,0,0,0,0,0,0,0,0,,0,0,0,,,0,,1,,39 57:49.222,,0,75 11:24.147,0,0,0,0,67301,0,0,0,N,0,0,0,2,67507,0,,1,,1,N,N,N,0,,0,0,0,,3,,,2,0,0,0,0,0,0,2,0,2,3,3,,N,,,,,,,,,,,0,0,1,0,0,0,0,0,0,0,0,0,0,0,0,0,0,0,0,0,0,0,0,0,0,0,0,0,0,0,0,0,0,0,0,0,0,0,0,0,0,0,0,0,0,0,0,0,0,0,0,0,0,0,0,1,0,0,0,0,1,0,0,0,0,0,0,1,1,0,0,0,0,0,1,0,0,0,0,0,0,0,0,0,1,0,0,0,0,0,0,0,0,0,0,0,0,0,0,0,0,0,0,0,0,0,0,1,0,0,0,0,0,0,0,0,0,0,0,0,1,1,0,1,0,0,0,0,0
-8365267.64,4870388.688,35693,2024102481,1538,0,0,0,0,0,0,0,0,0,7,0,,67,11,2024,3,40.030583,-75.146476,1533,6,0,0,0,0,0,1,0,0,,0,0,0,,,0,,1,,40 01:50.100,,0,75 08:47.313,9,0,0,0,67301,0,0,0,N,0,0,0,1,67301,0,,3,,1,N,N,N,1,,0,0,0,,0,,,1,0,0,0,0,0,1,2,0,1,3,,,N,,,,,,,,,,,0,0,0,0,0,0,0,0,0,0,0,0,0,0,1,0,0,0,0,0,0,0,0,0,1,0,0,0,0,0,0,0,0,0,0,0,1,0,0,1,0,0,0,0,0,1,0,0,0,0,0,0,0,0,0,0,0,0,0,0,1,0,0,0,0,0,0,1,0,0,0,0,0,0,0,0,0,0,0,0,0,0,0,0,0,0,0,0,0,0,0,0,0,0,0,0,0,0,0,0,1,0,0,0,0,0,1,0,0,0,0,1,0,0,0,0,0,0,0,0,1,1,0,1,0,0,0,0,0
-8369813.93,4874008.645,35694,2024098205,710,1,0,0,0,0,0,0,0,0,7,0,,67,11,2024,1,40.055478,-75.187316,706,6,0,0,0,0,0,0,0,0,,0,0,0,,,1,,2,,40 03:19.720,,0,75 11:14.338,3,0,0,0,67301,0,0,0,N,0,0,0,1,67301,0,,2,,1,N,N,N,0,,1,0,0,,0,,,1,1,0,0,0,0,0,2,0,1,3,3,,N,,,,,,,,,,,0,0,0,0,0,0,0,0,0,0,0,0,0,0,0,0,0,0,0,0,0,0,0,0,0,0,0,0,0,0,0,0,0,0,0,0,0,0,0,1,0,0,0,0,0,0,0,0,0,0,0,0,0,0,0,0,0,0,1,1,1,0,0,0,0,0,0,1,0,0,0,0,0,0,0,0,0,0,0,0,0,0,0,0,0,0,0,0,0,0,0,0,0,0,0,0,0,0,0,0,1,0,0,0,0,0,1,0,0,1,0,1,0,0,0,0,0,0,0,0,1,1,0,1,0,0,0,0,0
-8371293.032,4862249.738,35695,2024099664,1157,0,0,0,0,0,0,0,0,0,1,1,25,67,10,2024,3,39.974577,-75.200603,1144,6,0,0,0,0,0,0,0,0,,0,1,0,,,1,N,0,,39 58:28.478,,0,75 12:02.172,8,0,0,0,67301,0,0,0,N,0,0,0,2,68K01,0,,1,,1,N,N,N,0,,0,0,1,,0,,,2,1,0,0,0,1,0,2,0,2,3,,Y,Y,4,1,N,N,N,Y,N,N,N,Y,1,0,0,0,0,0,0,0,0,0,0,1,1,0,0,0,0,0,0,0,0,0,0,0,0,0,0,0,0,0,0,0,0,0,0,0,0,0,0,0,0,0,0,0,0,0,0,0,0,0,0,0,1,0,0,0,0,0,1,1,0,0,0,0,0,0,0,0,0,0,0,0,0,0,1,0,1,0,0,0,0,0,0,0,0,1,0,0,0,1,0,0,0,0,0,0,0,0,0,0,0,0,0,0,1,0,1,0,0,0,0,0,0,0,0,0,0,0,0,0,0,1,0,1,0,0,0,1,0
-8355991.607,4869150.834,35696,2024099509,1327,0,0,0,0,0,0,0,0,0,4,0,,67,11,2024,2,40.022068,-75.063148,1325,6,0,0,0,1,0,0,0,0,,0,0,0,,,2,,1,,40 01:19.444,,0,75 03:47.331,4,0,0,0,67301,0,0,0,N,0,0,0,3,67301,1,,1,,1,N,N,N,1,,0,0,0,,2,,,2,2,2,0,0,1,0,2,1,2,3,,,N,,,,,,,,,,,0,0,1,0,0,0,0,0,0,0,0,0,0,0,0,0,0,1,0,0,0,0,1,0,0,0,0,0,0,0,0,0,0,0,0,0,0,0,0,0,0,0,0,0,0,0,0,0,0,0,0,0,0,0,0,0,0,0,1,1,1,0,0,0,0,0,0,1,0,0,0,0,0,0,1,0,0,0,0,0,0,0,0,1,0,0,0,0,0,0,0,0,0,0,0,0,0,0,0,1,0,0,0,0,0,0,1,0,0,0,0,0,0,0,0,0,0,1,0,0,0,1,0,1,0,0,0,0,1
-8363152.013,4873243.539,35697,2024097808,1220,1,0,0,0,0,0,0,0,0,4,0,,67,10,2024,4,40.050217,-75.127471,1220,6,0,0,0,0,0,0,0,1,,0,0,0,,,2,,1,,40 03:00.781,,0,75 07:38.895,3,0,0,0,67301,0,0,0,N,0,0,0,2,67301,1,,1,,1,N,N,N,0,,1,0,1,,2,,,2,2,2,0,0,0,0,2,0,2,3,3,,N,,,,,,,,,,,1,0,1,0,0,0,0,0,0,0,0,0,0,0,0,0,0,0,0,0,0,0,0,0,0,0,1,0,0,0,0,0,0,1,0,0,0,0,0,0,0,0,0,0,0,0,0,0,0,0,0,0,0,0,0,0,0,0,1,1,1,0,0,0,0,0,0,1,1,0,0,1,0,0,1,0,0,0,0,0,0,0,0,1,0,0,0,0,0,0,0,1,0,0,0,0,0,0,0,1,0,0,0,0,0,0,0,0,0,1,0,0,0,0,0,0,0,1,0,0,0,1,0,1,0,0,0,0,0
-8350062.73,4885163.432,35698,2024099918,728,2,0,0,0,0,0,0,0,0,4,0,,67,11,2024,5,40.132134,-75.009888,716,6,0,0,0,0,0,1,0,0,,0,0,0,,,1,N,0,,40 07:55.682,,7,75 00:35.596,3,0,0,0,67301,0,0,0,N,0,0,0,3,67301,0,,1,,1,N,N,N,0,,1,0,0,,0,,,2,1,0,0,0,0,0,2,0,2,3,3,,N,,,,,,,,,,,1,0,1,0,0,0,0,0,0,0,0,0,0,0,0,0,0,0,0,0,0,0,0,0,1,0,0,0,0,0,0,0,0,0,0,0,0,0,0,0,0,0,0,0,0,0,0,0,0,0,0,0,0,0,0,0,0,0,1,1,0,0,0,0,1,0,0,0,0,0,0,0,0,0,1,0,1,0,0,0,0,0,0,0,0,0,0,0,0,0,0,0,0,0,0,0,0,0,0,0,0,0,0,0,0,0,1,0,0,1,0,0,0,0,0,0,0,0,0,0,0,1,0,0,0,0,0,0,0
-8345150.755,4878755.927,35699,2024097876,1018,0,0,0,0,0,0,0,0,0,8,0,,67,10,2024,7,40.088112,-74.965763,1017,6,0,0,0,0,0,0,0,0,,0,0,0,,,1,,1,,40 05:17.203,,7,74 57:56.746,3,0,0,0,67301,1,0,0,N,1,0,0,2,67301,0,,1,,1,N,N,N,0,,1,0,1,,3,,,2,1,0,0,0,0,0,2,0,1,3,3,,N,,,,,,,,,,,0,0,0,0,0,0,0,0,0,0,0,0,0,0,0,0,0,0,0,0,0,0,0,0,0,0,0,0,0,0,0,0,0,0,0,0,0,0,0,0,0,0,0,0,0,0,0,0,0,0,0,0,0,0,0,0,0,0,1,1,1,0,0,0,0,0,0,1,1,0,0,0,0,0,0,0,0,0,0,0,0,1,0,0,0,0,0,0,0,0,0,0,0,0,0,0,0,0,0,0,1,0,0,0,0,0,0,1,0,1,0,0,0,0,0,0,0,0,0,0,1,1,0,0,1,0,0,0,0
-8372129.041,4857664.545,35700,2024106416,250,1,0,0,0,0,0,0,0,0,7,0,,67,11,2024,6,39.943005,-75.208113,239,6,0,0,0,0,0,0,0,0,,0,0,0,,,0,,2,,39 56:34.817,,0,75 12:29.206,0,0,0,0,67301,0,0,0,N,0,0,0,1,67301,0,,4,,1,N,N,N,0,,0,0,1,,3,,,2,0,0,0,0,0,0,2,0,2,3,3,,N,,,,,,,,,,,1,0,0,0,0,0,0,0,0,0,0,0,0,0,0,0,0,0,0,0,0,0,0,0,0,0,0,0,0,0,0,0,0,0,0,0,0,0,0,1,0,0,1,1,0,0,0,0,0,1,0,0,0,0,0,1,0,0,0,0,1,0,0,0,0,0,0,1,1,0,0,0,0,0,1,0,0,0,0,0,0,0,0,0,1,0,0,0,0,0,0,0,0,0,0,0,0,0,0,0,0,0,0,0,0,0,0,1,0,0,0,1,0,0,0,0,0,0,0,0,1,1,0,1,0,0,0,0,0
-8359773.02,4872059.128,35701,2024099913,2050,2,0,0,0,0,0,0,0,0,1,0,,67,11,2024,4,40.042072,-75.097117,2043,6,0,0,0,0,0,0,0,0,,0,0,0,,,1,N,0,,40 02:31.460,,0,75 05:49.620,3,0,0,0,67301,0,0,0,N,0,0,0,1,67301,0,,6,,1,N,N,N,0,,1,0,0,,0,,,2,1,0,0,0,0,0,2,0,2,3,3,,N,,,,,,,,,,,1,0,0,0,0,0,0,0,0,0,0,0,0,0,0,0,0,0,0,0,0,0,0,0,0,0,0,0,0,0,0,0,0,0,0,0,0,0,0,0,0,0,1,0,0,0,0,0,0,0,0,0,0,0,0,1,0,0,1,1,0,0,0,0,0,0,0,1,1,0,0,0,0,0,1,0,1,0,0,0,0,0,0,0,0,0,0,0,0,1,0,0,0,0,0,0,0,0,0,0,0,0,0,1,1,0,0,0,0,1,0,0,0,0,0,0,0,0,0,1,0,1,0,1,0,0,0,0,0
-8376879.046,4864453.916,35702,2024098751,458,1,0,0,0,0,0,0,0,0,7,0,,67,11,2024,7,39.989749,-75.250783,455,6,0,0,0,0,0,0,0,0,,0,0,0,,,0,,2,,39 59:23.096,2,0,75 15:02.818,0,0,0,0,67301,0,0,0,N,0,0,0,1,46104,0,,5,545,1,N,N,N,0,,0,0,0,,2,N,,1,0,0,0,0,0,0,2,0,1,,,,N,,,,,,,,,,,0,1,0,0,0,0,0,0,0,0,0,0,1,0,0,0,0,0,1,0,0,0,0,0,0,0,0,0,0,0,0,0,0,0,0,0,0,0,0,1,0,0,0,0,0,0,0,0,0,0,0,0,0,0,0,1,1,0,0,0,1,0,0,0,0,0,0,0,0,0,0,0,0,0,0,0,0,0,0,0,0,0,0,0,1,0,0,0,0,0,0,0,0,0,0,0,0,0,0,1,1,0,0,0,0,0,1,0,0,0,0,1,0,0,0,0,0,0,0,0,0,1,0,1,0,0,0,0,0
-8365463.451,4873285.275,35703,2024099513,137,2,0,0,0,0,0,0,0,0,1,0,,67,11,2024,6,40.050504,-75.148235,114,6,0,0,0,0,0,1,0,0,,0,0,0,,,1,N,0,,40 03:01.814,,0,75 08:53.646,3,0,0,0,67301,0,0,0,N,0,0,0,2,67301,0,,1,,1,N,N,N,1,,1,0,3,,0,,,6,1,1,0,0,0,0,2,0,6,3,3,,N,,,,,,,,,,,0,0,0,0,0,0,0,0,0,0,0,0,0,0,0,0,0,0,0,0,0,0,0,0,1,0,0,0,0,0,0,0,0,0,0,0,0,0,0,0,0,0,1,0,0,1,0,0,0,0,0,0,0,0,0,1,0,0,1,1,0,0,0,0,0,0,0,0,0,0,0,0,0,0,1,0,1,0,0,0,0,0,0,0,0,0,0,0,0,1,0,0,0,0,0,0,0,0,0,0,0,0,0,0,0,0,1,0,0,1,0,0,0,0,0,0,0,1,0,0,0,1,0,1,0,0,0,0,0
-8366727.039,4865155.719,35704,2024100075,2250,2,0,0,0,0,0,0,0,0,6,0,,67,10,2024,5,39.994579,-75.159586,2250,6,0,0,0,0,0,0,0,0,,0,0,0,,,0,N,0,,39 59:40.484,,0,75 09:34.511,9,0,0,0,67301,0,0,0,N,0,0,0,1,67301,0,,6,,1,N,N,N,0,,0,0,0,,0,,,2,0,0,0,0,0,1,2,0,2,3,3,,N,,,,,,,,,,,1,1,0,0,0,0,0,0,0,0,0,0,0,1,0,0,0,0,1,0,0,0,0,0,0,0,0,0,0,0,0,0,0,0,0,0,0,0,0,0,0,0,1,0,0,1,0,0,0,0,0,1,0,0,0,0,1,0,0,0,0,0,0,0,0,0,0,0,0,0,0,0,0,0,1,0,1,0,0,0,0,0,0,0,0,0,0,0,0,0,0,0,0,0,0,0,0,0,0,0,0,0,0,1,1,0,1,0,0,0,0,0,0,0,0,0,0,0,0,0,0,1,0,1,0,0,0,0,0
-8350814.581,4880149.092,35705,2024100644,18,2,0,0,0,0,0,0,0,0,1,0,,67,11,2024,1,40.097686,-75.016642,15,6,0,0,0,0,0,0,0,0,,0,0,0,,,1,N,0,,40 05:51.670,,0,75 00:59.910,3,0,0,0,67301,0,0,0,N,0,0,0,1,67301,0,,6,,1,N,N,N,0,,1,0,0,,0,,,2,1,0,0,0,0,0,2,0,2,3,3,,N,,,,,,,,,,,0,0,0,0,0,0,0,0,0,0,0,0,0,0,0,0,0,0,0,0,0,0,0,0,0,0,0,0,0,0,0,0,0,0,0,0,0,0,0,0,0,0,1,0,0,0,0,0,0,0,0,0,0,0,0,1,0,0,1,1,0,0,0,0,0,0,0,1,1,0,0,0,0,0,1,0,1,0,0,0,0,0,0,0,0,0,0,0,0,1,0,0,0,0,0,0,0,0,0,0,0,0,0,0,0,0,0,0,0,1,0,0,0,0,0,0,0,0,0,0,0,1,0,1,0,0,0,0,0
-8371280.341,4859577.835,35706,2024099304,1434,1,0,0,0,0,0,0,0,0,7,0,,67,11,2024,1,39.956181,-75.200489,1430,6,0,0,0,0,0,0,0,0,,0,0,0,,,1,N,0,,39 57:22.250,,0,75 12:01.760,3,0,0,0,67301,0,0,0,N,0,0,0,2,67504,0,,4,,1,N,N,N,0,,1,0,0,,0,,,1,1,0,0,0,0,0,2,0,1,3,3,,N,,,,,,,,,,,0,0,0,0,0,0,0,0,0,0,0,0,0,0,0,0,0,1,0,0,0,0,0,0,0,0,0,0,0,0,0,0,0,0,0,0,0,0,0,1,0,0,0,1,0,0,0,0,0,1,0,0,0,0,0,0,0,0,1,1,0,0,0,1,0,0,0,1,1,0,0,0,0,0,0,0,1,0,0,0,0,0,0,0,0,0,0,0,0,0,0,0,0,0,0,0,0,0,0,0,1,0,0,0,0,0,0,0,0,1,0,1,0,0,0,0,0,0,0,0,0,1,0,0,0,0,0,0,0
-8371124.383,4856792.39,35707,2024086433,,0,0,0,0,0,0,0,0,0,4,0,,67,8,2024,3,39.936998,-75.199088,,6,0,0,0,0,0,0,0,1,,0,0,0,,,1,,2,,39 56:13.191,,0,75 11:56.715,8,0,0,0,67301,0,0,0,N,0,0,0,2,0,0,,1,,1,,,N,1,,0,0,0,,2,,,2,1,1,0,0,1,0,2,1,2,3,,,N,,,,,,,,,,,0,0,1,0,0,0,0,0,0,0,0,0,0,0,0,0,0,0,0,0,0,0,0,0,0,0,1,0,0,0,0,0,0,0,0,0,0,0,0,0,0,0,0,0,0,0,0,0,0,0,0,0,0,0,0,0,0,0,1,1,1,0,0,0,0,0,0,1,0,0,0,1,0,0,1,0,0,0,0,0,0,0,0,0,0,0,0,0,0,0,0,0,0,0,0,0,0,0,0,1,0,0,0,0,0,0,1,0,0,0,0,0,0,0,0,0,0,1,0,0,0,1,0,0,0,0,0,0,0
-8349768.512,4876020.079,35708,2024099234,1555,1,0,0,0,0,0,0,0,0,1,0,,67,11,2024,3,40.069307,-75.007245,1537,6,0,0,0,0,0,0,1,1,,0,0,0,,,1,,1,,40 04:09.505,2,0,75 00:26.083,3,0,0,0,67301,0,0,0,N,0,0,0,4,67301,0,,1,1655,1,N,N,N,0,,1,0,3,,2,N,,4,1,0,0,0,0,1,2,0,4,3,3,,N,,,,,,,,,,,0,0,0,0,0,0,0,0,0,0,0,0,0,0,0,0,0,0,0,0,0,0,0,0,0,1,1,0,0,0,0,0,0,0,0,0,0,0,0,0,0,0,0,0,0,0,0,0,0,0,0,0,0,0,0,0,0,0,1,1,1,0,0,0,0,0,0,0,0,0,0,1,0,0,1,0,0,0,0,0,0,0,0,0,0,0,0,0,0,1,0,0,0,0,0,0,0,0,0,1,0,0,0,0,0,0,1,0,0,1,0,0,0,0,0,0,0,0,0,0,0,1,0,1,0,0,0,0,0